SourceRow,OriginalRecIdx,Date,Monkey,ROI,StimElec,NeuroType,Z3D_v_Z2D,P_MonoL,P_MonoR,Combined_AI,CombinedCuePreference,SpeedRank_2D,SpeedDegPerSec_2D,SpeedLabel_2D,IsMatchedSlowSpeed,T_L,T_R,A_L,A_R,R_L,R_R,L_L,L_R,N_T_L,N_T_R,N_A_L,N_A_R,N_R_L,N_R_R,N_L_L,N_L_R,TDI_Numerator,TDI_Denominator,TDI,ADI_Numerator,ADI_Denominator,ADI,Valid_TDI,Valid_ADI,Complete_AllEightMetrics
26,26,17-Jan-2023,Jim,FST,14,3D,3.6349554612156,1.05853180165493e-07,1.40109947158687e-05,0.798062336607035,Toward,1,4.166667,slow (~4.2 deg/s),1,63.7229618394039,69.4242363536364,32.384572164758,34.092844108303,36.5504944801639,29.7070554763512,27.9084209099152,33.4615936446067,NaN,NaN,NaN,NaN,7,7,7,8,63.1351100682697,203.159286317811,0.31076654782841,8.86193988679459,124.092892659327,0.0714137586519423,1,1,1
69,70,20-Dec-2023,Jim,FST,14,3D,2.12145682435055,0.0170074305584235,0.000132588479642057,-0.755695882015947,Away,1,4.166667,slow (~4.2 deg/s),1,19.2766837659894,23.655132291579,36.0011011601194,49.2043385267285,25.9281209175227,31.3749706453345,31.7254206506673,25.1817851590839,NaN,NaN,NaN,NaN,10,10,10,11,-8.17809001903814,94.041722134175,-0.086962359189573,22.1050483908461,148.30583098285,0.149050433447909,1,1,1
73,74,11-Jan-2024,Jim,FST,1,3D,2.04405692357126,0.00356925666315244,0.0028835074971996,-0.345902532980025,Away,1,4.166667,slow (~4.2 deg/s),1,39.190764150548,34.0715788595524,51.1898999239809,57.17510002334,42.2552595816625,47.7855634426031,48.2837401862761,35.534282717988,NaN,NaN,NaN,NaN,10,10,10,9,-4.5271992895501,151.051885309751,-0.0299711538208643,12.2956963184418,204.4343035762,0.0601449761774384,1,1,1
84,85,05-Mar-2024,Jim,FST,12,3D,1.32570984188196,7.43307877340434e-09,0.00024016417714909,0.542033518417699,Toward,1,4.166667,slow (~4.2 deg/s),1,41.1156053847199,34.1391275829896,24.2628098579082,25.7767568823436,15.5935285009423,19.5707764962733,14.8442717525267,17.6462369490731,NaN,NaN,NaN,NaN,10,10,10,9,42.0149675176941,108.494498417725,0.387254359718115,15.6245184914518,84.4546149890518,0.185004910548432,1,1,1
87,88,12-Mar-2024,Jim,FST,13,3D,1.41783713168159,8.86668904663844e-10,3.67919053738697e-06,-0.84038893330634,Away,1,4.166667,slow (~4.2 deg/s),1,8.96900551947189,7.72477692976719,25.5505904068096,18.6320501844108,8.52659990397148,10.1668990652681,11.2532304223337,8.76691912737201,NaN,NaN,NaN,NaN,10,10,9,11,-0.599736582104407,33.9873014805826,-0.0176459017332413,22.7625111036187,65.6027700788221,0.346974846889383,1,1,1
104,106,12-Jun-2024,Jim,FST,4,3D,0.346342598580794,1.24875288078339e-16,0.00149571545547598,0.879314122159244,Toward,1,4.166667,slow (~4.2 deg/s),1,96.1371843346735,70.381316207465,43.182752992206,43.6733127221528,99.7854641558647,61.3063071335347,40.5362280632268,44.6577672877299,NaN,NaN,NaN,NaN,10,10,10,10,22.0752690985439,310.961731985733,0.0709903078992263,-14.9864694824028,188.69860091112,-0.0794201409551606,1,1,1
106,108,14-Jun-2024,Jim,FST,11,3D,1.45045417779309,4.98687351454144e-05,7.63789953276369e-06,0.345509258479834,Toward,1,4.166667,slow (~4.2 deg/s),1,66.7146707741586,63.9362711824605,56.5776363834574,55.4289925818159,61.2271705724221,67.2109411191114,63.7341823657786,69.8986987448234,NaN,NaN,NaN,NaN,8,8,7,8,-0.474927360626495,261.776811273865,-0.00181424534249383,-18.9384945196166,242.951752450163,-0.0779516687104426,1,1,1
111,113,28-Jun-2024,Jim,FST,5,3D,1.18810456265272,0.000193041102615582,2.97106199361573e-08,-0.668412911992148,Away,1,4.166667,slow (~4.2 deg/s),1,37.9150381022092,37.2941678056205,58.3272305380031,65.3003463490738,37.2457277786804,36.2811996697496,31.7252162040704,30.0012966233058,NaN,NaN,NaN,NaN,10,10,10,10,7.96218150584352,142.456230309816,0.055892125521834,55.621161013257,191.633992760897,0.290246840927934,1,1,1
114,116,17-Jul-2024,Jim,FST,16,3D,3.46137442461237,0.00247300547090731,0.00029413823632494,0.626278793836331,Toward,1,4.166667,slow (~4.2 deg/s),1,28.6398069304125,30.4035345035346,21.9304799204547,19.0283870992866,24.955858285788,16.1874553445117,18.1416181140066,21.1528195814149,NaN,NaN,NaN,NaN,8,8,8,9,12.9346635667442,105.15201930115,0.12300917902204,6.62979356122291,75.2879404782597,0.0880591701553763,1,1,1
118,120,02-Aug-2024,Jim,FST,2,3D,4.14594489174583,5.25907326839299e-07,1.18189361774294e-07,0.858614170752659,Toward,1,4.166667,slow (~4.2 deg/s),1,28.1302179748,27.2688065695317,17.1719976280763,13.136122414596,27.56535179974,14.3583776539301,15.242134126957,25.6041739353798,NaN,NaN,NaN,NaN,10,10,10,10,2.22949880921178,108.568550279452,0.0205354018587624,0.707608261785117,59.9086318235593,0.0118114575520459,1,1,1
122,124,16-Aug-2024,Jim,FST,5,3D,2.66751583367,7.35915625291353e-05,0.00100501149531017,0.70804774448872,Toward,1,4.166667,slow (~4.2 deg/s),1,55.4166871231533,46.3285057452091,40.6444341520409,33.9863934943252,41.2789652559513,26.9401694726096,35.0725352235258,42.7941088522852,NaN,NaN,NaN,NaN,10,9,10,10,17.672118760126,185.818266976599,0.0951043137344053,12.6181229502307,136.643532342502,0.0923433603765667,1,1,1
128,130,13-Nov-2024,Jim,FST,7,3D,1.99234024075083,5.28644202032631e-09,0.00107163408625142,0.758527397223663,Toward,1,4.166667,slow (~4.2 deg/s),1,39.63011668832,24.7641563950106,15.6594016704552,21.9656501886097,28.9054013097552,25.5127999628705,16.8389620279872,18.6974321788314,NaN,NaN,NaN,NaN,10,10,10,10,16.791439594744,111.997106571917,0.14992744106261,-4.72671013179278,79.9768138499226,-0.0591010057072604,1,1,1
132,134,25-Nov-2024,Jim,FST,10,3D,1.19636508535913,6.21981645462923e-17,0.0211529888058379,-0.844877724144405,Away,1,4.166667,slow (~4.2 deg/s),1,24.6464284255437,26.82804788933,54.5878195528546,31.6993230356985,20.2203061592021,35.8545233914546,49.1366678406118,27.5592329148508,NaN,NaN,NaN,NaN,10,11,10,10,3.69493724082082,99.2540153889265,0.0372270807013925,1.2959513564868,171.278333820619,0.00756634728735777,1,1,1
133,135,27-Nov-2024,Jim,FST,14,3D,1.58678158032284,6.8680877265003e-06,6.11187592482096e-09,0.545809929416302,Toward,1,4.166667,slow (~4.2 deg/s),1,30.712574177528,36.319006779306,21.5263580406023,18.1164349406557,14.9456188036728,13.9520075079168,24.2958918631616,28.6727361720434,NaN,NaN,NaN,NaN,10,10,10,10,23.4132259811179,110.64993593255,0.21159728456951,1.39489361017961,77.8906923523364,0.0179083478147793,1,1,1
137,139,27-Dec-2024,Jim,FST,4,3D,5.45276104148318,2.88803417202345e-09,2.23650781317873e-05,-0.667029016531026,Away,1,4.166667,slow (~4.2 deg/s),1,29.8022356735062,31.4679023250504,65.8594061845856,60.5719922589791,42.5858299948313,42.8407251696893,30.7257072677955,34.4099915600193,NaN,NaN,NaN,NaN,10,10,10,10,-15.725683556294,138.265959553407,-0.113735033605431,52.8649660060799,199.997830881049,0.264327696821481,1,1,1
139,141,17-Jan-2025,Jim,FST,1,3D,0.942345144327153,0.0457760169189041,2.2953402884475e-17,-0.768706957458634,Away,1,4.166667,slow (~4.2 deg/s),1,31.9012371575734,19.6155409628248,64.2388942029476,90.5443816342825,54.7397215926656,54.9843809960599,43.2252346184959,28.5730707835301,NaN,NaN,NaN,NaN,10,10,11,10,-31.7960142557975,134.829570496594,-0.235823745033741,56.5736602226744,252.992891451786,0.223617588217714,1,1,1
151,153,23-Jul-2024,Clay,FST,15,3D,0.333007142684771,0.0146021000647744,7.58762849191692e-15,-0.746218752010949,Away,1,4.166667,slow (~4.2 deg/s),1,33.6893390966872,18.7579409503173,38.8821352326288,64.7776780045101,38.2990284269935,40.8008279525272,21.1051556341257,14.9209706272862,NaN,NaN,NaN,NaN,8,8,8,8,-0.772719007275111,105.667279101284,-0.0073127557920219,41.753829650486,165.565796823792,0.252188739772888,1,1,1
158,160,20-Aug-2024,Clay,FST,4,3D,1.85050726958588,2.81673109243859e-12,5.71183182054888e-12,0.780721403290405,Toward,1,4.166667,slow (~4.2 deg/s),1,40.3252613892848,46.6615712910087,21.8846134422683,27.2628650292554,28.3777167502071,27.4067600866632,28.6074837027728,28.9239466180984,NaN,NaN,NaN,NaN,8,8,8,8,29.6851693119879,144.288496048599,0.205734830737922,-6.86676531791232,105.16172226096,-0.0652971934110435,1,1,1
160,162,29-Aug-2024,Clay,FST,13,3D,2.83575562702507,0.00030155067741074,0.0167970826993435,-0.599751888916851,Away,1,4.166667,slow (~4.2 deg/s),1,29.3700236002369,31.8534648877879,46.1131069236955,31.6704659310098,27.9429434061418,38.9753634813282,50.7560483236727,33.7090545025614,NaN,NaN,NaN,NaN,9,9,9,9,-0.428509420678409,122.875486396728,-0.00348734668927276,-11.9478389502956,167.514984659706,-0.0713240011009567,1,1,1
181,184,14-Feb-2025,Clay,FST,9,3D,1.06104466175662,1.23973776479583e-18,4.08344825741913e-06,0.894163985374049,Toward,1,4.166667,slow (~4.2 deg/s),1,116.528130917193,96.9556118445691,45.5633807307477,52.5534365052434,87.2971267074957,90.5539541901166,65.0607655247821,76.4073467997731,NaN,NaN,NaN,NaN,8,8,8,8,49.7792692544934,377.188216269031,0.131974614018663,-57.4979024789075,253.73153695089,-0.226609207392443,1,1,1
188,191,27-Mar-2025,Clay,FST,11,3D,1.66611815916373,0.00684506868061994,0.0362922990631533,0.473742433965768,Toward,1,4.166667,slow (~4.2 deg/s),1,18.9177733646657,13.4123536611932,9.09318853122473,11.2120815894619,12.8304297499154,7.84428354634652,9.97310467484286,8.92745150774594,NaN,NaN,NaN,NaN,5,6,6,6,10.5722457681975,54.0880082835202,0.195463765513043,2.48788189949721,38.122658341876,0.0652599269753542,1,1,1
193,196,17-Apr-2025,Clay,FST,8,3D,1.64468744946149,0.00327531306985624,0.000231002394011379,0.832076311371293,Toward,1,4.166667,slow (~4.2 deg/s),1,14.2672633887793,19.4247615156471,4.97150804898311,7.65382092104821,4.12463685269702,6.92173957427314,8.29054277117194,10.1022143473271,NaN,NaN,NaN,NaN,5,4,4,6,19.4651737044023,47.9188761044505,0.406210981701102,-2.58695337541377,27.8376113154764,-0.0929301492896247,1,1,1
198,201,07-May-2025,Clay,FST,8,3D,2.56406045812627,1.34022845970631e-16,6.39362690898944e-26,0.906222056060747,Toward,1,4.166667,slow (~4.2 deg/s),1,96.8541047689084,81.010036353644,13.4502169050197,20.1102234195467,38.9764381640111,34.9496353500489,26.928395595373,39.3695942230398,NaN,NaN,NaN,NaN,6,6,7,7,99.5181087355015,256.210173509603,0.388423720152437,-28.3175906208554,95.4384712699883,-0.296710438086829,1,1,1
201,204,13-May-2025,Clay,FST,8,3D,3.34833912812489,2.70101612348351e-14,3.2928171570811e-18,0.839348329305942,Toward,1,4.166667,slow (~4.2 deg/s),1,45.1842237731795,43.5166178109308,10.5281155614388,13.4732324951584,27.3726488792443,23.5601545939049,17.9611169470119,28.0471969525313,NaN,NaN,NaN,NaN,8,8,8,8,33.2809957523348,144.120687415886,0.230924486616529,-17.5199234843196,65.522619597514,-0.267387408988519,1,1,1
204,207,16-May-2025,Clay,FST,3,3D,6.10314264102914,0.00767819281947096,1.02061770674584e-05,0.680606067337311,Toward,1,4.166667,slow (~4.2 deg/s),1,64.8676887777909,77.6568789323987,50.7982589552984,56.6512454261944,68.716128701104,65.4557945707397,63.4254898253411,69.8754423160904,NaN,NaN,NaN,NaN,9,10,9,9,3.93299669299519,281.116138727384,0.0139906471069214,-21.4317800145879,236.330788777574,-0.0906855180632379,1,1,1
205,208,27-May-2025,Clay,FST,3,3D,2.73638102599388,5.81597350392906e-05,0.00959227852876393,-0.792630226033955,Away,1,4.166667,slow (~4.2 deg/s),1,11.5988032363431,15.8217196504619,24.8995647118083,25.927343184741,13.2097528236044,18.0821479122814,17.4377332923782,17.297408903076,NaN,NaN,NaN,NaN,6,6,8,6,-3.08663883987539,57.9276846134854,-0.053284346862309,15.3070266918897,86.3467891012089,0.177273837871933,1,1,1
207,210,29-May-2025,Clay,FST,13,3D,1.9562570592772,1.99989988656722e-07,6.89533952095678e-12,-0.135648406037732,Away,1,4.166667,slow (~4.2 deg/s),1,32.3886891055251,28.3718426668753,35.7326433455894,48.0639398928168,28.7981066687257,26.9480598662096,19.4285395293164,27.4686667115262,NaN,NaN,NaN,NaN,8,8,8,8,4.49375839214851,117.027305152652,0.0383992298744877,37.4199838428801,130.173182633932,0.287463078690417,1,1,1
214,217,08-Aug-2025,Clay,FST,7,3D,3.04633316997463,3.91556616019224e-12,1.9420240965506e-07,-0.645189686656476,Away,1,4.166667,slow (~4.2 deg/s),1,7.87243945305943,19.1611390105515,32.3114801123614,20.1975810009126,9.37776781379189,7.69940237570408,12.5078514272401,17.9654889326479,NaN,NaN,NaN,NaN,9,9,9,9,-0.309678282828813,54.3768352100507,-0.00569504057440204,32.3018073103299,72.7163149162182,0.444216780615838,1,1,1
216,219,14-Aug-2025,Clay,FST,5,3D,4.69699903578292,2.9571461827701e-07,4.68677336306616e-07,0.794472044137259,Toward,1,4.166667,slow (~4.2 deg/s),1,43.5446955932481,41.9380260314676,25.3670073561121,19.0176711276225,29.3967726506008,18.7400768891484,21.60086078473,25.0900495575722,NaN,NaN,NaN,NaN,6,7,8,7,30.9958994165427,139.969543832889,0.221447456123377,4.04374080985617,84.725616157613,0.0477274877804807,1,1,1
233,236,31-Oct-2025,Clay,FST,2,3D,1.46251925496241,1.8493304133705e-11,0.00647975767992762,0.796946223793108,Toward,1,4.166667,slow (~4.2 deg/s),1,69.0533739510085,63.1597033107368,22.2294596227637,29.4470784731518,40.3659237252232,35.7190227157587,25.1913397809192,40.2327785508614,NaN,NaN,NaN,NaN,6,6,6,6,51.6143749856607,212.81177953783,0.242535329095755,-9.23382440076235,112.586900592593,-0.0820150865878779,1,1,1
