MIDTableRow,Monkey,ROI,Tetrode,Unit,Population,OriginalCondition2MonoLMaximum,OriginalCondition3MonoRMaximum,StoredAlignedOD,ReconstructedAlignedOD,Valid,SignMatch,DominantEye,OriginalDominantCondition,DecoderCondition2DominantMaximum,DecoderCondition3NonDominantMaximum,PostSwapDominantGreaterOrEqual
1,Jim,MT,NaN,2,2D,112.190483088869,85.2333661673651,-0.136544379126742,-0.136544379126742,1,1,Left,2,112.190483088869,85.2333661673651,1
3,Jim,MT,2,2,2D,115.956851223664,113.538425527372,-0.0105380194770412,-0.0105380194770412,1,1,Left,2,115.956851223664,113.538425527372,1
5,Jim,MT,1,2,2Donly,62.4179233414917,58.079953386099,-0.0360003850125887,-0.0360003850125887,1,1,Left,2,62.4179233414917,58.079953386099,1
6,Jim,MT,3,2,2D,89.8653844398749,59.5297968109187,-0.203055998024669,-0.203055998024669,1,1,Left,2,89.8653844398749,59.5297968109187,1
7,Jim,MT,1,2,2D,223.927697984793,205.686990334542,-0.0424582961108907,-0.0424582961108907,1,1,Left,2,223.927697984793,205.686990334542,1
8,Jim,MT,1,3,2D,40.9681777241801,40.0462937042353,-0.0113792511842698,-0.0113792511842698,1,1,Left,2,40.9681777241801,40.0462937042353,1
9,Jim,MT,2,2,2D,132.538758162027,103.457945393375,-0.123225504130081,-0.123225504130081,1,1,Left,2,132.538758162027,103.457945393375,1
10,Jim,MT,2,3,2D,164.54092623868,127.782097027329,-0.125747294211242,-0.125747294211242,1,1,Left,2,164.54092623868,127.782097027329,1
11,Jim,MT,3,2,2D,176.52939675658,163.777411706785,-0.0374720244575063,-0.0374720244575063,1,1,Left,2,176.52939675658,163.777411706785,1
12,Jim,MT,3,3,2D,36.2702230998773,34.7679788791431,-0.0211469910398049,-0.0211469910398049,1,1,Left,2,36.2702230998773,34.7679788791431,1
14,Jim,MT,4,3,2Donly,61.2662565234968,69.9196714231338,0.0659629812060135,0.0659629812060135,1,1,Right,3,69.9196714231338,61.2662565234968,1
15,Jim,MT,1,2,3D,45.7540213064771,53.1332809460497,0.0746229239900615,0.0746229239900615,1,1,Right,3,53.1332809460497,45.7540213064771,1
18,Jim,MT,2,3,2Donly,30.2026398694346,31.4888684745695,0.0208493622487322,0.0208493622487322,1,1,Right,3,31.4888684745695,30.2026398694346,1
20,Jim,MT,3,3,3D,23.9830960968837,21.4461362078659,-0.0558442166048362,-0.0558442166048362,1,1,Left,2,23.9830960968837,21.4461362078659,1
25,Jim,MT,3,3,2D,34.7779154870682,29.2442162046847,-0.0864341616899998,-0.0864341616899998,1,1,Left,2,34.7779154870682,29.2442162046847,1
26,Jim,MT,4,2,2D,97.354407054623,80.2855803024487,-0.0960866244482694,-0.0960866244482694,1,1,Left,2,97.354407054623,80.2855803024487,1
27,Jim,MT,4,3,2D,51.9895423786118,42.7779849259303,-0.097201622904854,-0.097201622904854,1,1,Left,2,51.9895423786118,42.7779849259303,1
30,Jim,MT,2,2,2D,47.4275987362415,42.2644796451213,-0.0575649397839476,-0.0575649397839476,1,1,Left,2,47.4275987362415,42.2644796451213,1
38,Jim,MT,4,2,2D,176.692964248991,197.192946509147,0.0548295126141232,0.0548295126141232,1,1,Right,3,197.192946509147,176.692964248991,1
48,Jim,MT,1,2,2Donly,86.2482801596104,99.0068609368249,0.068870319612739,0.068870319612739,1,1,Right,3,99.0068609368249,86.2482801596104,1
50,Jim,MT,2,2,2D,86.8364352695675,93.4035938148575,0.0364356274166702,0.0364356274166702,1,1,Right,3,93.4035938148575,86.8364352695675,1
58,Jim,MT,4,3,3D,60.9378021065025,61.2634908968509,0.00266518284990194,0.00266518284990194,1,1,Right,3,61.2634908968509,60.9378021065025,1
69,Jim,MT,2,3,3D,136.064069994928,156.472417630482,0.0697634260984445,0.0697634260984445,1,1,Right,3,156.472417630482,136.064069994928,1
74,Jim,MT,1,2,2D,259.554940528066,229.961385165505,-0.0604546851846692,-0.0604546851846692,1,1,Left,2,259.554940528066,229.961385165505,1
75,Jim,MT,1,3,2Donly,18.8960304414274,16.568343820183,-0.0656345041949344,-0.0656345041949344,1,1,Left,2,18.8960304414274,16.568343820183,1
78,Jim,MT,3,2,2Donly,128.100177984315,112.123532537306,-0.0665073627091935,-0.0665073627091935,1,1,Left,2,128.100177984315,112.123532537306,1
79,Jim,MT,4,2,2Donly,144.843539455259,167.688236076246,0.0730955967025666,0.0730955967025666,1,1,Right,3,167.688236076246,144.843539455259,1
81,Jim,MT,1,3,2D,73.3943486066303,64.3797737841459,-0.0654301015753591,-0.0654301015753591,1,1,Left,2,73.3943486066303,64.3797737841459,1
82,Jim,MT,2,2,2D,158.784052068334,111.591811598293,-0.174543096525171,-0.174543096525171,1,1,Left,2,158.784052068334,111.591811598293,1
84,Jim,MT,3,2,2D,224.243731881779,210.954021491426,-0.0305371760018185,-0.0305371760018185,1,1,Left,2,224.243731881779,210.954021491426,1
85,Jim,MT,3,3,2D,136.978783917209,177.61803384462,0.1291788334559,0.1291788334559,1,1,Right,3,177.61803384462,136.978783917209,1
86,Jim,MT,4,2,2D,181.83652089551,173.52825526172,-0.0233795417869823,-0.0233795417869823,1,1,Left,2,181.83652089551,173.52825526172,1
87,Jim,MT,4,3,2Donly,57.5139239911186,50.6616608967579,-0.0633438968826752,-0.0633438968826752,1,1,Left,2,57.5139239911186,50.6616608967579,1
92,Jim,MT,1,3,2D,17.2907327817433,13.3903503280309,-0.127126621956507,-0.127126621956507,1,1,Left,2,17.2907327817433,13.3903503280309,1
93,Jim,MT,2,2,2Donly,181.738967496862,157.360341614892,-0.0718922900368875,-0.0718922900368875,1,1,Left,2,181.738967496862,157.360341614892,1
97,Jim,MT,4,2,2Donly,222.108058217138,228.154987563824,0.0134297704494004,0.0134297704494004,1,1,Right,3,228.154987563824,222.108058217138,1
98,Jim,MT,4,3,2Donly,42.7234018540995,44.6716250473181,0.0222921516508744,0.0222921516508744,1,1,Right,3,44.6716250473181,42.7234018540995,1
101,Jim,MT,1,4,2Donly,25.5112893297658,24.9226225870713,-0.0116720420907497,-0.0116720420907497,1,1,Left,2,25.5112893297658,24.9226225870713,1
104,Jim,MT,3,2,2Donly,43.1815194054116,55.8430084011025,0.127862149672961,0.127862149672961,1,1,Right,3,55.8430084011025,43.1815194054116,1
108,Jim,MT,1,3,2Donly,76.545850769549,47.5048003670147,-0.234106392320052,-0.234106392320052,1,1,Left,2,76.545850769549,47.5048003670147,1
113,Jim,MT,2,2,2D,228.050229193329,232.169097107397,0.00894979345429871,0.00894979345429871,1,1,Right,3,232.169097107397,228.050229193329,1
114,Jim,MT,3,2,2D,236.838465048815,140.408747686111,-0.255614128103475,-0.255614128103475,1,1,Left,2,236.838465048815,140.408747686111,1
115,Jim,MT,4,2,2D,221.409647642822,162.041071442306,-0.154827134871888,-0.154827134871888,1,1,Left,2,221.409647642822,162.041071442306,1
119,Jim,MT,3,3,2Donly,20.0108127977131,21.133329064097,0.0272825295555828,0.0272825295555828,1,1,Right,3,21.133329064097,20.0108127977131,1
123,Jim,MT,1,2,2Donly,80.4561355092692,70.3727755314438,-0.0668529654444278,-0.0668529654444278,1,1,Left,2,80.4561355092692,70.3727755314438,1
124,Jim,MT,1,3,2D,69.1030747353816,38.2261472949568,-0.287684256499101,-0.287684256499101,1,1,Left,2,69.1030747353816,38.2261472949568,1
125,Jim,MT,1,4,3D,31.5572358038171,32.5696367827706,0.0157874684686446,0.0157874684686446,1,1,Right,3,32.5696367827706,31.5572358038171,1
126,Jim,MT,2,2,2D,100.447675399437,97.352973841269,-0.0156455581417355,-0.0156455581417355,1,1,Left,2,100.447675399437,97.352973841269,1
127,Jim,MT,2,3,2D,26.9295277360064,29.6390339998493,0.0478977400290788,0.0478977400290788,1,1,Right,3,29.6390339998493,26.9295277360064,1
128,Jim,MT,3,2,2Donly,31.2488666076023,30.3414788454121,-0.0147326298548265,-0.0147326298548265,1,1,Left,2,31.2488666076023,30.3414788454121,1
133,Jim,MT,1,2,2D,107.653157566321,92.5737299542424,-0.0753117016341291,-0.0753117016341291,1,1,Left,2,107.653157566321,92.5737299542424,1
134,Jim,MT,1,3,2D,65.2444271865448,73.621817898685,0.0603270485710806,0.0603270485710806,1,1,Right,3,73.621817898685,65.2444271865448,1
135,Jim,MT,2,2,2D,221.628145840689,181.415081928493,-0.0997735754915726,-0.0997735754915726,1,1,Left,2,221.628145840689,181.415081928493,1
137,Jim,MT,3,2,2D,190.252625138687,197.767352377039,0.0193668565378121,0.0193668565378121,1,1,Right,3,197.767352377039,190.252625138687,1
138,Jim,MT,4,2,3D,123.685526907409,120.291978187814,-0.0139092688822689,-0.0139092688822689,1,1,Left,2,123.685526907409,120.291978187814,1
148,Jim,MT,1,2,2D,106.804143318767,98.8736200038231,-0.038558000567641,-0.038558000567641,1,1,Left,2,106.804143318767,98.8736200038231,1
149,Jim,MT,2,2,2Donly,118.161441865935,99.0337412081714,-0.0880668732475416,-0.0880668732475416,1,1,Left,2,118.161441865935,99.0337412081714,1
151,Jim,MT,1,2,2D,238.612192842024,204.063078523621,-0.0780461809213324,-0.0780461809213324,1,1,Left,2,238.612192842024,204.063078523621,1
152,Jim,MT,2,2,2D,205.633053913513,202.992593132345,-0.0064618087490528,-0.0064618087490528,1,1,Left,2,205.633053913513,202.992593132345,1
154,Jim,MT,4,2,2D,279.445585963101,274.167571598436,-0.00953375889386887,-0.00953375889386887,1,1,Left,2,279.445585963101,274.167571598436,1
160,Jim,MT,3,2,2Donly,156.885095441402,139.184573494969,-0.0597849891548244,-0.0597849891548244,1,1,Left,2,156.885095441402,139.184573494969,1
162,Jim,MT,1,3,2D,88.9668426659723,87.6709629632293,-0.00733636662959485,-0.00733636662959485,1,1,Left,2,88.9668426659723,87.6709629632293,1
163,Jim,MT,1,4,2D,17.2268974558201,20.8198390181621,0.0944349475230015,0.0944349475230015,1,1,Right,3,20.8198390181621,17.2268974558201,1
164,Jim,MT,1,5,2Donly,44.6928542672052,58.770879708718,0.136067246952337,0.136067246952337,1,1,Right,3,58.770879708718,44.6928542672052,1
165,Jim,MT,2,2,2Donly,164.281954750667,152.941810164794,-0.0357480927978222,-0.0357480927978222,1,1,Left,2,164.281954750667,152.941810164794,1
171,Jim,MT,1,2,2D,117.24154460004,133.681451339801,0.0655177365397891,0.0655177365397891,1,1,Right,3,133.681451339801,117.24154460004,1
172,Jim,MT,2,2,2Donly,80.5821139310601,76.416519633707,-0.0265326786785989,-0.0265326786785989,1,1,Left,2,80.5821139310601,76.416519633707,1
173,Jim,MT,2,4,2D,15.7840664384022,16.8409933162368,0.0323961668050075,0.0323961668050075,1,1,Right,3,16.8409933162368,15.7840664384022,1
174,Jim,MT,3,3,2Donly,82.2748536871153,82.9462005335839,0.00406332503829588,0.00406332503829588,1,1,Right,3,82.9462005335839,82.2748536871153,1
175,Jim,MT,3,5,2D,35.4725409809967,38.0040355855639,0.034453083184598,0.034453083184598,1,1,Right,3,38.0040355855639,35.4725409809967,1
176,Jim,MT,4,2,2Donly,58.8737464618095,57.3952529269573,-0.0127161456847892,-0.0127161456847892,1,1,Left,2,58.8737464618095,57.3952529269573,1
185,Jim,MT,2,3,2Donly,59.8144924150375,48.1113072367179,-0.108437326534362,-0.108437326534362,1,1,Left,2,59.8144924150375,48.1113072367179,1
193,Jim,MT,8,2,3D,40.6696677107777,42.0754881874814,0.016989761653627,0.016989761653627,1,1,Right,3,42.0754881874814,40.6696677107777,1
194,Clay,MT,3,2,2D,35.0062650370445,26.2530344570224,-0.142888192524465,-0.142888192524465,1,1,Left,2,35.0062650370445,26.2530344570224,1
195,Clay,MT,3,3,2Donly,44.6951347777437,48.7043992709797,0.042925958186735,0.042925958186735,1,1,Right,3,48.7043992709797,44.6951347777437,1
196,Clay,MT,3,4,2D,18.275450532103,15.4372977428348,-0.0841863370533349,-0.0841863370533349,1,1,Left,2,18.275450532103,15.4372977428348,1
200,Clay,MT,5,3,2Donly,61.9098267381399,62.3487335621681,0.00353220593388049,0.00353220593388049,1,1,Right,3,62.3487335621681,61.9098267381399,1
211,Clay,MT,3,2,2D,97.6591510048442,94.4567381247816,-0.0166691724176018,-0.0166691724176018,1,1,Left,2,97.6591510048442,94.4567381247816,1
212,Clay,MT,3,3,2Donly,68.9504171136977,71.5924729458053,0.0187989291453232,0.0187989291453232,1,1,Right,3,71.5924729458053,68.9504171136977,1
218,Clay,MT,5,2,2Donly,19.2702085963482,19.3486582316786,0.00203138107805564,0.00203138107805564,1,1,Right,3,19.3486582316786,19.2702085963482,1
219,Clay,MT,2,3,2Donly,42.7694361130063,40.3782890345673,-0.0287578171765389,-0.0287578171765389,1,1,Left,2,42.7694361130063,40.3782890345673,1
220,Clay,MT,4,2,2Donly,31.5909754216138,34.5360979022602,0.0445373178126584,0.0445373178126584,1,1,Right,3,34.5360979022602,31.5909754216138,1
221,Clay,MT,5,3,2D,35.8066530977598,26.9844349113657,-0.140501119921858,-0.140501119921858,1,1,Left,2,35.8066530977598,26.9844349113657,1
222,Clay,MT,5,4,2Donly,16.5220890760689,11.1845711827097,-0.192643856874378,-0.192643856874378,1,1,Left,2,16.5220890760689,11.1845711827097,1
223,Clay,MT,1,2,2Donly,8.00851397946421,10.5094611632518,0.135055110751206,0.135055110751206,1,1,Right,3,10.5094611632518,8.00851397946421,1
224,Clay,MT,2,2,2Donly,21.3938470632221,24.5583983464751,0.0688660859777104,0.0688660859777104,1,1,Right,3,24.5583983464751,21.3938470632221,1
226,Clay,MT,3,5,2Donly,34.3271530390618,34.72922671906,0.00582239731371029,0.00582239731371029,1,1,Right,3,34.72922671906,34.3271530390618,1
231,Clay,MT,5,3,2Donly,15.7640232298666,12.2634475084807,-0.124898024301435,-0.124898024301435,1,1,Left,2,15.7640232298666,12.2634475084807,1
232,Clay,MT,6,3,2Donly,13.0927250379016,10.2077218755426,-0.123817503289789,-0.123817503289789,1,1,Left,2,13.0927250379016,10.2077218755426,1
233,Clay,MT,7,2,2D,21.4926477737998,15.8343312666367,-0.151587850199004,-0.151587850199004,1,1,Left,2,21.4926477737998,15.8343312666367,1
234,Clay,MT,1,2,2Donly,56.7271499972115,57.2863094204691,0.00490432819171961,0.00490432819171961,1,1,Right,3,57.2863094204691,56.7271499972115,1
235,Clay,MT,1,3,2Donly,9.4743748342062,9.26723127385815,-0.011052604518186,-0.011052604518186,1,1,Left,2,9.4743748342062,9.26723127385815,1
236,Clay,MT,1,4,2D,93.4159012686811,104.158613074593,0.0543729632418457,0.0543729632418457,1,1,Right,3,104.158613074593,93.4159012686811,1
240,Clay,MT,3,2,2D,24.8626256901223,25.9228988884206,0.0208774686704,0.0208774686704,1,1,Right,3,25.9228988884206,24.8626256901223,1
241,Clay,MT,3,3,2Donly,59.993498424461,65.2544161171935,0.0420040342546616,0.0420040342546616,1,1,Right,3,65.2544161171935,59.993498424461,1
242,Clay,MT,3,4,2Donly,73.9815179157913,84.7113439021676,0.0676137909636086,0.0676137909636086,1,1,Right,3,84.7113439021676,73.9815179157913,1
243,Clay,MT,3,5,2Donly,27.5703615912312,31.0937379075168,0.0600601789917664,0.0600601789917664,1,1,Right,3,31.0937379075168,27.5703615912312,1
244,Clay,MT,4,2,2Donly,51.2382985814953,53.5713146884364,0.0222595622114595,0.0222595622114595,1,1,Right,3,53.5713146884364,51.2382985814953,1
245,Clay,MT,4,3,2D,96.6590213895145,82.3189820219552,-0.0801217976188483,-0.0801217976188483,1,1,Left,2,96.6590213895145,82.3189820219552,1
246,Clay,MT,4,4,2Donly,50.6139806256746,50.8243893759748,0.00207425208327688,0.00207425208327688,1,1,Right,3,50.8243893759748,50.6139806256746,1
247,Clay,MT,5,2,2D,23.6924362899112,26.3147688595003,0.052439094761527,0.052439094761527,1,1,Right,3,26.3147688595003,23.6924362899112,1
248,Clay,MT,5,4,2D,80.2204597800228,79.9008437549741,-0.00199608682912614,-0.00199608682912614,1,1,Left,2,80.2204597800228,79.9008437549741,1
250,Clay,MT,6,3,2D,17.6682719735066,16.6341665145332,-0.0301467039824006,-0.0301467039824006,1,1,Left,2,17.6682719735066,16.6341665145332,1
256,Clay,MT,2,4,2Donly,11.22520489885,12.6857889081847,0.0610842034054224,0.0610842034054224,1,1,Right,3,12.6857889081847,11.22520489885,1
257,Clay,MT,3,2,2D,42.9231380992172,51.3408294621323,0.0892991413440839,0.0892991413440839,1,1,Right,3,51.3408294621323,42.9231380992172,1
274,Clay,MT,2,5,2D,46.0771279794715,43.6190714145327,-0.0274042443441933,-0.0274042443441933,1,1,Left,2,46.0771279794715,43.6190714145327,1
275,Clay,MT,3,2,2D,11.1690961324742,14.9322251833992,0.144173890868753,0.144173890868753,1,1,Right,3,14.9322251833992,11.1690961324742,1
276,Clay,MT,3,3,2Donly,59.4395494980291,73.6685989262563,0.10689841002725,0.10689841002725,1,1,Right,3,73.6685989262563,59.4395494980291,1
277,Clay,MT,3,4,2Donly,22.7680955834746,27.8421291908438,0.100257085005952,0.100257085005952,1,1,Right,3,27.8421291908438,22.7680955834746,1
281,Clay,MT,4,5,2Donly,37.4642892988077,43.8991046471552,0.0790873516488402,0.0790873516488402,1,1,Right,3,43.8991046471552,37.4642892988077,1
284,Clay,MT,5,3,2D,45.5994585482821,59.2132626482671,0.129886944490791,0.129886944490791,1,1,Right,3,59.2132626482671,45.5994585482821,1
285,Clay,MT,5,4,2D,73.6527694609284,64.9352902284467,-0.0629020945384517,-0.0629020945384517,1,1,Left,2,73.6527694609284,64.9352902284467,1
292,Clay,MT,7,3,2D,30.8493047239043,27.3095707048542,-0.0608631785424747,-0.0608631785424747,1,1,Left,2,30.8493047239043,27.3095707048542,1
293,Clay,MT,7,4,2D,121.5968527184,119.557893042587,-0.00845498465882958,-0.00845498465882958,1,1,Left,2,121.5968527184,119.557893042587,1
294,Clay,MT,8,3,2Donly,49.8275290872732,51.2988535151141,0.0145493627872153,0.0145493627872153,1,1,Right,3,51.2988535151141,49.8275290872732,1
296,Clay,MT,3,2,2D,41.5480719597202,43.9154738600816,0.0277007217247109,0.0277007217247109,1,1,Right,3,43.9154738600816,41.5480719597202,1
297,Clay,MT,3,3,2D,55.5427557028359,59.5848883691205,0.0351100094062398,0.0351100094062398,1,1,Right,3,59.5848883691205,55.5427557028359,1
298,Clay,MT,4,2,3D,32.7065582192194,43.893842500965,0.146047333650537,0.146047333650537,1,1,Right,3,43.893842500965,32.7065582192194,1
300,Clay,MT,4,4,2D,23.79344373552,30.916494723979,0.130196655105582,0.130196655105582,1,1,Right,3,30.916494723979,23.79344373552,1
301,Clay,MT,5,2,2D,42.9147609539301,58.0916821556547,0.15025696118473,0.15025696118473,1,1,Right,3,58.0916821556547,42.9147609539301,1
302,Clay,MT,5,3,2D,66.7661393267068,77.9551264503396,0.0773140496219141,0.0773140496219141,1,1,Right,3,77.9551264503396,66.7661393267068,1
303,Clay,MT,5,4,2Donly,41.4952103080508,37.8299136200174,-0.046206000148921,-0.046206000148921,1,1,Left,2,41.4952103080508,37.8299136200174,1
307,Clay,MT,6,4,2D,7.57349487788744,10.7048454085338,0.171314817515056,0.171314817515056,1,1,Right,3,10.7048454085338,7.57349487788744,1
308,Clay,MT,7,2,2Donly,30.993557043211,30.9121889672736,-0.00131438648560413,-0.00131438648560413,1,1,Left,2,30.993557043211,30.9121889672736,1
309,Clay,MT,7,3,2Donly,33.7523946473978,32.0151815978759,-0.0264144301599797,-0.0264144301599797,1,1,Left,2,33.7523946473978,32.0151815978759,1
310,Clay,MT,7,4,2Donly,21.4280670384287,21.6328467761357,0.0047555827214654,0.0047555827214654,1,1,Right,3,21.6328467761357,21.4280670384287,1
311,Clay,MT,8,2,2Donly,41.3096438983683,42.2069552231604,0.0107441075693992,0.0107441075693992,1,1,Right,3,42.2069552231604,41.3096438983683,1
318,Clay,MT,3,2,2D,11.0157849680163,14.0726445376794,0.121843400718614,0.121843400718614,1,1,Right,3,14.0726445376794,11.0157849680163,1
319,Clay,MT,3,3,2D,60.3518462461778,74.8828214533403,0.107450075149734,0.107450075149734,1,1,Right,3,74.8828214533403,60.3518462461778,1
322,Clay,MT,4,2,3D,18.5252383357066,25.6485628586879,0.161256770537674,0.161256770537674,1,1,Right,3,25.6485628586879,18.5252383357066,1
323,Clay,MT,4,3,2D,46.770253667322,51.4325761741718,0.0474764578004028,0.0474764578004028,1,1,Right,3,51.4325761741718,46.770253667322,1
326,Clay,MT,4,6,2D,29.8405542128079,26.3228118903702,-0.0626341077202393,-0.0626341077202393,1,1,Left,2,29.8405542128079,26.3228118903702,1
328,Clay,MT,5,4,2D,56.9814992513379,57.2610533913284,0.00244702287828623,0.00244702287828623,1,1,Right,3,57.2610533913284,56.9814992513379,1
333,Clay,MT,7,2,2D,63.4579856262965,64.2694336759682,0.0063529667639441,0.0063529667639441,1,1,Right,3,64.2694336759682,63.4579856262965,1
334,Clay,MT,7,3,2D,34.1593396440245,34.0099701037316,-0.00219115524046777,-0.00219115524046777,1,1,Left,2,34.1593396440245,34.0099701037316,1
335,Clay,MT,7,4,2D,40.5916500691387,32.8483127133969,-0.105437653592918,-0.105437653592918,1,1,Left,2,40.5916500691387,32.8483127133969,1
336,Clay,MT,8,2,2D,58.7354776392176,69.756978376089,0.0857754694607013,0.0857754694607013,1,1,Right,3,69.756978376089,58.7354776392176,1
337,Clay,MT,3,3,2Donly,26.5199916411441,25.418174252006,-0.0212140219083748,-0.0212140219083748,1,1,Left,2,26.5199916411441,25.418174252006,1
338,Clay,MT,5,2,2D,41.7316130222925,47.3821704892254,0.0634083443017841,0.0634083443017841,1,1,Right,3,47.3821704892254,41.7316130222925,1
339,Clay,MT,5,3,2D,31.4046440710014,33.5201777469041,0.0325843585961013,0.0325843585961013,1,1,Right,3,33.5201777469041,31.4046440710014,1
341,Clay,MT,6,3,2Donly,34.6667937604451,34.1203934557129,-0.00794334420180938,-0.00794334420180938,1,1,Left,2,34.6667937604451,34.1203934557129,1
342,Clay,MT,6,4,2D,26.7331926197126,22.0311413771819,-0.0964239815687853,-0.0964239815687853,1,1,Left,2,26.7331926197126,22.0311413771819,1
343,Clay,MT,7,2,2D,43.3917540756905,52.5010405310979,0.094994483086663,0.094994483086663,1,1,Right,3,52.5010405310979,43.3917540756905,1
345,Clay,MT,8,2,2D,152.048949344256,154.875598082931,0.00920958835769314,0.00920958835769314,1,1,Right,3,154.875598082931,152.048949344256,1
346,Clay,MT,8,3,2D,47.8714861415009,40.5674157255806,-0.0825888863579274,-0.0825888863579274,1,1,Left,2,47.8714861415009,40.5674157255806,1
359,Jim,FST,2,4,2Donly,61.6183244802594,61.9618343639738,0.00277965238859549,0.00277965238859549,1,1,Right,3,61.9618343639738,61.6183244802594,1
362,Jim,FST,2,2,3D,34.9933415440717,28.4229432195269,-0.103607430631386,-0.103607430631386,1,1,Left,2,34.9933415440717,28.4229432195269,1
372,Jim,FST,2,2,3D,14.1815784865263,19.5320002969087,0.158702279717967,0.158702279717967,1,1,Right,3,19.5320002969087,14.1815784865263,1
378,Jim,FST,1,3,2Donly,26.9827613012968,27.4543896976181,0.00866372298452422,0.00866372298452422,1,1,Right,3,27.4543896976181,26.9827613012968,1
381,Jim,FST,3,2,2D,60.042498298803,45.7251310899262,-0.135366248554707,-0.135366248554707,1,1,Left,2,60.042498298803,45.7251310899262,1
382,Jim,FST,3,3,2D,35.5621565303776,20.7449819037024,-0.263149132396809,-0.263149132396809,1,1,Left,2,35.5621565303776,20.7449819037024,1
383,Jim,FST,3,4,2D,18.7651784464037,10.8013893481356,-0.269351152071799,-0.269351152071799,1,1,Left,2,18.7651784464037,10.8013893481356,1
384,Jim,FST,4,2,3D,91.368179860345,73.5685776751745,-0.107917740418399,-0.107917740418399,1,1,Left,2,91.368179860345,73.5685776751745,1
386,Jim,FST,5,3,3D,18.2567211847175,13.5142642023576,-0.149270062750058,-0.149270062750058,1,1,Left,2,18.2567211847175,13.5142642023576,1
396,Jim,FST,5,2,3D,33.1393934794067,33.1797348123053,0.000608291060781076,0.000608291060781076,1,1,Right,3,33.1797348123053,33.1393934794067,1
404,Jim,FST,5,2,2D,30.8295799799062,31.7302708668933,0.0143972671736835,0.0143972671736835,1,1,Right,3,31.7302708668933,30.8295799799062,1
407,Jim,FST,2,4,2D,26.3471168950836,24.6189402145325,-0.0339083848851454,-0.0339083848851454,1,1,Left,2,26.3471168950836,24.6189402145325,1
409,Jim,FST,3,3,3D,24.6634843333488,23.1475924092283,-0.0317058729357282,-0.0317058729357282,1,1,Left,2,24.6634843333488,23.1475924092283,1
414,Jim,FST,5,3,2D,24.4320007560789,23.8349152552448,-0.0123704920507868,-0.0123704920507868,1,1,Left,2,24.4320007560789,23.8349152552448,1
422,Jim,FST,1,2,3D,17.8727088040595,15.2415541004513,-0.079456840431434,-0.079456840431434,1,1,Left,2,17.8727088040595,15.2415541004513,1
428,Jim,FST,4,2,3D,54.4507158968385,65.6289382810687,0.0930900614326283,0.0930900614326283,1,1,Right,3,65.6289382810687,54.4507158968385,1
429,Jim,FST,4,3,3D,6.20891422384003,8.65134003096993,0.164359624354297,0.164359624354297,1,1,Right,3,8.65134003096993,6.20891422384003,1
439,Jim,FST,1,2,3D,33.6296758313054,26.9159549651679,-0.110886958775044,-0.110886958775044,1,1,Left,2,33.6296758313054,26.9159549651679,1
440,Jim,FST,1,3,3D,25.2424341284377,31.7348228808967,0.113947021903763,0.113947021903763,1,1,Right,3,31.7348228808967,25.2424341284377,1
441,Jim,FST,1,4,3D,58.6513630235841,69.5845196252023,0.0852581693656055,0.0852581693656055,1,1,Right,3,69.5845196252023,58.6513630235841,1
442,Jim,FST,2,3,2D,24.1303230034505,18.151263419309,-0.141410483617119,-0.141410483617119,1,1,Left,2,24.1303230034505,18.151263419309,1
444,Jim,FST,2,5,2D,18.555923642414,15.090064416847,-0.10300958377155,-0.10300958377155,1,1,Left,2,18.555923642414,15.090064416847,1
446,Jim,FST,3,3,2D,21.7212691287803,22.0312129020537,0.00708402721141437,0.00708402721141437,1,1,Right,3,22.0312129020537,21.7212691287803,1
451,Jim,FST,4,4,3D,22.581980555029,24.918087459189,0.0491811275609289,0.0491811275609289,1,1,Right,3,24.918087459189,22.581980555029,1
454,Jim,FST,1,3,2Donly,32.6093665321088,24.0085967815134,-0.15190885095872,-0.15190885095872,1,1,Left,2,32.6093665321088,24.0085967815134,1
455,Jim,FST,2,3,3D,49.0301692815031,41.6951430987113,-0.0808487288757072,-0.0808487288757072,1,1,Left,2,49.0301692815031,41.6951430987113,1
460,Jim,FST,5,2,2D,43.2645431872827,41.7368892987409,-0.0179720958090095,-0.0179720958090095,1,1,Left,2,43.2645431872827,41.7368892987409,1
470,Jim,FST,1,4,2Donly,20.924115515959,19.7162129641915,-0.0297217713768582,-0.0297217713768582,1,1,Left,2,20.924115515959,19.7162129641915,1
476,Jim,FST,5,2,3D,17.7522009665587,17.8958949822749,0.00403090296666996,0.00403090296666996,1,1,Right,3,17.8958949822749,17.7522009665587,1
478,Jim,FST,6,2,3D,9.80873419051674,9.74522704824201,-0.00324778910519921,-0.00324778910519921,1,1,Left,2,9.80873419051674,9.74522704824201,1
488,Jim,FST,4,2,3D,47.8360336174884,53.340370772827,0.0544033679444084,0.0544033679444084,1,1,Right,3,53.340370772827,47.8360336174884,1
491,Jim,FST,5,4,2D,13.8602650117876,15.5031533846878,0.0559501741492556,0.0559501741492556,1,1,Right,3,15.5031533846878,13.8602650117876,1
494,Jim,FST,8,3,2Donly,26.9063335348633,31.4563645960814,0.077961287036617,0.077961287036617,1,1,Right,3,31.4563645960814,26.9063335348633,1
503,Jim,FST,1,5,3D,6.48765315898391,5.47326658506205,-0.0848084090211218,-0.0848084090211218,1,1,Left,2,6.48765315898391,5.47326658506205,1
510,Jim,FST,4,3,2D,25.6594832782122,21.1471259575385,-0.0964042769675173,-0.0964042769675173,1,1,Left,2,25.6594832782122,21.1471259575385,1
517,Jim,FST,1,5,2D,68.0985582498133,71.4243721692859,0.0238370417642641,0.0238370417642641,1,1,Right,3,71.4243721692859,68.0985582498133,1
523,Jim,FST,1,3,3D,32.8107763115755,31.9324618730872,-0.0135661184567752,-0.0135661184567752,1,1,Left,2,32.8107763115755,31.9324618730872,1
524,Jim,FST,1,4,2D,58.2067796733031,46.5431092787435,-0.111347806773324,-0.111347806773324,1,1,Left,2,58.2067796733031,46.5431092787435,1
528,Jim,FST,2,4,3D,27.3594271912782,27.9636738574931,0.0109221402047247,0.0109221402047247,1,1,Right,3,27.9636738574931,27.3594271912782,1
529,Jim,FST,2,5,2Donly,70.0932570377243,70.5516841394811,0.00325946385216344,0.00325946385216344,1,1,Right,3,70.5516841394811,70.0932570377243,1
532,Jim,FST,4,2,2Donly,8.29795409336374,14.4520714435974,0.270510349108633,0.270510349108633,1,1,Right,3,14.4520714435974,8.29795409336374,1
540,Jim,FST,7,3,3D,22.7047148219681,23.127254310882,0.00921931780170985,0.00921931780170985,1,1,Right,3,23.127254310882,22.7047148219681,1
544,Jim,FST,1,5,3D,5.58572436725608,3.91607269664785,-0.175719567506973,-0.175719567506973,1,1,Left,2,5.58572436725608,3.91607269664785,1
548,Jim,FST,4,2,3D,11.9671340129674,10.5966103300211,-0.0607400820587734,-0.0607400820587734,1,1,Left,2,11.9671340129674,10.5966103300211,1
549,Jim,FST,4,3,3D,11.0860338527773,8.85200339283546,-0.112048665193129,-0.112048665193129,1,1,Left,2,11.0860338527773,8.85200339283546,1
550,Jim,FST,5,2,3D,24.7573564717571,31.6251216377062,0.121806727838668,0.121806727838668,1,1,Right,3,31.6251216377062,24.7573564717571,1
553,Jim,FST,7,2,2D,57.0949463880746,59.1142897987782,0.0173767892894215,0.0173767892894215,1,1,Right,3,59.1142897987782,57.0949463880746,1
554,Jim,FST,7,3,3D,6.30898420042195,7.27842922890956,0.0713487547523091,0.0713487547523091,1,1,Right,3,7.27842922890956,6.30898420042195,1
558,Jim,FST,1,2,3D,30.9303689327212,35.2923407390506,0.0658682169296496,0.0658682169296496,1,1,Right,3,35.2923407390506,30.9303689327212,1
560,Jim,FST,1,4,3D,55.5201709389655,58.1605560929804,0.0232263218484949,0.0232263218484949,1,1,Right,3,58.1605560929804,55.5201709389655,1
564,Jim,FST,3,4,3D,31.2044771648678,32.9797924640153,0.0276596634878363,0.0276596634878363,1,1,Right,3,32.9797924640153,31.2044771648678,1
572,Jim,FST,3,2,2Donly,22.0270196865357,20.0998985128426,-0.045745600581852,-0.045745600581852,1,1,Left,2,22.0270196865357,20.0998985128426,1
576,Jim,FST,1,3,2D,25.3307518768662,18.7508376191813,-0.14926671957405,-0.14926671957405,1,1,Left,2,25.3307518768662,18.7508376191813,1
579,Jim,FST,4,4,3D,22.9807593050252,25.1920229227831,0.0459027590995453,0.0459027590995453,1,1,Right,3,25.1920229227831,22.9807593050252,1
584,Jim,FST,6,4,3D,19.8832941935014,13.4841440396562,-0.191778287237116,-0.191778287237116,1,1,Left,2,19.8832941935014,13.4841440396562,1
599,Jim,FST,1,2,3D,28.5197148325016,27.5425178197406,-0.0174305761032127,-0.0174305761032127,1,1,Left,2,28.5197148325016,27.5425178197406,1
602,Jim,FST,3,2,3D,47.4330037036438,41.1834219133866,-0.0705239660338569,-0.0705239660338569,1,1,Left,2,47.4330037036438,41.1834219133866,1
603,Jim,FST,3,3,3D,30.1961389861551,27.745566921961,-0.0422937506893598,-0.0422937506893598,1,1,Left,2,30.1961389861551,27.745566921961,1
605,Jim,FST,5,2,2Donly,15.5973403436961,13.1836997793961,-0.0838621729436188,-0.0838621729436188,1,1,Left,2,15.5973403436961,13.1836997793961,1
606,Jim,FST,5,3,2Donly,44.2276886084613,41.7015824306315,-0.0293975050327219,-0.0293975050327219,1,1,Left,2,44.2276886084613,41.7015824306315,1
607,Jim,FST,7,2,3D,32.6185565544378,33.7679802940161,0.0173141090670572,0.0173141090670572,1,1,Right,3,33.7679802940161,32.6185565544378,1
611,Jim,FST,4,4,3D,9.81419822205517,11.2524237336705,0.0682703432300603,0.0682703432300603,1,1,Right,3,11.2524237336705,9.81419822205517,1
613,Jim,FST,6,3,3D,3.04953205677354,2.21399628641254,-0.158740623377214,-0.158740623377214,1,1,Left,2,3.04953205677354,2.21399628641254,1
614,Jim,FST,6,4,3D,37.4101183827012,31.3319711834904,-0.0884195874400667,-0.0884195874400667,1,1,Left,2,37.4101183827012,31.3319711834904,1
615,Jim,FST,7,4,3D,42.8989308440815,55.6824035699006,0.129674372961277,0.129674372961277,1,1,Right,3,55.6824035699006,42.8989308440815,1
616,Jim,FST,7,5,3D,21.9389701101353,28.1648701634771,0.124259937348968,0.124259937348968,1,1,Right,3,28.1648701634771,21.9389701101353,1
617,Jim,FST,8,4,2Donly,26.491375427689,23.1385634506306,-0.0675562382875117,-0.0675562382875117,1,1,Left,2,26.491375427689,23.1385634506306,1
618,Jim,FST,1,2,3D,26.3959805097611,27.7083262325272,0.0242558458241995,0.0242558458241995,1,1,Right,3,27.7083262325272,26.3959805097611,1
620,Jim,FST,1,4,3D,14.8277754937358,12.708287583273,-0.0769713486105609,-0.0769713486105609,1,1,Left,2,14.8277754937358,12.708287583273,1
626,Jim,FST,4,4,3D,13.0257044312831,16.4103295462422,0.114982375599351,0.114982375599351,1,1,Right,3,16.4103295462422,13.0257044312831,1
629,Jim,FST,5,4,3D,63.4682697009885,61.1845303348959,-0.0183208027852982,-0.0183208027852982,1,1,Left,2,63.4682697009885,61.1845303348959,1
634,Jim,FST,1,3,2D,18.6675718098037,17.8098239031499,-0.0235145050760607,-0.0235145050760607,1,1,Left,2,18.6675718098037,17.8098239031499,1
635,Jim,FST,1,4,3D,11.6260351495492,14.0060673297259,0.0928535683758723,0.0928535683758723,1,1,Right,3,14.0060673297259,11.6260351495492,1
641,Jim,FST,4,3,2D,7.27052607636922,3.90172145752707,-0.30153329566153,-0.30153329566153,1,1,Left,2,7.27052607636922,3.90172145752707,1
651,Jim,FST,6,3,2Donly,7.27565671735765,7.39956539439056,0.00844339363924959,0.00844339363924959,1,1,Right,3,7.39956539439056,7.27565671735765,1
661,Jim,FST,6,2,3D,24.6324717210099,25.1386608658448,0.0101703360668263,0.0101703360668263,1,1,Right,3,25.1386608658448,24.6324717210099,1
662,Jim,FST,6,3,3D,11.2274894642566,10.0093504190417,-0.0573597132110459,-0.0573597132110459,1,1,Left,2,11.2274894642566,10.0093504190417,1
664,Jim,FST,1,2,3D,53.4812915826455,41.3391773734787,-0.128053724505257,-0.128053724505257,1,1,Left,2,53.4812915826455,41.3391773734787,1
666,Jim,FST,1,4,3D,54.4971400976368,45.666761609638,-0.0881592902980684,-0.0881592902980684,1,1,Left,2,54.4971400976368,45.666761609638,1
676,Clay,FST,1,2,2Donly,21.2723164186604,25.29241883899,0.0863336256092874,0.0863336256092874,1,1,Right,3,25.29241883899,21.2723164186604,1
677,Clay,FST,1,3,2Donly,12.4811012453081,15.4833907086899,0.107360772665586,0.107360772665586,1,1,Right,3,15.4833907086899,12.4811012453081,1
678,Clay,FST,2,4,2D,26.9345494060412,27.2931120354379,0.00661217208829274,0.00661217208829274,1,1,Right,3,27.2931120354379,26.9345494060412,1
679,Clay,FST,2,5,2D,130.135096111728,122.992120499506,-0.0282189157999286,-0.0282189157999286,1,1,Left,2,130.135096111728,122.992120499506,1
680,Clay,FST,3,2,2Donly,74.0958323305906,92.0127921734707,0.10786291137124,0.10786291137124,1,1,Right,3,92.0127921734707,74.0958323305906,1
681,Clay,FST,3,3,2Donly,145.637118896147,157.115691832039,0.0379140094794921,0.0379140094794921,1,1,Right,3,157.115691832039,145.637118896147,1
682,Clay,FST,4,2,2Donly,25.8127112512417,32.3287993614304,0.11207290697343,0.11207290697343,1,1,Right,3,32.3287993614304,25.8127112512417,1
683,Clay,FST,4,3,2Donly,92.5794261162581,106.532804676504,0.0700779580676231,0.0700779580676231,1,1,Right,3,106.532804676504,92.5794261162581,1
685,Clay,FST,6,4,2Donly,46.8632046938941,41.5606049807426,-0.0599680078551574,-0.0599680078551574,1,1,Left,2,46.8632046938941,41.5606049807426,1
687,Clay,FST,7,4,3D,8.73312081915653,12.2581836099079,0.167929668337838,0.167929668337838,1,1,Right,3,12.2581836099079,8.73312081915653,1
689,Clay,FST,8,4,2D,86.4005494220807,46.0515575092128,-0.304630804656041,-0.304630804656041,1,1,Left,2,86.4005494220807,46.0515575092128,1
691,Clay,FST,2,4,2D,28.533896903598,32.1157005999425,0.059057336631714,0.059057336631714,1,1,Right,3,32.1157005999425,28.533896903598,1
694,Clay,FST,3,4,2D,15.3043647929735,28.4734913719384,0.300817073576114,0.300817073576114,1,1,Right,3,28.4734913719384,15.3043647929735,1
695,Clay,FST,4,2,2D,9.27763596576647,10.7783358716876,0.0748255890107814,0.0748255890107814,1,1,Right,3,10.7783358716876,9.27763596576647,1
696,Clay,FST,4,3,2D,30.1922646983524,29.7853717703854,-0.00678407739823283,-0.00678407739823283,1,1,Left,2,30.1922646983524,29.7853717703854,1
697,Clay,FST,4,4,2Donly,14.432519699751,13.3738828624442,-0.0380716935583084,-0.0380716935583084,1,1,Left,2,14.432519699751,13.3738828624442,1
698,Clay,FST,4,5,2Donly,48.499860283422,52.8746505650513,0.0431547362844335,0.0431547362844335,1,1,Right,3,52.8746505650513,48.499860283422,1
700,Clay,FST,5,3,2Donly,12.6662969366365,14.0865673139754,0.0530885352698799,0.0530885352698799,1,1,Right,3,14.0865673139754,12.6662969366365,1
703,Clay,FST,6,3,2D,55.7194393147983,66.2222590052062,0.0861298459436402,0.0861298459436402,1,1,Right,3,66.2222590052062,55.7194393147983,1
705,Clay,FST,7,3,2D,13.7926591871112,25.6953472901806,0.301425398871787,0.301425398871787,1,1,Right,3,25.6953472901806,13.7926591871112,1
710,Clay,FST,3,3,2D,46.053123395992,48.3878254375364,0.0247212895505719,0.0247212895505719,1,1,Right,3,48.3878254375364,46.053123395992,1
711,Clay,FST,3,4,2D,54.7264969405685,52.9355043662467,-0.0166353267873765,-0.0166353267873765,1,1,Left,2,54.7264969405685,52.9355043662467,1
712,Clay,FST,4,2,2D,11.3546246589505,10.8227827506626,-0.023981248054152,-0.023981248054152,1,1,Left,2,11.3546246589505,10.8227827506626,1
713,Clay,FST,4,3,2D,24.3079022399708,26.7482842250337,0.0477979683566001,0.0477979683566001,1,1,Right,3,26.7482842250337,24.3079022399708,1
714,Clay,FST,4,4,2D,20.684368262175,17.8884903551926,-0.0724830361865791,-0.0724830361865791,1,1,Left,2,20.684368262175,17.8884903551926,1
715,Clay,FST,4,5,2D,17.7196138196301,16.24444142894,-0.0434333409215697,-0.0434333409215697,1,1,Left,2,17.7196138196301,16.24444142894,1
717,Clay,FST,5,3,3D,73.0940341710916,75.6412252587457,0.0171256707886119,0.0171256707886119,1,1,Right,3,75.6412252587457,73.0940341710916,1
718,Clay,FST,5,4,2D,15.1198770582083,15.928868990256,0.0260555428159628,0.0260555428159628,1,1,Right,3,15.928868990256,15.1198770582083,1
719,Clay,FST,6,2,2Donly,32.1543428489264,32.850186474201,0.0107045406300178,0.0107045406300178,1,1,Right,3,32.850186474201,32.1543428489264,1
720,Clay,FST,6,3,2D,34.5906790017368,35.8348487726231,0.0176664600210395,0.0176664600210395,1,1,Right,3,35.8348487726231,34.5906790017368,1
721,Clay,FST,6,4,2D,111.6210649779,115.175332060058,0.0156716205750103,0.0156716205750103,1,1,Right,3,115.175332060058,111.6210649779,1
722,Clay,FST,7,2,2Donly,22.5580696081524,24.7435540363944,0.0462031587893273,0.0462031587893273,1,1,Right,3,24.7435540363944,22.5580696081524,1
723,Clay,FST,7,4,2Donly,78.7964272554914,79.7898070960593,0.00626397268735079,0.00626397268735079,1,1,Right,3,79.7898070960593,78.7964272554914,1
734,Clay,FST,4,3,2Donly,17.3780004808623,16.643300230593,-0.0215953016170825,-0.0215953016170825,1,1,Left,2,17.3780004808623,16.643300230593,1
739,Clay,FST,6,3,2D,72.3691607710137,63.4235018364922,-0.0658773365419455,-0.0658773365419455,1,1,Left,2,72.3691607710137,63.4235018364922,1
740,Clay,FST,6,4,2D,26.1075887060207,22.4360030329707,-0.0756348169041827,-0.0756348169041827,1,1,Left,2,26.1075887060207,22.4360030329707,1
744,Clay,FST,3,2,2D,57.735194994428,50.1922269816442,-0.0698892633093383,-0.0698892633093383,1,1,Left,2,57.735194994428,50.1922269816442,1
746,Clay,FST,4,3,2D,81.5902653935843,86.3283704877241,0.0282166721357176,0.0282166721357176,1,1,Right,3,86.3283704877241,81.5902653935843,1
750,Clay,FST,6,2,2D,72.0993900089542,79.6621883088674,0.0498334188649184,0.0498334188649184,1,1,Right,3,79.6621883088674,72.0993900089542,1
751,Clay,FST,6,3,2D,33.6612233843383,40.16439226665,0.0880882445065616,0.0880882445065616,1,1,Right,3,40.16439226665,33.6612233843383,1
752,Clay,FST,7,2,2D,62.7470921375431,81.34212709971,0.129052229310431,0.129052229310431,1,1,Right,3,81.34212709971,62.7470921375431,1
771,Clay,FST,2,2,2Donly,16.0362075012824,22.5403859890544,0.168604272676418,0.168604272676418,1,1,Right,3,22.5403859890544,16.0362075012824,1
775,Clay,FST,5,3,2D,65.9877817346633,52.1338957473033,-0.117284873383846,-0.117284873383846,1,1,Left,2,65.9877817346633,52.1338957473033,1
777,Clay,FST,7,2,2D,131.009683090627,125.215641338478,-0.0226130721663008,-0.0226130721663008,1,1,Left,2,131.009683090627,125.215641338478,1
778,Clay,FST,8,2,2D,65.2743359755306,107.162172987772,0.24291744981427,0.24291744981427,1,1,Right,3,107.162172987772,65.2743359755306,1
779,Clay,FST,1,2,2D,90.4961654489239,85.1593780540467,-0.0303821176858386,-0.0303821176858386,1,1,Left,2,90.4961654489239,85.1593780540467,1
780,Clay,FST,1,3,2Donly,51.9499545374146,55.4565270318783,0.0326476805052169,0.0326476805052169,1,1,Right,3,55.4565270318783,51.9499545374146,1
782,Clay,FST,2,3,3D,22.1271108669569,18.9730386037227,-0.0767411385081289,-0.0767411385081289,1,1,Left,2,22.1271108669569,18.9730386037227,1
783,Clay,FST,2,4,2D,82.120545047872,91.3251766335479,0.0530692339738581,0.0530692339738581,1,1,Right,3,91.3251766335479,82.120545047872,1
784,Clay,FST,2,5,2D,32.3859828366144,32.2518966618987,-0.00207442100136969,-0.00207442100136969,1,1,Left,2,32.3859828366144,32.2518966618987,1
785,Clay,FST,3,3,2D,66.6021903294866,75.9903159803254,0.0658388431047077,0.0658388431047077,1,1,Right,3,75.9903159803254,66.6021903294866,1
786,Clay,FST,4,4,2Donly,50.093917704394,48.0983502767452,-0.0203230607529312,-0.0203230607529312,1,1,Left,2,50.093917704394,48.0983502767452,1
792,Clay,FST,3,2,2D,67.0193992926693,58.2216112470456,-0.0702468624910519,-0.0702468624910519,1,1,Left,2,67.0193992926693,58.2216112470456,1
793,Clay,FST,3,3,3D,26.687711951688,22.8990157947994,-0.0764054481727109,-0.0764054481727109,1,1,Left,2,26.687711951688,22.8990157947994,1
794,Clay,FST,4,2,2D,55.9275324426208,61.2606539019825,0.0455090365822298,0.0455090365822298,1,1,Right,3,61.2606539019825,55.9275324426208,1
795,Clay,FST,4,3,2D,53.3953411463948,48.8295610578599,-0.0446640690290134,-0.0446640690290134,1,1,Left,2,53.3953411463948,48.8295610578599,1
798,Clay,FST,6,2,2D,68.7402732311429,78.8413346982354,0.0684439044188088,0.0684439044188088,1,1,Right,3,78.8413346982354,68.7402732311429,1
799,Clay,FST,6,3,2D,20.109991180643,18.9785315630855,-0.0289460828431806,-0.0289460828431806,1,1,Left,2,20.109991180643,18.9785315630855,1
805,Clay,FST,2,4,2D,14.6389280830721,12.3390614577227,-0.0852497411592393,-0.0852497411592393,1,1,Left,2,14.6389280830721,12.3390614577227,1
807,Clay,FST,3,2,2Donly,52.4346561683628,65.1885536468115,0.108430109146735,0.108430109146735,1,1,Right,3,65.1885536468115,52.4346561683628,1
808,Clay,FST,3,3,3D,54.1019026578042,62.4315098413238,0.0714782739549643,0.0714782739549643,1,1,Right,3,62.4315098413238,54.1019026578042,1
819,Clay,FST,8,3,2Donly,35.6571350129548,38.4420344967848,0.0375834102089896,0.0375834102089896,1,1,Right,3,38.4420344967848,35.6571350129548,1
826,Clay,FST,2,5,2D,11.3598103681138,17.3704401699899,0.209209098051704,0.209209098051704,1,1,Right,3,17.3704401699899,11.3598103681138,1
828,Clay,FST,3,3,3D,8.21024704552659,11.9019765344564,0.183556506034673,0.183556506034673,1,1,Right,3,11.9019765344564,8.21024704552659,1
830,Clay,FST,4,3,2D,8.37326672437976,11.8645228543342,0.172511731895194,0.172511731895194,1,1,Right,3,11.8645228543342,8.37326672437976,1
841,Clay,FST,3,2,2Donly,64.844005482865,65.4718678369956,0.00481800365631247,0.00481800365631247,1,1,Right,3,65.4718678369956,64.844005482865,1
842,Clay,FST,3,3,2Donly,11.5636825272242,10.8120732794201,-0.0335903401118186,-0.0335903401118186,1,1,Left,2,11.5636825272242,10.8120732794201,1
843,Clay,FST,4,3,2Donly,63.0061849429381,66.2032146011604,0.0247430114953141,0.0247430114953141,1,1,Right,3,66.2032146011604,63.0061849429381,1
844,Clay,FST,5,2,2D,78.9880294615871,79.3172860810747,0.00207988353618435,0.00207988353618435,1,1,Right,3,79.3172860810747,78.9880294615871,1
845,Clay,FST,5,3,2D,98.3666606806377,96.4187845451574,-0.0100001113184937,-0.0100001113184937,1,1,Left,2,98.3666606806377,96.4187845451574,1
846,Clay,FST,6,2,2D,68.3756000873521,77.210435167839,0.060684632732808,0.060684632732808,1,1,Right,3,77.210435167839,68.3756000873521,1
847,Clay,FST,6,3,2D,36.2491521684045,38.4332292177174,0.0292448768876389,0.0292448768876389,1,1,Right,3,38.4332292177174,36.2491521684045,1
869,Clay,FST,6,4,2D,40.0641433042688,55.285009460756,0.159632946021,0.159632946021,1,1,Right,3,55.285009460756,40.0641433042688,1
872,Clay,FST,7,5,2Donly,17.1821330466665,18.6044981047478,0.0397457098452004,0.0397457098452004,1,1,Right,3,18.6044981047478,17.1821330466665,1
874,Clay,FST,1,2,2D,18.2122522704893,22.1348210069888,0.0972206511615561,0.0972206511615561,1,1,Right,3,22.1348210069888,18.2122522704893,1
875,Clay,FST,2,2,2Donly,76.6276527135587,91.6795435470354,0.0894310592054036,0.0894310592054036,1,1,Right,3,91.6795435470354,76.6276527135587,1
877,Clay,FST,2,5,2Donly,19.0537271954837,19.7267767117837,0.0173553576794502,0.0173553576794502,1,1,Right,3,19.7267767117837,19.0537271954837,1
879,Clay,FST,3,3,3D,24.0005337661607,23.8284294359374,-0.00359832868415242,-0.00359832868415242,1,1,Left,2,24.0005337661607,23.8284294359374,1
882,Clay,FST,4,4,2Donly,75.9400744718046,74.9020635007074,-0.00688143900006448,-0.00688143900006448,1,1,Left,2,75.9400744718046,74.9020635007074,1
883,Clay,FST,5,2,3D,40.8901219208173,46.3071070046394,0.0621233627556337,0.0621233627556337,1,1,Right,3,46.3071070046394,40.8901219208173,1
884,Clay,FST,5,3,2D,23.553981667111,13.0842635800774,-0.285759266482256,-0.285759266482256,1,1,Left,2,23.553981667111,13.0842635800774,1
886,Clay,FST,6,2,3D,21.6338070124227,8.40322637583317,-0.440475611075578,-0.440475611075578,1,1,Left,2,21.6338070124227,8.40322637583317,1
888,Clay,FST,6,4,2D,47.2942510975726,36.4186737177068,-0.12991515233596,-0.12991515233596,1,1,Left,2,47.2942510975726,36.4186737177068,1
889,Clay,FST,7,2,2Donly,29.6962745093485,27.3334073954007,-0.0414322337952748,-0.0414322337952748,1,1,Left,2,29.6962745093485,27.3334073954007,1
