Analysis,Area,Population,Condition,NeuronCount,Coherence,MeanCorrect,CI95Low,CI95High,AboveChance95,BelowChance95
Pooled,MT,2D,Combined,80,0.0909090909090909,0.7664,0.625,0.9,1,0
Pooled,MT,2D,Combined,80,0.181818181818182,0.8644,0.75,0.975,1,0
Pooled,MT,2D,Combined,80,0.363636363636364,0.9021,0.7875,1,1,0
Pooled,MT,2D,Combined,80,0.454545454545455,0.948474999999999,0.85,1,1,0
Pooled,MT,2D,Combined,80,0.636363636363636,0.957999999999998,0.875,1,1,0
Pooled,MT,2D,Combined,80,1,0.958024999999999,0.875,1,1,0
Pooled,MT,2D,Dominant eye perspective,80,0.0909090909090909,0.627175,0.475,0.8,0,0
Pooled,MT,2D,Dominant eye perspective,80,0.181818181818182,0.7381,0.5375,0.925,1,0
Pooled,MT,2D,Dominant eye perspective,80,0.363636363636364,0.853875,0.625,1,1,0
Pooled,MT,2D,Dominant eye perspective,80,0.454545454545455,0.897099999999999,0.7,1,1,0
Pooled,MT,2D,Dominant eye perspective,80,0.636363636363636,0.9339,0.725,1,1,0
Pooled,MT,2D,Dominant eye perspective,80,1,0.954224999999999,0.75,1,1,0
Pooled,MT,2D,Non-dominant eye perspective,80,0.0909090909090909,0.450775,0.3,0.575,0,0
Pooled,MT,2D,Non-dominant eye perspective,80,0.181818181818182,0.366975,0.175,0.5,0,0
Pooled,MT,2D,Non-dominant eye perspective,80,0.363636363636364,0.2854,0.05,0.5,0,0
Pooled,MT,2D,Non-dominant eye perspective,80,0.454545454545455,0.25635,0.025,0.5,0,0
Pooled,MT,2D,Non-dominant eye perspective,80,0.636363636363636,0.21635,0,0.475,0,1
Pooled,MT,2D,Non-dominant eye perspective,80,1,0.160175,0,0.45,0,1
Pooled,MT,2D,Stereoscopic,80,0.0909090909090909,0.592325,0.45,0.75,0,0
Pooled,MT,2D,Stereoscopic,80,0.181818181818182,0.7181,0.55,0.875,1,0
Pooled,MT,2D,Stereoscopic,80,0.363636363636364,0.817075,0.65,0.95,1,0
Pooled,MT,2D,Stereoscopic,80,0.454545454545455,0.781325,0.575,0.95,1,0
Pooled,MT,2D,Stereoscopic,80,0.636363636363636,0.851025,0.65,0.975,1,0
Pooled,MT,2D,Stereoscopic,80,1,0.878,0.675,1,1,0
Pooled,MT,3D,Combined,9,0.0909090909090909,0.591525,0.45,0.725,0,0
Pooled,MT,3D,Combined,9,0.181818181818182,0.8169,0.675,0.925,1,0
Pooled,MT,3D,Combined,9,0.363636363636364,0.921425,0.825,1,1,0
Pooled,MT,3D,Combined,9,0.454545454545455,0.966324999999998,0.9,1,1,0
Pooled,MT,3D,Combined,9,0.636363636363636,0.987049999999998,0.95,1,1,0
Pooled,MT,3D,Combined,9,1,0.989174999999999,0.95,1,1,0
Pooled,MT,3D,Dominant eye perspective,9,0.0909090909090909,0.536875,0.475,0.625,0,0
Pooled,MT,3D,Dominant eye perspective,9,0.181818181818182,0.53555,0.475,0.625,0,0
Pooled,MT,3D,Dominant eye perspective,9,0.363636363636364,0.650525,0.525,0.775,1,0
Pooled,MT,3D,Dominant eye perspective,9,0.454545454545455,0.704425,0.575,0.85,1,0
Pooled,MT,3D,Dominant eye perspective,9,0.636363636363636,0.786725,0.6625,0.9,1,0
Pooled,MT,3D,Dominant eye perspective,9,1,0.965549999999998,0.9,1,1,0
Pooled,MT,3D,Non-dominant eye perspective,9,0.0909090909090909,0.5014,0.5,0.525,0,0
Pooled,MT,3D,Non-dominant eye perspective,9,0.181818181818182,0.503775,0.5,0.5375,0,0
Pooled,MT,3D,Non-dominant eye perspective,9,0.363636363636364,0.54605,0.5,0.625,0,0
Pooled,MT,3D,Non-dominant eye perspective,9,0.454545454545455,0.5479,0.5,0.65,0,0
Pooled,MT,3D,Non-dominant eye perspective,9,0.636363636363636,0.6577,0.55,0.775,1,0
Pooled,MT,3D,Non-dominant eye perspective,9,1,0.8015,0.65,0.925,1,0
Pooled,MT,3D,Stereoscopic,9,0.0909090909090909,0.550575,0.45,0.65,0,0
Pooled,MT,3D,Stereoscopic,9,0.181818181818182,0.607525,0.5,0.725,0,0
Pooled,MT,3D,Stereoscopic,9,0.363636363636364,0.7418,0.6,0.875,1,0
Pooled,MT,3D,Stereoscopic,9,0.454545454545455,0.722325,0.6,0.85,1,0
Pooled,MT,3D,Stereoscopic,9,0.636363636363636,0.71065,0.575,0.85,1,0
Pooled,MT,3D,Stereoscopic,9,1,0.638375,0.525,0.775,1,0
Pooled,MT,2D-only,Combined,56,0.0909090909090909,0.5258,0.35,0.7,0,0
Pooled,MT,2D-only,Combined,56,0.181818181818182,0.554775,0.4,0.725,0,0
Pooled,MT,2D-only,Combined,56,0.363636363636364,0.627425,0.475,0.775,0,0
Pooled,MT,2D-only,Combined,56,0.454545454545455,0.6376,0.475,0.8,0,0
Pooled,MT,2D-only,Combined,56,0.636363636363636,0.606825,0.45,0.775,0,0
Pooled,MT,2D-only,Combined,56,1,0.6015,0.425,0.775,0,0
Pooled,MT,2D-only,Dominant eye perspective,56,0.0909090909090909,0.4841,0.3,0.65,0,0
Pooled,MT,2D-only,Dominant eye perspective,56,0.181818181818182,0.427925,0.225,0.6375,0,0
Pooled,MT,2D-only,Dominant eye perspective,56,0.363636363636364,0.365925,0.125,0.625,0,0
Pooled,MT,2D-only,Dominant eye perspective,56,0.454545454545455,0.360875,0.1,0.65,0,0
Pooled,MT,2D-only,Dominant eye perspective,56,0.636363636363636,0.3574,0.075,0.7,0,0
Pooled,MT,2D-only,Dominant eye perspective,56,1,0.34505,0.025,0.75,0,0
Pooled,MT,2D-only,Non-dominant eye perspective,56,0.0909090909090909,0.571225,0.425,0.725,0,0
Pooled,MT,2D-only,Non-dominant eye perspective,56,0.181818181818182,0.557425,0.375,0.75,0,0
Pooled,MT,2D-only,Non-dominant eye perspective,56,0.363636363636364,0.6006,0.35,0.825,0,0
Pooled,MT,2D-only,Non-dominant eye perspective,56,0.454545454545455,0.61475,0.35,0.9,0,0
Pooled,MT,2D-only,Non-dominant eye perspective,56,0.636363636363636,0.62925,0.325,0.9,0,0
Pooled,MT,2D-only,Non-dominant eye perspective,56,1,0.651975,0.2625,0.95,0,0
Pooled,MT,2D-only,Stereoscopic,56,0.0909090909090909,0.567725,0.425,0.725,0,0
Pooled,MT,2D-only,Stereoscopic,56,0.181818181818182,0.53785,0.375,0.7,0,0
Pooled,MT,2D-only,Stereoscopic,56,0.363636363636364,0.574625,0.4,0.75,0,0
Pooled,MT,2D-only,Stereoscopic,56,0.454545454545455,0.577225,0.425,0.75,0,0
Pooled,MT,2D-only,Stereoscopic,56,0.636363636363636,0.653,0.475,0.8,0,0
Pooled,MT,2D-only,Stereoscopic,56,1,0.5487,0.375,0.725,0,0
Pooled,FST,2D,Combined,66,0.0909090909090909,0.723525,0.55,0.875,1,0
Pooled,FST,2D,Combined,66,0.181818181818182,0.822975,0.675,0.95,1,0
Pooled,FST,2D,Combined,66,0.363636363636364,0.91715,0.8,1,1,0
Pooled,FST,2D,Combined,66,0.454545454545455,0.923325,0.8,1,1,0
Pooled,FST,2D,Combined,66,0.636363636363636,0.947374999999999,0.85,1,1,0
Pooled,FST,2D,Combined,66,1,0.975749999999999,0.925,1,1,0
Pooled,FST,2D,Dominant eye perspective,66,0.0909090909090909,0.62165,0.45,0.8,0,0
Pooled,FST,2D,Dominant eye perspective,66,0.181818181818182,0.74055,0.55,0.9,1,0
Pooled,FST,2D,Dominant eye perspective,66,0.363636363636364,0.824075,0.575,0.975,1,0
Pooled,FST,2D,Dominant eye perspective,66,0.454545454545455,0.848825,0.575,1,1,0
Pooled,FST,2D,Dominant eye perspective,66,0.636363636363636,0.90965,0.65,1,1,0
Pooled,FST,2D,Dominant eye perspective,66,1,0.93195,0.7,1,1,0
Pooled,FST,2D,Non-dominant eye perspective,66,0.0909090909090909,0.4628,0.325,0.6,0,0
Pooled,FST,2D,Non-dominant eye perspective,66,0.181818181818182,0.4112,0.225,0.575,0,0
Pooled,FST,2D,Non-dominant eye perspective,66,0.363636363636364,0.369525,0.125,0.6,0,0
Pooled,FST,2D,Non-dominant eye perspective,66,0.454545454545455,0.350925,0.1,0.6,0,0
Pooled,FST,2D,Non-dominant eye perspective,66,0.636363636363636,0.321075,0.075,0.6,0,0
Pooled,FST,2D,Non-dominant eye perspective,66,1,0.235125,0.025,0.525,0,0
Pooled,FST,2D,Stereoscopic,66,0.0909090909090909,0.643425,0.5,0.8,0,0
Pooled,FST,2D,Stereoscopic,66,0.181818181818182,0.5597,0.3875,0.75,0,0
Pooled,FST,2D,Stereoscopic,66,0.363636363636364,0.654425,0.45,0.825,0,0
Pooled,FST,2D,Stereoscopic,66,0.454545454545455,0.699725,0.4875,0.875,0,0
Pooled,FST,2D,Stereoscopic,66,0.636363636363636,0.62185,0.375,0.85,0,0
Pooled,FST,2D,Stereoscopic,66,1,0.568325,0.3,0.825,0,0
Pooled,FST,3D,Combined,58,0.0909090909090909,0.819025,0.675,0.95,1,0
Pooled,FST,3D,Combined,58,0.181818181818182,0.90055,0.8,0.975,1,0
Pooled,FST,3D,Combined,58,0.363636363636364,0.967049999999998,0.9,1,1,0
Pooled,FST,3D,Combined,58,0.454545454545455,0.971099999999998,0.9,1,1,0
Pooled,FST,3D,Combined,58,0.636363636363636,0.988999999999999,0.95,1,1,0
Pooled,FST,3D,Combined,58,1,0.991849999999999,0.95,1,1,0
Pooled,FST,3D,Dominant eye perspective,58,0.0909090909090909,0.5795,0.425,0.725,0,0
Pooled,FST,3D,Dominant eye perspective,58,0.181818181818182,0.624875,0.475,0.775,0,0
Pooled,FST,3D,Dominant eye perspective,58,0.363636363636364,0.763675,0.6,0.925,1,0
Pooled,FST,3D,Dominant eye perspective,58,0.454545454545455,0.809725,0.625,0.95,1,0
Pooled,FST,3D,Dominant eye perspective,58,0.636363636363636,0.84165,0.65,0.975,1,0
Pooled,FST,3D,Dominant eye perspective,58,1,0.8977,0.7375,1,1,0
Pooled,FST,3D,Non-dominant eye perspective,58,0.0909090909090909,0.566625,0.425,0.7,0,0
Pooled,FST,3D,Non-dominant eye perspective,58,0.181818181818182,0.567975,0.425,0.725,0,0
Pooled,FST,3D,Non-dominant eye perspective,58,0.363636363636364,0.735125,0.575,0.9,1,0
Pooled,FST,3D,Non-dominant eye perspective,58,0.454545454545455,0.74215,0.575,0.9,1,0
Pooled,FST,3D,Non-dominant eye perspective,58,0.636363636363636,0.73025,0.575,0.9,1,0
Pooled,FST,3D,Non-dominant eye perspective,58,1,0.8442,0.65,0.975,1,0
Pooled,FST,3D,Stereoscopic,58,0.0909090909090909,0.646025,0.5,0.8,0,0
Pooled,FST,3D,Stereoscopic,58,0.181818181818182,0.773275,0.625,0.925,1,0
Pooled,FST,3D,Stereoscopic,58,0.363636363636364,0.87935,0.75,0.975,1,0
Pooled,FST,3D,Stereoscopic,58,0.454545454545455,0.946224999999999,0.85,1,1,0
Pooled,FST,3D,Stereoscopic,58,0.636363636363636,0.931324999999999,0.8,1,1,0
Pooled,FST,3D,Stereoscopic,58,1,0.8718,0.7,1,1,0
Pooled,FST,2D-only,Combined,39,0.0909090909090909,0.5549,0.3875,0.725,0,0
Pooled,FST,2D-only,Combined,39,0.181818181818182,0.54835,0.4,0.725,0,0
Pooled,FST,2D-only,Combined,39,0.363636363636364,0.6729,0.525,0.825,1,0
Pooled,FST,2D-only,Combined,39,0.454545454545455,0.705875,0.55,0.85,1,0
Pooled,FST,2D-only,Combined,39,0.636363636363636,0.6388,0.475,0.8,0,0
Pooled,FST,2D-only,Combined,39,1,0.651975,0.475,0.8,0,0
Pooled,FST,2D-only,Dominant eye perspective,39,0.0909090909090909,0.63805,0.475,0.8,0,0
Pooled,FST,2D-only,Dominant eye perspective,39,0.181818181818182,0.646575,0.45,0.85,0,0
Pooled,FST,2D-only,Dominant eye perspective,39,0.363636363636364,0.67005,0.4,0.9,0,0
Pooled,FST,2D-only,Dominant eye perspective,39,0.454545454545455,0.730725,0.475,0.95,0,0
Pooled,FST,2D-only,Dominant eye perspective,39,0.636363636363636,0.726625,0.425,0.95,0,0
Pooled,FST,2D-only,Dominant eye perspective,39,1,0.75855,0.45,0.975,0,0
Pooled,FST,2D-only,Non-dominant eye perspective,39,0.0909090909090909,0.48005,0.325,0.625,0,0
Pooled,FST,2D-only,Non-dominant eye perspective,39,0.181818181818182,0.411825,0.225,0.625,0,0
Pooled,FST,2D-only,Non-dominant eye perspective,39,0.363636363636364,0.409,0.2,0.625,0,0
Pooled,FST,2D-only,Non-dominant eye perspective,39,0.454545454545455,0.340025,0.125,0.575,0,0
Pooled,FST,2D-only,Non-dominant eye perspective,39,0.636363636363636,0.3574,0.125,0.6,0,0
Pooled,FST,2D-only,Non-dominant eye perspective,39,1,0.3327,0.075,0.6,0,0
Pooled,FST,2D-only,Stereoscopic,39,0.0909090909090909,0.5459,0.375,0.725,0,0
Pooled,FST,2D-only,Stereoscopic,39,0.181818181818182,0.45355,0.3,0.625,0,0
Pooled,FST,2D-only,Stereoscopic,39,0.363636363636364,0.434375,0.275,0.6,0,0
Pooled,FST,2D-only,Stereoscopic,39,0.454545454545455,0.542125,0.375,0.725,0,0
Pooled,FST,2D-only,Stereoscopic,39,0.636363636363636,0.4692,0.275,0.675,0,0
Pooled,FST,2D-only,Stereoscopic,39,1,0.42525,0.25,0.6,0,0
Jim,MT,2D,Combined,41,0.0909090909090909,0.807775,0.65,0.925,1,0
Jim,MT,2D,Combined,41,0.181818181818182,0.943424999999999,0.85,1,1,0
Jim,MT,2D,Combined,41,0.363636363636364,0.971524999999998,0.9,1,1,0
Jim,MT,2D,Combined,41,0.454545454545455,0.986949999999999,0.95,1,1,0
Jim,MT,2D,Combined,41,0.636363636363636,0.993924999999999,0.975,1,1,0
Jim,MT,2D,Combined,41,1,0.997075,0.975,1,1,0
Jim,MT,2D,Dominant eye perspective,41,0.0909090909090909,0.56075,0.475,0.7,0,0
Jim,MT,2D,Dominant eye perspective,41,0.181818181818182,0.6478,0.5,0.85,0,0
Jim,MT,2D,Dominant eye perspective,41,0.363636363636364,0.78555,0.5875,0.975,1,0
Jim,MT,2D,Dominant eye perspective,41,0.454545454545455,0.849375,0.65,1,1,0
Jim,MT,2D,Dominant eye perspective,41,0.636363636363636,0.905949999999999,0.725,1,1,0
Jim,MT,2D,Dominant eye perspective,41,1,0.961199999999999,0.775,1,1,0
Jim,MT,2D,Non-dominant eye perspective,41,0.0909090909090909,0.46675,0.35,0.525,0,0
Jim,MT,2D,Non-dominant eye perspective,41,0.181818181818182,0.4062,0.2,0.5,0,0
Jim,MT,2D,Non-dominant eye perspective,41,0.363636363636364,0.355125,0.125,0.5,0,0
Jim,MT,2D,Non-dominant eye perspective,41,0.454545454545455,0.30765,0.075,0.5,0,0
Jim,MT,2D,Non-dominant eye perspective,41,0.636363636363636,0.312175,0.075,0.5,0,0
Jim,MT,2D,Non-dominant eye perspective,41,1,0.19455,0,0.45,0,1
Jim,MT,2D,Stereoscopic,41,0.0909090909090909,0.662625,0.525,0.825,1,0
Jim,MT,2D,Stereoscopic,41,0.181818181818182,0.86645,0.725,0.975,1,0
Jim,MT,2D,Stereoscopic,41,0.363636363636364,0.941324999999999,0.825,1,1,0
Jim,MT,2D,Stereoscopic,41,0.454545454545455,0.938074999999999,0.8,1,1,0
Jim,MT,2D,Stereoscopic,41,0.636363636363636,0.978024999999999,0.9,1,1,0
Jim,MT,2D,Stereoscopic,41,1,0.989999999999999,0.925,1,1,0
Jim,MT,3D,Combined,7,0.0909090909090909,0.558,0.425,0.675,0,0
Jim,MT,3D,Combined,7,0.181818181818182,0.763424999999999,0.625,0.9,1,0
Jim,MT,3D,Combined,7,0.363636363636364,0.818924999999999,0.6875,0.925,1,0
Jim,MT,3D,Combined,7,0.454545454545455,0.905575,0.7875,0.975,1,0
Jim,MT,3D,Combined,7,0.636363636363636,0.953974999999999,0.875,1,1,0
Jim,MT,3D,Combined,7,1,0.921075,0.825,1,1,0
Jim,MT,3D,Dominant eye perspective,7,0.0909090909090909,0.530775,0.475,0.6,0,0
Jim,MT,3D,Dominant eye perspective,7,0.181818181818182,0.512575,0.475,0.55,0,0
Jim,MT,3D,Dominant eye perspective,7,0.363636363636364,0.53115,0.45,0.625,0,0
Jim,MT,3D,Dominant eye perspective,7,0.454545454545455,0.615025,0.525,0.725,1,0
Jim,MT,3D,Dominant eye perspective,7,0.636363636363636,0.66885,0.55,0.8,1,0
Jim,MT,3D,Dominant eye perspective,7,1,0.849975,0.725,0.95,1,0
Jim,MT,3D,Non-dominant eye perspective,7,0.0909090909090909,0.502725,0.5,0.525,0,0
Jim,MT,3D,Non-dominant eye perspective,7,0.181818181818182,0.50675,0.475,0.55,0,0
Jim,MT,3D,Non-dominant eye perspective,7,0.363636363636364,0.533425,0.5,0.6,0,0
Jim,MT,3D,Non-dominant eye perspective,7,0.454545454545455,0.572175,0.5,0.675,0,0
Jim,MT,3D,Non-dominant eye perspective,7,0.636363636363636,0.692225,0.575,0.825,1,0
Jim,MT,3D,Non-dominant eye perspective,7,1,0.8265,0.7,0.95,1,0
Jim,MT,3D,Stereoscopic,7,0.0909090909090909,0.510500000000001,0.475,0.55,0,0
Jim,MT,3D,Stereoscopic,7,0.181818181818182,0.5574,0.5,0.65,0,0
Jim,MT,3D,Stereoscopic,7,0.363636363636364,0.61955,0.525,0.725,1,0
Jim,MT,3D,Stereoscopic,7,0.454545454545455,0.59535,0.5,0.7,0,0
Jim,MT,3D,Stereoscopic,7,0.636363636363636,0.628175,0.525,0.75,1,0
Jim,MT,3D,Stereoscopic,7,1,0.7093,0.575,0.85,1,0
Jim,MT,2D-only,Combined,25,0.0909090909090909,0.528975,0.35,0.7,0,0
Jim,MT,2D-only,Combined,25,0.181818181818182,0.504775,0.325,0.675,0,0
Jim,MT,2D-only,Combined,25,0.363636363636364,0.604725,0.45,0.775,0,0
Jim,MT,2D-only,Combined,25,0.454545454545455,0.56435,0.4,0.725,0,0
Jim,MT,2D-only,Combined,25,0.636363636363636,0.557525,0.375,0.725,0,0
Jim,MT,2D-only,Combined,25,1,0.6323,0.45,0.8,0,0
Jim,MT,2D-only,Dominant eye perspective,25,0.0909090909090909,0.512075,0.35,0.675,0,0
Jim,MT,2D-only,Dominant eye perspective,25,0.181818181818182,0.54385,0.35,0.75,0,0
Jim,MT,2D-only,Dominant eye perspective,25,0.363636363636364,0.478675,0.225,0.725,0,0
Jim,MT,2D-only,Dominant eye perspective,25,0.454545454545455,0.49505,0.225,0.75,0,0
Jim,MT,2D-only,Dominant eye perspective,25,0.636363636363636,0.495525,0.175,0.8,0,0
Jim,MT,2D-only,Dominant eye perspective,25,1,0.588775,0.225,0.9,0,0
Jim,MT,2D-only,Non-dominant eye perspective,25,0.0909090909090909,0.511975,0.375,0.65,0,0
Jim,MT,2D-only,Non-dominant eye perspective,25,0.181818181818182,0.48315,0.325,0.65,0,0
Jim,MT,2D-only,Non-dominant eye perspective,25,0.363636363636364,0.530375,0.325,0.725,0,0
Jim,MT,2D-only,Non-dominant eye perspective,25,0.454545454545455,0.5038,0.2875,0.725,0,0
Jim,MT,2D-only,Non-dominant eye perspective,25,0.636363636363636,0.47595,0.25,0.725,0,0
Jim,MT,2D-only,Non-dominant eye perspective,25,1,0.38485,0.1,0.7,0,0
Jim,MT,2D-only,Stereoscopic,25,0.0909090909090909,0.5171,0.375,0.675,0,0
Jim,MT,2D-only,Stereoscopic,25,0.181818181818182,0.528725,0.375,0.675,0,0
Jim,MT,2D-only,Stereoscopic,25,0.363636363636364,0.557775,0.425,0.7,0,0
Jim,MT,2D-only,Stereoscopic,25,0.454545454545455,0.5575,0.425,0.7,0,0
Jim,MT,2D-only,Stereoscopic,25,0.636363636363636,0.592,0.425,0.775,0,0
Jim,MT,2D-only,Stereoscopic,25,1,0.516625,0.35,0.675,0,0
Jim,FST,2D,Combined,18,0.0909090909090909,0.66575,0.5,0.8125,0,0
Jim,FST,2D,Combined,18,0.181818181818182,0.7432,0.6,0.875,1,0
Jim,FST,2D,Combined,18,0.363636363636364,0.83605,0.725,0.95,1,0
Jim,FST,2D,Combined,18,0.454545454545455,0.808225,0.6625,0.925,1,0
Jim,FST,2D,Combined,18,0.636363636363636,0.905625,0.8,0.975,1,0
Jim,FST,2D,Combined,18,1,0.940425,0.85,1,1,0
Jim,FST,2D,Dominant eye perspective,18,0.0909090909090909,0.61285,0.45,0.775,0,0
Jim,FST,2D,Dominant eye perspective,18,0.181818181818182,0.68725,0.55,0.825,1,0
Jim,FST,2D,Dominant eye perspective,18,0.363636363636364,0.814525,0.675,0.95,1,0
Jim,FST,2D,Dominant eye perspective,18,0.454545454545455,0.878975,0.75,0.975,1,0
Jim,FST,2D,Dominant eye perspective,18,0.636363636363636,0.871725,0.725,0.975,1,0
Jim,FST,2D,Dominant eye perspective,18,1,0.778025,0.6,0.95,1,0
Jim,FST,2D,Non-dominant eye perspective,18,0.0909090909090909,0.521175,0.375,0.675,0,0
Jim,FST,2D,Non-dominant eye perspective,18,0.181818181818182,0.33335,0.2,0.5,0,0
Jim,FST,2D,Non-dominant eye perspective,18,0.363636363636364,0.3193,0.15,0.475,0,1
Jim,FST,2D,Non-dominant eye perspective,18,0.454545454545455,0.308425,0.15,0.475,0,1
Jim,FST,2D,Non-dominant eye perspective,18,0.636363636363636,0.2993,0.125,0.45,0,1
Jim,FST,2D,Non-dominant eye perspective,18,1,0.3097,0.125,0.475,0,1
Jim,FST,2D,Stereoscopic,18,0.0909090909090909,0.598925,0.45,0.75,0,0
Jim,FST,2D,Stereoscopic,18,0.181818181818182,0.66045,0.5,0.8,0,0
Jim,FST,2D,Stereoscopic,18,0.363636363636364,0.665225,0.525,0.8,1,0
Jim,FST,2D,Stereoscopic,18,0.454545454545455,0.71705,0.575,0.85,1,0
Jim,FST,2D,Stereoscopic,18,0.636363636363636,0.7838,0.65,0.9,1,0
Jim,FST,2D,Stereoscopic,18,1,0.64345,0.5,0.775,0,0
Jim,FST,3D,Combined,49,0.0909090909090909,0.8259,0.675,0.95,1,0
Jim,FST,3D,Combined,49,0.181818181818182,0.883925,0.75,0.975,1,0
Jim,FST,3D,Combined,49,0.363636363636364,0.956924999999998,0.875,1,1,0
Jim,FST,3D,Combined,49,0.454545454545455,0.978424999999998,0.925,1,1,0
Jim,FST,3D,Combined,49,0.636363636363636,0.991149999999999,0.95,1,1,0
Jim,FST,3D,Combined,49,1,0.994424999999999,0.9625,1,1,0
Jim,FST,3D,Dominant eye perspective,49,0.0909090909090909,0.590725,0.45,0.75,0,0
Jim,FST,3D,Dominant eye perspective,49,0.181818181818182,0.669475,0.525,0.825,1,0
Jim,FST,3D,Dominant eye perspective,49,0.363636363636364,0.835875,0.675,0.975,1,0
Jim,FST,3D,Dominant eye perspective,49,0.454545454545455,0.898075,0.775,1,1,0
Jim,FST,3D,Dominant eye perspective,49,0.636363636363636,0.924675,0.8,1,1,0
Jim,FST,3D,Dominant eye perspective,49,1,0.942524999999999,0.825,1,1,0
Jim,FST,3D,Non-dominant eye perspective,49,0.0909090909090909,0.547025,0.45,0.675,0,0
Jim,FST,3D,Non-dominant eye perspective,49,0.181818181818182,0.573525,0.475,0.7,0,0
Jim,FST,3D,Non-dominant eye perspective,49,0.363636363636364,0.7628,0.575,0.925,1,0
Jim,FST,3D,Non-dominant eye perspective,49,0.454545454545455,0.785475,0.625,0.9375,1,0
Jim,FST,3D,Non-dominant eye perspective,49,0.636363636363636,0.792625,0.625,0.925,1,0
Jim,FST,3D,Non-dominant eye perspective,49,1,0.8767,0.725,1,1,0
Jim,FST,3D,Stereoscopic,49,0.0909090909090909,0.6059,0.45,0.75,0,0
Jim,FST,3D,Stereoscopic,49,0.181818181818182,0.69575,0.55,0.85,1,0
Jim,FST,3D,Stereoscopic,49,0.363636363636364,0.8108,0.65,0.925,1,0
Jim,FST,3D,Stereoscopic,49,0.454545454545455,0.90515,0.775,1,1,0
Jim,FST,3D,Stereoscopic,49,0.636363636363636,0.874225,0.725,0.975,1,0
Jim,FST,3D,Stereoscopic,49,1,0.70855,0.55,0.875,1,0
Jim,FST,2D-only,Combined,12,0.0909090909090909,0.48125,0.325,0.65,0,0
Jim,FST,2D-only,Combined,12,0.181818181818182,0.513325,0.35,0.675,0,0
Jim,FST,2D-only,Combined,12,0.363636363636364,0.551475,0.375,0.725,0,0
Jim,FST,2D-only,Combined,12,0.454545454545455,0.60805,0.45,0.775,0,0
Jim,FST,2D-only,Combined,12,0.636363636363636,0.5795,0.4,0.75,0,0
Jim,FST,2D-only,Combined,12,1,0.58835,0.425,0.75,0,0
Jim,FST,2D-only,Dominant eye perspective,12,0.0909090909090909,0.56745,0.4,0.725,0,0
Jim,FST,2D-only,Dominant eye perspective,12,0.181818181818182,0.51805,0.325,0.7,0,0
Jim,FST,2D-only,Dominant eye perspective,12,0.363636363636364,0.5208,0.3,0.75,0,0
Jim,FST,2D-only,Dominant eye perspective,12,0.454545454545455,0.60625,0.35,0.825,0,0
Jim,FST,2D-only,Dominant eye perspective,12,0.636363636363636,0.576325,0.275,0.8625,0,0
Jim,FST,2D-only,Dominant eye perspective,12,1,0.601275,0.3,0.875,0,0
Jim,FST,2D-only,Non-dominant eye perspective,12,0.0909090909090909,0.485775,0.325,0.65,0,0
Jim,FST,2D-only,Non-dominant eye perspective,12,0.181818181818182,0.39715,0.225,0.55,0,0
Jim,FST,2D-only,Non-dominant eye perspective,12,0.363636363636364,0.438525,0.25,0.65,0,0
Jim,FST,2D-only,Non-dominant eye perspective,12,0.454545454545455,0.50445,0.3,0.725,0,0
Jim,FST,2D-only,Non-dominant eye perspective,12,0.636363636363636,0.46425,0.25,0.7,0,0
Jim,FST,2D-only,Non-dominant eye perspective,12,1,0.49585,0.275,0.725,0,0
Jim,FST,2D-only,Stereoscopic,12,0.0909090909090909,0.474725,0.3,0.65,0,0
Jim,FST,2D-only,Stereoscopic,12,0.181818181818182,0.5054,0.325,0.675,0,0
Jim,FST,2D-only,Stereoscopic,12,0.363636363636364,0.598,0.425,0.775,0,0
Jim,FST,2D-only,Stereoscopic,12,0.454545454545455,0.591325,0.4375,0.75,0,0
Jim,FST,2D-only,Stereoscopic,12,0.636363636363636,0.5752,0.425,0.725,0,0
Jim,FST,2D-only,Stereoscopic,12,1,0.4806,0.35,0.625,0,0
Clay,MT,2D,Combined,39,0.0909090909090909,0.774875,0.625,0.9,1,0
Clay,MT,2D,Combined,39,0.181818181818182,0.863575,0.75,0.975,1,0
Clay,MT,2D,Combined,39,0.363636363636364,0.954449999999998,0.875,1,1,0
Clay,MT,2D,Combined,39,0.454545454545455,0.988199999999999,0.95,1,1,0
Clay,MT,2D,Combined,39,0.636363636363636,0.994174999999999,0.975,1,1,0
Clay,MT,2D,Combined,39,1,0.992199999999999,0.95,1,1,0
Clay,MT,2D,Dominant eye perspective,39,0.0909090909090909,0.746175,0.575,0.9,1,0
Clay,MT,2D,Dominant eye perspective,39,0.181818181818182,0.9041,0.725,1,1,0
Clay,MT,2D,Dominant eye perspective,39,0.363636363636364,0.988274999999999,0.925,1,1,0
Clay,MT,2D,Dominant eye perspective,39,0.454545454545455,0.996024999999999,0.95,1,1,0
Clay,MT,2D,Dominant eye perspective,39,0.636363636363636,0.9991,0.975,1,1,0
Clay,MT,2D,Dominant eye perspective,39,1,0.999875,1,1,1,0
Clay,MT,2D,Non-dominant eye perspective,39,0.0909090909090909,0.36125,0.2,0.5,0,0
Clay,MT,2D,Non-dominant eye perspective,39,0.181818181818182,0.174225,0.025,0.375,0,1
Clay,MT,2D,Non-dominant eye perspective,39,0.363636363636364,0.0500500000000001,0,0.225,0,1
Clay,MT,2D,Non-dominant eye perspective,39,0.454545454545455,0.042325,0,0.2,0,1
Clay,MT,2D,Non-dominant eye perspective,39,0.636363636363636,0.0169,0,0.125,0,1
Clay,MT,2D,Non-dominant eye perspective,39,1,0.0144,0,0.125,0,1
Clay,MT,2D,Stereoscopic,39,0.0909090909090909,0.596725,0.45,0.75,0,0
Clay,MT,2D,Stereoscopic,39,0.181818181818182,0.6763,0.525,0.825,1,0
Clay,MT,2D,Stereoscopic,39,0.363636363636364,0.870775,0.725,0.975,1,0
Clay,MT,2D,Stereoscopic,39,0.454545454545455,0.81135,0.65,0.95,1,0
Clay,MT,2D,Stereoscopic,39,0.636363636363636,0.890525,0.75,1,1,0
Clay,MT,2D,Stereoscopic,39,1,0.843775,0.65,1,1,0
Clay,MT,3D,Combined,2,0.0909090909090909,0.545075,0.4,0.7,0,0
Clay,MT,3D,Combined,2,0.181818181818182,0.724,0.575,0.85,1,0
Clay,MT,3D,Combined,2,0.363636363636364,0.871725,0.75,0.975,1,0
Clay,MT,3D,Combined,2,0.454545454545455,0.91495,0.825,1,1,0
Clay,MT,3D,Combined,2,0.636363636363636,0.957699999999998,0.875,1,1,0
Clay,MT,3D,Combined,2,1,0.8907,0.8,0.975,1,0
Clay,MT,3D,Dominant eye perspective,2,0.0909090909090909,0.537825,0.425,0.65,0,0
Clay,MT,3D,Dominant eye perspective,2,0.181818181818182,0.609275,0.475,0.75,0,0
Clay,MT,3D,Dominant eye perspective,2,0.363636363636364,0.788875,0.675,0.9,1,0
Clay,MT,3D,Dominant eye perspective,2,0.454545454545455,0.6801,0.525,0.825,1,0
Clay,MT,3D,Dominant eye perspective,2,0.636363636363636,0.783625,0.65,0.9,1,0
Clay,MT,3D,Dominant eye perspective,2,1,0.963249999999998,0.9,1,1,0
Clay,MT,3D,Non-dominant eye perspective,2,0.0909090909090909,0.496125,0.425,0.55,0,0
Clay,MT,3D,Non-dominant eye perspective,2,0.181818181818182,0.5018,0.45,0.55,0,0
Clay,MT,3D,Non-dominant eye perspective,2,0.363636363636364,0.6022,0.525,0.7,1,0
Clay,MT,3D,Non-dominant eye perspective,2,0.454545454545455,0.546925,0.5,0.625,0,0
Clay,MT,3D,Non-dominant eye perspective,2,0.636363636363636,0.59755,0.525,0.7,1,0
Clay,MT,3D,Non-dominant eye perspective,2,1,0.6689,0.55,0.775,1,0
Clay,MT,3D,Stereoscopic,2,0.0909090909090909,0.497975,0.35,0.65,0,0
Clay,MT,3D,Stereoscopic,2,0.181818181818182,0.644225,0.5,0.8,0,0
Clay,MT,3D,Stereoscopic,2,0.363636363636364,0.69055,0.5375,0.825,1,0
Clay,MT,3D,Stereoscopic,2,0.454545454545455,0.826475,0.7,0.925,1,0
Clay,MT,3D,Stereoscopic,2,0.636363636363636,0.807025,0.7,0.925,1,0
Clay,MT,3D,Stereoscopic,2,1,0.542400000000001,0.5,0.625,0,0
Clay,MT,2D-only,Combined,31,0.0909090909090909,0.5087,0.35,0.675,0,0
Clay,MT,2D-only,Combined,31,0.181818181818182,0.5863,0.425,0.725,0,0
Clay,MT,2D-only,Combined,31,0.363636363636364,0.609825,0.45,0.775,0,0
Clay,MT,2D-only,Combined,31,0.454545454545455,0.669775,0.475,0.825,0,0
Clay,MT,2D-only,Combined,31,0.636363636363636,0.611825,0.45,0.775,0,0
Clay,MT,2D-only,Combined,31,1,0.55625,0.375,0.725,0,0
Clay,MT,2D-only,Dominant eye perspective,31,0.0909090909090909,0.45735,0.2625,0.625,0,0
Clay,MT,2D-only,Dominant eye perspective,31,0.181818181818182,0.3502,0.15,0.575,0,0
Clay,MT,2D-only,Dominant eye perspective,31,0.363636363636364,0.30485,0.075,0.6,0,0
Clay,MT,2D-only,Dominant eye perspective,31,0.454545454545455,0.274825,0.05,0.5625,0,0
Clay,MT,2D-only,Dominant eye perspective,31,0.636363636363636,0.270325,0.025,0.625,0,0
Clay,MT,2D-only,Dominant eye perspective,31,1,0.215575,0,0.6,0,0
Clay,MT,2D-only,Non-dominant eye perspective,31,0.0909090909090909,0.610125,0.45,0.775,0,0
Clay,MT,2D-only,Non-dominant eye perspective,31,0.181818181818182,0.61075,0.4,0.8,0,0
Clay,MT,2D-only,Non-dominant eye perspective,31,0.363636363636364,0.643325,0.375,0.875,0,0
Clay,MT,2D-only,Non-dominant eye perspective,31,0.454545454545455,0.67815,0.375,0.925,0,0
Clay,MT,2D-only,Non-dominant eye perspective,31,0.636363636363636,0.72175,0.4,0.975,0,0
Clay,MT,2D-only,Non-dominant eye perspective,31,1,0.808375,0.475,1,0,0
Clay,MT,2D-only,Stereoscopic,31,0.0909090909090909,0.58665,0.425,0.75,0,0
Clay,MT,2D-only,Stereoscopic,31,0.181818181818182,0.532125,0.375,0.675,0,0
Clay,MT,2D-only,Stereoscopic,31,0.363636363636364,0.5698,0.4,0.75,0,0
Clay,MT,2D-only,Stereoscopic,31,0.454545454545455,0.5777,0.4,0.75,0,0
Clay,MT,2D-only,Stereoscopic,31,0.636363636363636,0.664925,0.475,0.85,0,0
Clay,MT,2D-only,Stereoscopic,31,1,0.56735,0.4,0.725,0,0
Clay,FST,2D,Combined,48,0.0909090909090909,0.727175,0.575,0.875,1,0
Clay,FST,2D,Combined,48,0.181818181818182,0.85455,0.725,0.95,1,0
Clay,FST,2D,Combined,48,0.363636363636364,0.945649999999999,0.875,1,1,0
Clay,FST,2D,Combined,48,0.454545454545455,0.953874999999999,0.875,1,1,0
Clay,FST,2D,Combined,48,0.636363636363636,0.970249999999998,0.9,1,1,0
Clay,FST,2D,Combined,48,1,0.990224999999999,0.95,1,1,0
Clay,FST,2D,Dominant eye perspective,48,0.0909090909090909,0.6542,0.475,0.825,0,0
Clay,FST,2D,Dominant eye perspective,48,0.181818181818182,0.79385,0.625,0.9375,1,0
Clay,FST,2D,Dominant eye perspective,48,0.363636363636364,0.866925,0.675,1,1,0
Clay,FST,2D,Dominant eye perspective,48,0.454545454545455,0.888725,0.675,1,1,0
Clay,FST,2D,Dominant eye perspective,48,0.636363636363636,0.9484,0.775,1,1,0
Clay,FST,2D,Dominant eye perspective,48,1,0.982299999999999,0.875,1,1,0
Clay,FST,2D,Non-dominant eye perspective,48,0.0909090909090909,0.44045,0.275,0.575,0,0
Clay,FST,2D,Non-dominant eye perspective,48,0.181818181818182,0.4226,0.25,0.575,0,0
Clay,FST,2D,Non-dominant eye perspective,48,0.363636363636364,0.357475,0.125,0.5875,0,0
Clay,FST,2D,Non-dominant eye perspective,48,0.454545454545455,0.33165,0.1,0.55,0,0
Clay,FST,2D,Non-dominant eye perspective,48,0.636363636363636,0.31205,0.075,0.55,0,0
Clay,FST,2D,Non-dominant eye perspective,48,1,0.258125,0.025,0.525,0,0
Clay,FST,2D,Stereoscopic,48,0.0909090909090909,0.65565,0.5,0.8,0,0
Clay,FST,2D,Stereoscopic,48,0.181818181818182,0.542275,0.35,0.725,0,0
Clay,FST,2D,Stereoscopic,48,0.363636363636364,0.6816,0.5,0.875,0,0
Clay,FST,2D,Stereoscopic,48,0.454545454545455,0.713775,0.5,0.9,0,0
Clay,FST,2D,Stereoscopic,48,0.636363636363636,0.59305,0.35,0.825,0,0
Clay,FST,2D,Stereoscopic,48,1,0.56975,0.3,0.825,0,0
Clay,FST,3D,Combined,9,0.0909090909090909,0.70075,0.575,0.825,1,0
Clay,FST,3D,Combined,9,0.181818181818182,0.926925,0.825,1,1,0
Clay,FST,3D,Combined,9,0.363636363636364,0.995849999999999,0.975,1,1,0
Clay,FST,3D,Combined,9,0.454545454545455,0.989749999999999,0.95,1,1,0
Clay,FST,3D,Combined,9,0.636363636363636,0.999775,1,1,1,0
Clay,FST,3D,Combined,9,1,0.9992,0.975,1,1,0
Clay,FST,3D,Dominant eye perspective,9,0.0909090909090909,0.5801,0.425,0.725,0,0
Clay,FST,3D,Dominant eye perspective,9,0.181818181818182,0.638525,0.5,0.775,0,0
Clay,FST,3D,Dominant eye perspective,9,0.363636363636364,0.765775,0.6,0.925,1,0
Clay,FST,3D,Dominant eye perspective,9,0.454545454545455,0.74695,0.6,0.9,1,0
Clay,FST,3D,Dominant eye perspective,9,0.636363636363636,0.845175,0.7,0.95,1,0
Clay,FST,3D,Dominant eye perspective,9,1,0.968724999999999,0.875,1,1,0
Clay,FST,3D,Non-dominant eye perspective,9,0.0909090909090909,0.504425,0.425,0.6,0,0
Clay,FST,3D,Non-dominant eye perspective,9,0.181818181818182,0.498025,0.4,0.6,0,0
Clay,FST,3D,Non-dominant eye perspective,9,0.363636363636364,0.61115,0.5,0.75,0,0
Clay,FST,3D,Non-dominant eye perspective,9,0.454545454545455,0.6668,0.5375,0.825,1,0
Clay,FST,3D,Non-dominant eye perspective,9,0.636363636363636,0.7124,0.575,0.8625,1,0
Clay,FST,3D,Non-dominant eye perspective,9,1,0.778575,0.625,0.925,1,0
Clay,FST,3D,Stereoscopic,9,0.0909090909090909,0.799775,0.675,0.925,1,0
Clay,FST,3D,Stereoscopic,9,0.181818181818182,0.91905,0.8,1,1,0
Clay,FST,3D,Stereoscopic,9,0.363636363636364,0.976574999999998,0.925,1,1,0
Clay,FST,3D,Stereoscopic,9,0.454545454545455,0.991724999999999,0.95,1,1,0
Clay,FST,3D,Stereoscopic,9,0.636363636363636,0.984324999999999,0.925,1,1,0
Clay,FST,3D,Stereoscopic,9,1,0.995774999999999,0.9625,1,1,0
Clay,FST,2D-only,Combined,27,0.0909090909090909,0.571325,0.4125,0.725,0,0
Clay,FST,2D-only,Combined,27,0.181818181818182,0.541425,0.375,0.7,0,0
Clay,FST,2D-only,Combined,27,0.363636363636364,0.688275,0.525,0.825,1,0
Clay,FST,2D-only,Combined,27,0.454545454545455,0.7083,0.55,0.85,1,0
Clay,FST,2D-only,Combined,27,0.636363636363636,0.63545,0.475,0.8,0,0
Clay,FST,2D-only,Combined,27,1,0.668175,0.5,0.825,0,0
Clay,FST,2D-only,Dominant eye perspective,27,0.0909090909090909,0.649125,0.475,0.8,0,0
Clay,FST,2D-only,Dominant eye perspective,27,0.181818181818182,0.678,0.475,0.85,0,0
Clay,FST,2D-only,Dominant eye perspective,27,0.363636363636364,0.718825,0.425,0.925,0,0
Clay,FST,2D-only,Dominant eye perspective,27,0.454545454545455,0.75195,0.5,0.95,0,0
Clay,FST,2D-only,Dominant eye perspective,27,0.636363636363636,0.75875,0.5,0.9625,0,0
Clay,FST,2D-only,Dominant eye perspective,27,1,0.777875,0.475,1,0,0
Clay,FST,2D-only,Non-dominant eye perspective,27,0.0909090909090909,0.48875,0.35,0.65,0,0
Clay,FST,2D-only,Non-dominant eye perspective,27,0.181818181818182,0.4323,0.25,0.625,0,0
Clay,FST,2D-only,Non-dominant eye perspective,27,0.363636363636364,0.411775,0.2,0.625,0,0
Clay,FST,2D-only,Non-dominant eye perspective,27,0.454545454545455,0.306925,0.1,0.525,0,0
Clay,FST,2D-only,Non-dominant eye perspective,27,0.636363636363636,0.346875,0.125,0.575,0,0
Clay,FST,2D-only,Non-dominant eye perspective,27,1,0.328025,0.075,0.55,0,0
Clay,FST,2D-only,Stereoscopic,27,0.0909090909090909,0.5703,0.4,0.725,0,0
Clay,FST,2D-only,Stereoscopic,27,0.181818181818182,0.43655,0.275,0.6,0,0
Clay,FST,2D-only,Stereoscopic,27,0.363636363636364,0.37555,0.2,0.55,0,0
Clay,FST,2D-only,Stereoscopic,27,0.454545454545455,0.521975,0.35,0.7,0,0
Clay,FST,2D-only,Stereoscopic,27,0.636363636363636,0.4241,0.225,0.625,0,0
Clay,FST,2D-only,Stereoscopic,27,1,0.4273,0.275,0.575,0,0
