SessionID,SessionIndex,Block,ComparatorCondition,RightEyeRate,ComparatorRate,Difference
Jim_001,1,nonStim,Combined,0.844262295081967,0.933884297520661,-0.0896220024386939
Jim_002,2,nonStim,Combined,0.801418439716312,0.878571428571429,-0.0771529888551165
Jim_003,3,nonStim,Combined,0.661870503597122,0.934306569343066,-0.272436065745943
Jim_004,4,nonStim,Combined,0.790322580645161,0.912,-0.121677419354839
Jim_005,5,nonStim,Combined,0.696969696969697,0.888059701492537,-0.19109000452284
Jim_006,6,nonStim,Combined,0.844594594594595,0.965986394557823,-0.121391799963228
Jim_007,7,nonStim,Combined,0.739495798319328,0.909090909090909,-0.169595110771581
Jim_008,8,nonStim,Combined,0.613636363636364,0.871212121212121,-0.257575757575758
Jim_009,9,nonStim,Combined,0.633333333333333,0.925619834710744,-0.292286501377411
Jim_010,10,nonStim,Combined,0.621848739495798,0.885245901639344,-0.263397162143546
Jim_011,11,nonStim,Combined,0.772727272727273,0.96969696969697,-0.196969696969697
Jim_012,12,nonStim,Combined,0.828125,0.96875,-0.140625
Jim_013,13,nonStim,Combined,0.795081967213115,0.959016393442623,-0.163934426229508
Jim_014,14,nonStim,Combined,0.685897435897436,0.928571428571429,-0.242673992673993
Jim_015,15,nonStim,Combined,0.734806629834254,0.961538461538462,-0.226731831704207
Jim_016,16,nonStim,Combined,0.782608695652174,0.931623931623932,-0.149015235971758
Jim_017,17,nonStim,Combined,0.891666666666667,0.923076923076923,-0.0314102564102564
Jim_018,18,nonStim,Combined,0.804511278195489,0.924812030075188,-0.120300751879699
Jim_019,19,nonStim,Combined,0.867768595041322,0.934426229508197,-0.0666576344668744
Jim_020,20,nonStim,Combined,0.776,0.936507936507937,-0.160507936507936
Jim_021,21,nonStim,Combined,0.8125,0.944444444444444,-0.131944444444444
Jim_022,22,nonStim,Combined,0.783333333333333,0.892561983471074,-0.109228650137741
Jim_023,23,nonStim,Combined,0.823529411764706,0.96,-0.136470588235294
Jim_024,24,nonStim,Combined,0.733333333333333,0.975,-0.241666666666667
Jim_025,25,nonStim,Combined,0.808333333333333,0.949579831932773,-0.14124649859944
Jim_026,26,nonStim,Combined,0.783333333333333,0.950819672131147,-0.167486338797814
Jim_027,27,nonStim,Combined,0.685950413223141,0.9,-0.214049586776859
Jim_028,28,nonStim,Combined,0.883333333333333,0.931623931623932,-0.0482905982905983
Jim_029,29,nonStim,Combined,0.644628099173554,0.848739495798319,-0.204111396624766
Jim_030,30,nonStim,Combined,0.743055555555556,0.923611111111111,-0.180555555555556
Jim_031,31,nonStim,Combined,0.691666666666667,0.915966386554622,-0.224299719887955
Jim_032,32,nonStim,Combined,0.651612903225806,0.921052631578947,-0.269439728353141
Jim_033,33,nonStim,Combined,0.762295081967213,0.908333333333333,-0.14603825136612
Jim_034,34,nonStim,Combined,0.866666666666667,0.975,-0.108333333333333
Jim_035,35,nonStim,Combined,0.831521739130435,0.933701657458563,-0.102179918328129
Jim_036,36,nonStim,Combined,0.668639053254438,0.905325443786982,-0.236686390532544
Jim_037,37,nonStim,Combined,0.716666666666667,0.900826446280992,-0.184159779614325
Jim_038,38,nonStim,Combined,0.821428571428571,0.964285714285714,-0.142857142857143
Jim_039,39,nonStim,Combined,0.701388888888889,0.881118881118881,-0.179729992229992
Jim_040,40,nonStim,Combined,0.699186991869919,0.958677685950413,-0.259490694080495
Jim_041,41,nonStim,Combined,0.752,0.904761904761905,-0.152761904761905
Jim_042,42,nonStim,Combined,0.605769230769231,0.88,-0.274230769230769
Jim_043,43,nonStim,Combined,0.684210526315789,0.888059701492537,-0.203849175176748
Jim_044,44,nonStim,Combined,0.669421487603306,0.933333333333333,-0.263911845730028
Jim_045,45,nonStim,Combined,0.808333333333333,0.941666666666667,-0.133333333333333
Jim_046,46,nonStim,Combined,0.8,0.908333333333333,-0.108333333333333
Jim_047,47,nonStim,Combined,0.808333333333333,0.917355371900826,-0.109022038567493
Jim_048,48,nonStim,Combined,0.841666666666667,0.933333333333333,-0.0916666666666667
Jim_049,49,nonStim,Combined,0.828767123287671,0.895833333333333,-0.0670662100456622
Jim_050,50,nonStim,Combined,0.724409448818898,0.912,-0.187590551181102
Jim_051,51,nonStim,Combined,0.783333333333333,0.916666666666667,-0.133333333333333
Jim_052,52,nonStim,Combined,0.760330578512397,0.959016393442623,-0.198685814930226
Jim_053,53,nonStim,Combined,0.75,0.918032786885246,-0.168032786885246
Jim_054,54,nonStim,Combined,0.710743801652893,0.910569105691057,-0.199825304038164
Jim_055,55,nonStim,Combined,0.781954887218045,0.924242424242424,-0.142287537024379
Jim_056,56,nonStim,Combined,0.736842105263158,0.9,-0.163157894736842
Jim_057,57,nonStim,Combined,0.908333333333333,0.916666666666667,-0.0083333333333333
Jim_058,58,nonStim,Combined,0.768,0.935483870967742,-0.167483870967742
Jim_059,59,nonStim,Combined,0.761904761904762,0.910344827586207,-0.148440065681445
Jim_060,60,nonStim,Combined,0.644628099173554,0.9,-0.255371900826446
Jim_061,61,nonStim,Combined,0.756944444444444,0.881944444444444,-0.125
Jim_062,62,nonStim,Combined,0.702479338842975,0.950413223140496,-0.247933884297521
Jim_063,63,nonStim,Combined,0.702479338842975,0.925619834710744,-0.223140495867769
Jim_064,64,nonStim,Combined,0.741666666666667,0.918032786885246,-0.176366120218579
Jim_065,65,nonStim,Combined,0.711538461538462,0.895833333333333,-0.184294871794872
Jim_066,66,nonStim,Combined,0.611570247933884,0.883333333333333,-0.271763085399449
Jim_067,67,nonStim,Combined,0.729508196721312,0.959016393442623,-0.229508196721311
Jim_068,68,nonStim,Combined,0.78021978021978,0.966666666666667,-0.186446886446886
Jim_069,69,nonStim,Combined,0.704918032786885,0.911290322580645,-0.20637228979376
Jim_070,70,nonStim,Combined,0.840336134453782,0.931034482758621,-0.0906983483048391
Jim_071,71,nonStim,Combined,0.806451612903226,0.934959349593496,-0.12850773669027
Jim_072,72,nonStim,Combined,0.770833333333333,0.910344827586207,-0.139511494252874
Jim_073,73,nonStim,Combined,0.864661654135338,0.924242424242424,-0.0595807701070858
Jim_074,74,nonStim,Combined,0.834710743801653,0.889830508474576,-0.0551197646729233
Jim_075,75,nonStim,Combined,0.870967741935484,0.952755905511811,-0.0817881635763271
Jim_076,76,nonStim,Combined,0.783333333333333,0.875,-0.0916666666666667
Jim_077,77,nonStim,Combined,0.819672131147541,0.941666666666667,-0.121994535519126
Jim_078,78,nonStim,Combined,0.8,0.975,-0.175
Jim_079,79,nonStim,Combined,0.784615384615385,0.86046511627907,-0.0758497316636851
Jim_080,80,nonStim,Combined,0.688524590163934,0.900826446280992,-0.212301856117057
Jim_081,81,nonStim,Combined,0.792307692307692,0.944,-0.151692307692308
Jim_082,82,nonStim,Combined,0.783333333333333,0.892561983471074,-0.109228650137741
Jim_083,83,nonStim,Combined,0.771186440677966,0.831932773109244,-0.0607463324312776
Jim_084,84,nonStim,Combined,0.781512605042017,0.886178861788618,-0.104666256746601
Jim_085,85,nonStim,Combined,0.764227642276423,0.909836065573771,-0.145608423297348
Jim_086,86,nonStim,Combined,0.6,0.87,-0.27
Jim_087,87,nonStim,Combined,0.842592592592593,0.932692307692308,-0.0900997150997151
Jim_088,88,nonStim,Combined,0.847222222222222,0.950354609929078,-0.103132387706856
Jim_089,89,nonStim,Combined,0.857142857142857,0.943181818181818,-0.0860389610389611
Jim_090,90,nonStim,Combined,0.809917355371901,0.941666666666667,-0.131749311294766
Jim_091,91,nonStim,Combined,0.808,0.928571428571429,-0.120571428571429
Jim_092,92,nonStim,Combined,0.771604938271605,0.906040268456376,-0.134435330184771
Jim_093,93,nonStim,Combined,0.849056603773585,0.916666666666667,-0.0676100628930817
Jim_094,94,nonStim,Combined,0.776595744680851,0.945054945054945,-0.168459200374094
Jim_095,95,nonStim,Combined,0.740740740740741,0.91304347826087,-0.172302737520129
Jim_096,96,nonStim,Combined,0.752212389380531,0.9,-0.147787610619469
Jim_097,97,nonStim,Combined,0.704918032786885,0.891666666666667,-0.186748633879781
Jim_098,98,nonStim,Combined,0.573099415204678,0.911242603550296,-0.338143188345618
Jim_099,99,nonStim,Combined,0.884297520661157,0.950413223140496,-0.0661157024793388
Jim_100,100,nonStim,Combined,0.783132530120482,0.880239520958084,-0.097106990837602
Jim_101,101,nonStim,Combined,0.825,0.95,-0.125
Jim_102,102,nonStim,Combined,0.661654135338346,0.887218045112782,-0.225563909774436
Jim_103,103,nonStim,Combined,0.756302521008403,0.923076923076923,-0.16677440206852
Jim_104,104,nonStim,Combined,0.778688524590164,0.959016393442623,-0.180327868852459
Jim_105,105,nonStim,Combined,0.875,0.948717948717949,-0.0737179487179487
Jim_106,106,nonStim,Combined,0.840579710144927,0.864406779661017,-0.0238270695160895
Jim_107,107,nonStim,Combined,0.791666666666667,0.899159663865546,-0.10749299719888
Jim_108,108,nonStim,Combined,0.745762711864407,0.901639344262295,-0.155876632397888
Jim_109,109,nonStim,Combined,0.772222222222222,0.900552486187845,-0.128330263965623
Jim_110,110,nonStim,Combined,0.793103448275862,0.93006993006993,-0.136966481794068
Jim_111,111,nonStim,Combined,0.794871794871795,0.921739130434783,-0.126867335562988
Jim_112,112,nonStim,Combined,0.760330578512397,0.925619834710744,-0.165289256198347
Jim_113,113,nonStim,Combined,0.827868852459016,0.942622950819672,-0.114754098360656
Jim_114,114,nonStim,Combined,0.815068493150685,0.939597315436242,-0.124528822285557
Jim_115,115,nonStim,Combined,0.576923076923077,0.886363636363636,-0.309440559440559
Jim_116,116,nonStim,Combined,0.659863945578231,0.923611111111111,-0.26374716553288
Jim_117,117,nonStim,Combined,0.748091603053435,0.946153846153846,-0.198062243100411
Jim_118,118,nonStim,Combined,0.789915966386555,0.925,-0.135084033613445
Jim_119,119,nonStim,Combined,0.848275862068966,0.951388888888889,-0.103113026819923
Jim_120,120,nonStim,Combined,0.619834710743802,0.801652892561983,-0.181818181818182
Jim_121,121,nonStim,Combined,0.821917808219178,0.925675675675676,-0.103757867456498
Jim_122,122,nonStim,Combined,0.833333333333333,0.92090395480226,-0.0875706214689265
Jim_123,123,nonStim,Combined,0.679012345679012,0.92948717948718,-0.250474833808167
Jim_124,124,nonStim,Combined,0.753246753246753,0.896103896103896,-0.142857142857143
Jim_125,125,nonStim,Combined,0.5,0.791666666666667,-0.291666666666667
Jim_126,126,nonStim,Combined,0.858333333333333,0.932773109243697,-0.0744397759103642
Jim_127,127,nonStim,Combined,0.664429530201342,0.870748299319728,-0.206318769118386
Jim_128,128,nonStim,Combined,0.744827586206897,0.875862068965517,-0.131034482758621
Jim_129,129,nonStim,Combined,0.696551724137931,0.856164383561644,-0.159612659423713
Jim_130,130,nonStim,Combined,0.721311475409836,0.89344262295082,-0.172131147540984
Jim_131,131,nonStim,Combined,0.8,0.925,-0.125
Jim_132,132,nonStim,Combined,0.888888888888889,0.941176470588235,-0.0522875816993464
Jim_133,133,nonStim,Combined,0.870967741935484,0.925619834710744,-0.05465209277526
Jim_134,134,nonStim,Combined,0.785185185185185,0.963235294117647,-0.178050108932462
Jim_135,135,nonStim,Combined,0.847133757961783,0.962264150943396,-0.115130392981613
Jim_136,136,nonStim,Combined,0.851239669421488,0.883333333333333,-0.0320936639118456
Jim_137,137,nonStim,Combined,0.798701298701299,0.933333333333333,-0.134632034632035
Jim_138,138,nonStim,Combined,0.780821917808219,0.895104895104895,-0.114282977296676
Jim_139,139,nonStim,Combined,0.848739495798319,0.966666666666667,-0.117927170868347
Jim_140,140,nonStim,Combined,0.75,0.882758620689655,-0.132758620689655
Jim_141,141,nonStim,Combined,0.746835443037975,0.80379746835443,-0.0569620253164557
Jim_142,142,nonStim,Combined,0.822085889570552,0.925925925925926,-0.103840036355374
Jim_143,143,nonStim,Combined,0.676258992805755,0.859259259259259,-0.183000266453504
Jim_144,144,nonStim,Combined,0.821138211382114,0.888888888888889,-0.067750677506775
Jim_145,145,nonStim,Combined,0.68,0.850393700787402,-0.170393700787402
Jim_146,146,nonStim,Combined,0.826446280991736,0.905511811023622,-0.0790655300318864
Jim_147,147,nonStim,Combined,0.908333333333333,0.95,-0.0416666666666666
Jim_148,148,nonStim,Combined,0.852713178294574,0.94488188976378,-0.0921687114692059
Jim_149,149,nonStim,Combined,0.731707317073171,0.904,-0.172292682926829
Jim_150,150,nonStim,Combined,0.854700854700855,0.921052631578947,-0.0663517768780927
Jim_151,151,nonStim,Combined,0.717741935483871,0.884297520661157,-0.166555585177286
Jim_001,1,nonStim,MonoL,0.844262295081967,0.867768595041322,-0.023506299959355
Jim_002,2,nonStim,MonoL,0.801418439716312,0.838028169014085,-0.0366097292977724
Jim_003,3,nonStim,MonoL,0.661870503597122,0.762589928057554,-0.100719424460432
Jim_004,4,nonStim,MonoL,0.790322580645161,0.856,-0.0656774193548387
Jim_005,5,nonStim,MonoL,0.696969696969697,0.75187969924812,-0.0549100022784232
Jim_006,6,nonStim,MonoL,0.844594594594595,0.837837837837838,0.0067567567567568
Jim_007,7,nonStim,MonoL,0.739495798319328,0.875,-0.135504201680672
Jim_008,8,nonStim,MonoL,0.613636363636364,0.833333333333333,-0.21969696969697
Jim_009,9,nonStim,MonoL,0.633333333333333,0.909090909090909,-0.275757575757576
Jim_010,10,nonStim,MonoL,0.621848739495798,0.683333333333333,-0.061484593837535
Jim_011,11,nonStim,MonoL,0.772727272727273,0.833333333333333,-0.0606060606060607
Jim_012,12,nonStim,MonoL,0.828125,0.839378238341969,-0.0112532383419689
Jim_013,13,nonStim,MonoL,0.795081967213115,0.827868852459016,-0.0327868852459017
Jim_014,14,nonStim,MonoL,0.685897435897436,0.903225806451613,-0.217328370554177
Jim_015,15,nonStim,MonoL,0.734806629834254,0.861111111111111,-0.126304481276857
Jim_016,16,nonStim,MonoL,0.782608695652174,0.853448275862069,-0.070839580209895
Jim_017,17,nonStim,MonoL,0.891666666666667,0.865546218487395,0.0261204481792717
Jim_018,18,nonStim,MonoL,0.804511278195489,0.874074074074074,-0.0695627958785854
Jim_019,19,nonStim,MonoL,0.867768595041322,0.833333333333333,0.0344352617079889
Jim_020,20,nonStim,MonoL,0.776,0.888888888888889,-0.112888888888889
Jim_021,21,nonStim,MonoL,0.8125,0.888888888888889,-0.0763888888888888
Jim_022,22,nonStim,MonoL,0.783333333333333,0.833333333333333,-0.05
Jim_023,23,nonStim,MonoL,0.823529411764706,0.897959183673469,-0.0744297719087635
Jim_024,24,nonStim,MonoL,0.733333333333333,0.85,-0.116666666666667
Jim_025,25,nonStim,MonoL,0.808333333333333,0.826446280991736,-0.0181129476584022
Jim_026,26,nonStim,MonoL,0.783333333333333,0.691666666666667,0.0916666666666667
Jim_027,27,nonStim,MonoL,0.685950413223141,0.685950413223141,0
Jim_028,28,nonStim,MonoL,0.883333333333333,0.88034188034188,0.00299145299145298
Jim_029,29,nonStim,MonoL,0.644628099173554,0.830508474576271,-0.185880375402718
Jim_030,30,nonStim,MonoL,0.743055555555556,0.847222222222222,-0.104166666666667
Jim_031,31,nonStim,MonoL,0.691666666666667,0.85,-0.158333333333333
Jim_032,32,nonStim,MonoL,0.651612903225806,0.894736842105263,-0.243123938879457
Jim_033,33,nonStim,MonoL,0.762295081967213,0.808333333333333,-0.0460382513661203
Jim_034,34,nonStim,MonoL,0.866666666666667,0.868852459016393,-0.00218579234972671
Jim_035,35,nonStim,MonoL,0.831521739130435,0.885869565217391,-0.0543478260869565
Jim_036,36,nonStim,MonoL,0.668639053254438,0.840236686390533,-0.171597633136095
Jim_037,37,nonStim,MonoL,0.716666666666667,0.851239669421488,-0.134573002754821
Jim_038,38,nonStim,MonoL,0.821428571428571,0.821428571428571,0
Jim_039,39,nonStim,MonoL,0.701388888888889,0.756944444444444,-0.0555555555555556
Jim_040,40,nonStim,MonoL,0.699186991869919,0.776859504132231,-0.0776725122623126
Jim_041,41,nonStim,MonoL,0.752,0.902439024390244,-0.150439024390244
Jim_042,42,nonStim,MonoL,0.605769230769231,0.801801801801802,-0.196032571032571
Jim_043,43,nonStim,MonoL,0.684210526315789,0.82962962962963,-0.14541910331384
Jim_044,44,nonStim,MonoL,0.669421487603306,0.644628099173554,0.0247933884297521
Jim_045,45,nonStim,MonoL,0.808333333333333,0.816666666666667,-0.0083333333333333
Jim_046,46,nonStim,MonoL,0.8,0.745762711864407,0.0542372881355933
Jim_047,47,nonStim,MonoL,0.808333333333333,0.8,0.0083333333333333
Jim_048,48,nonStim,MonoL,0.841666666666667,0.851239669421488,-0.00957300275482098
Jim_049,49,nonStim,MonoL,0.828767123287671,0.854166666666667,-0.0253995433789954
Jim_050,50,nonStim,MonoL,0.724409448818898,0.83739837398374,-0.112988925164842
Jim_051,51,nonStim,MonoL,0.783333333333333,0.858333333333333,-0.075
Jim_052,52,nonStim,MonoL,0.760330578512397,0.801652892561983,-0.0413223140495868
Jim_053,53,nonStim,MonoL,0.75,0.75,0
Jim_054,54,nonStim,MonoL,0.710743801652893,0.821138211382114,-0.110394409729221
Jim_055,55,nonStim,MonoL,0.781954887218045,0.878787878787879,-0.0968329915698337
Jim_056,56,nonStim,MonoL,0.736842105263158,0.69047619047619,0.0463659147869674
Jim_057,57,nonStim,MonoL,0.908333333333333,0.808333333333333,0.1
Jim_058,58,nonStim,MonoL,0.768,0.850393700787402,-0.0823937007874016
Jim_059,59,nonStim,MonoL,0.761904761904762,0.854166666666667,-0.0922619047619048
Jim_060,60,nonStim,MonoL,0.644628099173554,0.858333333333333,-0.21370523415978
Jim_061,61,nonStim,MonoL,0.756944444444444,0.819444444444444,-0.0625
Jim_062,62,nonStim,MonoL,0.702479338842975,0.825,-0.122520661157025
Jim_063,63,nonStim,MonoL,0.702479338842975,0.857142857142857,-0.154663518299882
Jim_064,64,nonStim,MonoL,0.741666666666667,0.833333333333333,-0.0916666666666667
Jim_065,65,nonStim,MonoL,0.711538461538462,0.855670103092783,-0.144131641554322
Jim_066,66,nonStim,MonoL,0.611570247933884,0.768595041322314,-0.15702479338843
Jim_067,67,nonStim,MonoL,0.729508196721312,0.833333333333333,-0.103825136612022
Jim_068,68,nonStim,MonoL,0.78021978021978,0.825581395348837,-0.045361615129057
Jim_069,69,nonStim,MonoL,0.704918032786885,0.75609756097561,-0.0511795281887245
Jim_070,70,nonStim,MonoL,0.840336134453782,0.756521739130435,0.0838143953233468
Jim_071,71,nonStim,MonoL,0.806451612903226,0.83739837398374,-0.0309467610805141
Jim_072,72,nonStim,MonoL,0.770833333333333,0.856164383561644,-0.0853310502283104
Jim_073,73,nonStim,MonoL,0.864661654135338,0.734848484848485,0.129813169286853
Jim_074,74,nonStim,MonoL,0.834710743801653,0.875,-0.0402892561983471
Jim_075,75,nonStim,MonoL,0.870967741935484,0.829268292682927,0.0416994492525571
Jim_076,76,nonStim,MonoL,0.783333333333333,0.867768595041322,-0.084435261707989
Jim_077,77,nonStim,MonoL,0.819672131147541,0.867768595041322,-0.0480964638937813
Jim_078,78,nonStim,MonoL,0.8,0.866666666666667,-0.0666666666666667
Jim_079,79,nonStim,MonoL,0.784615384615385,0.806201550387597,-0.0215861657722123
Jim_080,80,nonStim,MonoL,0.688524590163934,0.860655737704918,-0.172131147540984
Jim_081,81,nonStim,MonoL,0.792307692307692,0.913385826771654,-0.121078134463961
Jim_082,82,nonStim,MonoL,0.783333333333333,0.727272727272727,0.056060606060606
Jim_083,83,nonStim,MonoL,0.771186440677966,0.745762711864407,0.0254237288135594
Jim_084,84,nonStim,MonoL,0.781512605042017,0.884297520661157,-0.10278491561914
Jim_085,85,nonStim,MonoL,0.764227642276423,0.768595041322314,-0.00436739904589123
Jim_086,86,nonStim,MonoL,0.6,0.78021978021978,-0.18021978021978
Jim_087,87,nonStim,MonoL,0.842592592592593,0.820754716981132,0.0218378756114604
Jim_088,88,nonStim,MonoL,0.847222222222222,0.774647887323944,0.0725743348982786
Jim_089,89,nonStim,MonoL,0.857142857142857,0.839080459770115,0.0180623973727422
Jim_090,90,nonStim,MonoL,0.809917355371901,0.855932203389831,-0.0460148480179298
Jim_091,91,nonStim,MonoL,0.808,0.8671875,-0.0591874999999999
Jim_092,92,nonStim,MonoL,0.771604938271605,0.621794871794872,0.149810066476733
Jim_093,93,nonStim,MonoL,0.849056603773585,0.759259259259259,0.0897973445143256
Jim_094,94,nonStim,MonoL,0.776595744680851,0.886363636363636,-0.109767891682785
Jim_095,95,nonStim,MonoL,0.740740740740741,0.836363636363636,-0.0956228956228956
Jim_096,96,nonStim,MonoL,0.752212389380531,0.787610619469027,-0.0353982300884956
Jim_097,97,nonStim,MonoL,0.704918032786885,0.775,-0.0700819672131148
Jim_098,98,nonStim,MonoL,0.573099415204678,0.701754385964912,-0.128654970760234
Jim_099,99,nonStim,MonoL,0.884297520661157,0.775,0.109297520661157
Jim_100,100,nonStim,MonoL,0.783132530120482,0.816568047337278,-0.0334355172167962
Jim_101,101,nonStim,MonoL,0.825,0.833333333333333,-0.00833333333333341
Jim_102,102,nonStim,MonoL,0.661654135338346,0.774436090225564,-0.112781954887218
Jim_103,103,nonStim,MonoL,0.756302521008403,0.794871794871795,-0.0385692738633915
Jim_104,104,nonStim,MonoL,0.778688524590164,0.87603305785124,-0.0973445332610757
Jim_105,105,nonStim,MonoL,0.875,0.82051282051282,0.0544871794871795
Jim_106,106,nonStim,MonoL,0.840579710144927,0.742424242424242,0.0981554677206851
Jim_107,107,nonStim,MonoL,0.791666666666667,0.8,-0.00833333333333341
Jim_108,108,nonStim,MonoL,0.745762711864407,0.826086956521739,-0.0803242446573323
Jim_109,109,nonStim,MonoL,0.772222222222222,0.755555555555556,0.0166666666666667
Jim_110,110,nonStim,MonoL,0.793103448275862,0.780141843971631,0.0129616043042309
Jim_111,111,nonStim,MonoL,0.794871794871795,0.840336134453782,-0.0454643395819867
Jim_112,112,nonStim,MonoL,0.760330578512397,0.766666666666667,-0.00633608815427
Jim_113,113,nonStim,MonoL,0.827868852459016,0.892561983471074,-0.064693131012058
Jim_114,114,nonStim,MonoL,0.815068493150685,0.849315068493151,-0.0342465753424657
Jim_115,115,nonStim,MonoL,0.576923076923077,0.823076923076923,-0.246153846153846
Jim_116,116,nonStim,MonoL,0.659863945578231,0.805555555555556,-0.145691609977324
Jim_117,117,nonStim,MonoL,0.748091603053435,0.833333333333333,-0.0852417302798982
Jim_118,118,nonStim,MonoL,0.789915966386555,0.808333333333333,-0.0184173669467788
Jim_119,119,nonStim,MonoL,0.848275862068966,0.819444444444444,0.0288314176245211
Jim_120,120,nonStim,MonoL,0.619834710743802,0.727272727272727,-0.107438016528926
Jim_121,121,nonStim,MonoL,0.821917808219178,0.775510204081633,0.0464076041375454
Jim_122,122,nonStim,MonoL,0.833333333333333,0.698324022346369,0.135009310986965
Jim_123,123,nonStim,MonoL,0.679012345679012,0.7625,-0.0834876543209876
Jim_124,124,nonStim,MonoL,0.753246753246753,0.84,-0.0867532467532467
Jim_125,125,nonStim,MonoL,0.5,0.741258741258741,-0.241258741258741
Jim_126,126,nonStim,MonoL,0.858333333333333,0.833333333333333,0.0249999999999999
Jim_127,127,nonStim,MonoL,0.664429530201342,0.86986301369863,-0.205433483497288
Jim_128,128,nonStim,MonoL,0.744827586206897,0.689655172413793,0.0551724137931034
Jim_129,129,nonStim,MonoL,0.696551724137931,0.763888888888889,-0.0673371647509579
Jim_130,130,nonStim,MonoL,0.721311475409836,0.75,-0.0286885245901639
Jim_131,131,nonStim,MonoL,0.8,0.867768595041322,-0.0677685950413223
Jim_132,132,nonStim,MonoL,0.888888888888889,0.748148148148148,0.140740740740741
Jim_133,133,nonStim,MonoL,0.870967741935484,0.806451612903226,0.0645161290322581
Jim_134,134,nonStim,MonoL,0.785185185185185,0.879699248120301,-0.0945140629351156
Jim_135,135,nonStim,MonoL,0.847133757961783,0.777070063694268,0.0700636942675159
Jim_136,136,nonStim,MonoL,0.851239669421488,0.633333333333333,0.217906336088154
Jim_137,137,nonStim,MonoL,0.798701298701299,0.790849673202614,0.00785162549868434
Jim_138,138,nonStim,MonoL,0.780821917808219,0.843537414965986,-0.0627154971577673
Jim_139,139,nonStim,MonoL,0.848739495798319,0.789915966386555,0.0588235294117647
Jim_140,140,nonStim,MonoL,0.75,0.8125,-0.0625
Jim_141,141,nonStim,MonoL,0.746835443037975,0.69811320754717,0.0487222354908049
Jim_142,142,nonStim,MonoL,0.822085889570552,0.808641975308642,0.0134439142619102
Jim_143,143,nonStim,MonoL,0.676258992805755,0.843283582089552,-0.167024589283797
Jim_144,144,nonStim,MonoL,0.821138211382114,0.753968253968254,0.0671699574138599
Jim_145,145,nonStim,MonoL,0.68,0.768,-0.088
Jim_146,146,nonStim,MonoL,0.826446280991736,0.811023622047244,0.0154226589444915
Jim_147,147,nonStim,MonoL,0.908333333333333,0.783333333333333,0.125
Jim_148,148,nonStim,MonoL,0.852713178294574,0.734375,0.118338178294574
Jim_149,149,nonStim,MonoL,0.731707317073171,0.770491803278688,-0.0387844862055178
Jim_150,150,nonStim,MonoL,0.854700854700855,0.837837837837838,0.0168630168630168
Jim_151,151,nonStim,MonoL,0.717741935483871,0.778688524590164,-0.0609465891062929
Jim_001,1,nonStim,Bino,0.844262295081967,0.901639344262295,-0.0573770491803278
Jim_002,2,nonStim,Bino,0.801418439716312,0.884057971014493,-0.0826395312981807
Jim_003,3,nonStim,Bino,0.661870503597122,0.835714285714286,-0.173843782117163
Jim_004,4,nonStim,Bino,0.790322580645161,0.868852459016393,-0.0785298783712322
Jim_005,5,nonStim,Bino,0.696969696969697,0.879699248120301,-0.182729551150604
Jim_006,6,nonStim,Bino,0.844594594594595,0.925170068027211,-0.0805754734326163
Jim_007,7,nonStim,Bino,0.739495798319328,0.860655737704918,-0.12115993938559
Jim_008,8,nonStim,Bino,0.613636363636364,0.863636363636364,-0.25
Jim_009,9,nonStim,Bino,0.633333333333333,0.836065573770492,-0.202732240437159
Jim_010,10,nonStim,Bino,0.621848739495798,0.853658536585366,-0.231809797089568
Jim_011,11,nonStim,Bino,0.772727272727273,0.863636363636364,-0.0909090909090909
Jim_012,12,nonStim,Bino,0.828125,0.875,-0.046875
Jim_013,13,nonStim,Bino,0.795081967213115,0.926829268292683,-0.131747301079568
Jim_014,14,nonStim,Bino,0.685897435897436,0.858064516129032,-0.172167080231596
Jim_015,15,nonStim,Bino,0.734806629834254,0.850828729281768,-0.116022099447514
Jim_016,16,nonStim,Bino,0.782608695652174,0.915966386554622,-0.133357690902448
Jim_017,17,nonStim,Bino,0.891666666666667,0.899159663865546,-0.00749299719887953
Jim_018,18,nonStim,Bino,0.804511278195489,0.873134328358209,-0.0686230501627202
Jim_019,19,nonStim,Bino,0.867768595041322,0.825,0.0427685950413224
Jim_020,20,nonStim,Bino,0.776,0.870967741935484,-0.0949677419354839
Jim_021,21,nonStim,Bino,0.8125,0.937931034482759,-0.125431034482759
Jim_022,22,nonStim,Bino,0.783333333333333,0.833333333333333,-0.05
Jim_023,23,nonStim,Bino,0.823529411764706,0.908163265306122,-0.0846338535414166
Jim_024,24,nonStim,Bino,0.733333333333333,0.808333333333333,-0.0750000000000001
Jim_025,25,nonStim,Bino,0.808333333333333,0.884297520661157,-0.0759641873278237
Jim_026,26,nonStim,Bino,0.783333333333333,0.867768595041322,-0.084435261707989
Jim_027,27,nonStim,Bino,0.685950413223141,0.85,-0.164049586776859
Jim_028,28,nonStim,Bino,0.883333333333333,0.897637795275591,-0.0143044619422572
Jim_029,29,nonStim,Bino,0.644628099173554,0.768595041322314,-0.12396694214876
Jim_030,30,nonStim,Bino,0.743055555555556,0.777777777777778,-0.0347222222222222
Jim_031,31,nonStim,Bino,0.691666666666667,0.834710743801653,-0.143044077134986
Jim_032,32,nonStim,Bino,0.651612903225806,0.846153846153846,-0.19454094292804
Jim_033,33,nonStim,Bino,0.762295081967213,0.891666666666667,-0.129371584699454
Jim_034,34,nonStim,Bino,0.866666666666667,0.958677685950413,-0.0920110192837466
Jim_035,35,nonStim,Bino,0.831521739130435,0.885245901639344,-0.0537241625089094
Jim_036,36,nonStim,Bino,0.668639053254438,0.863905325443787,-0.195266272189349
Jim_037,37,nonStim,Bino,0.716666666666667,0.866666666666667,-0.15
Jim_038,38,nonStim,Bino,0.821428571428571,0.916666666666667,-0.0952380952380952
Jim_039,39,nonStim,Bino,0.701388888888889,0.724137931034483,-0.0227490421455939
Jim_040,40,nonStim,Bino,0.699186991869919,0.834710743801653,-0.135523751931734
Jim_041,41,nonStim,Bino,0.752,0.857142857142857,-0.105142857142857
Jim_042,42,nonStim,Bino,0.605769230769231,0.686274509803922,-0.0805052790346908
Jim_043,43,nonStim,Bino,0.684210526315789,0.871212121212121,-0.187001594896332
Jim_044,44,nonStim,Bino,0.669421487603306,0.900826446280992,-0.231404958677686
Jim_045,45,nonStim,Bino,0.808333333333333,0.891666666666667,-0.0833333333333334
Jim_046,46,nonStim,Bino,0.8,0.805084745762712,-0.00508474576271178
Jim_047,47,nonStim,Bino,0.808333333333333,0.933333333333333,-0.125
Jim_048,48,nonStim,Bino,0.841666666666667,0.866666666666667,-0.025
Jim_049,49,nonStim,Bino,0.828767123287671,0.895833333333333,-0.0670662100456622
Jim_050,50,nonStim,Bino,0.724409448818898,0.824,-0.0995905511811023
Jim_051,51,nonStim,Bino,0.783333333333333,0.907563025210084,-0.124229691876751
Jim_052,52,nonStim,Bino,0.760330578512397,0.827868852459016,-0.0675382739466197
Jim_053,53,nonStim,Bino,0.75,0.733870967741935,0.0161290322580645
Jim_054,54,nonStim,Bino,0.710743801652893,0.830645161290323,-0.11990135963743
Jim_055,55,nonStim,Bino,0.781954887218045,0.924812030075188,-0.142857142857143
Jim_056,56,nonStim,Bino,0.736842105263158,0.82051282051282,-0.0836707152496626
Jim_057,57,nonStim,Bino,0.908333333333333,0.885245901639344,0.0230874316939891
Jim_058,58,nonStim,Bino,0.768,0.821138211382114,-0.0531382113821138
Jim_059,59,nonStim,Bino,0.761904761904762,0.875862068965517,-0.113957307060755
Jim_060,60,nonStim,Bino,0.644628099173554,0.866666666666667,-0.222038567493113
Jim_061,61,nonStim,Bino,0.756944444444444,0.75,0.00694444444444442
Jim_062,62,nonStim,Bino,0.702479338842975,0.85,-0.147520661157025
Jim_063,63,nonStim,Bino,0.702479338842975,0.788617886178862,-0.0861385473358866
Jim_064,64,nonStim,Bino,0.741666666666667,0.858333333333333,-0.116666666666667
Jim_065,65,nonStim,Bino,0.711538461538462,0.924731182795699,-0.213192721257237
Jim_066,66,nonStim,Bino,0.611570247933884,0.760330578512397,-0.148760330578512
Jim_067,67,nonStim,Bino,0.729508196721312,0.783333333333333,-0.0538251366120218
Jim_068,68,nonStim,Bino,0.78021978021978,0.873563218390805,-0.0933434381710244
Jim_069,69,nonStim,Bino,0.704918032786885,0.752066115702479,-0.0471480829155941
Jim_070,70,nonStim,Bino,0.840336134453782,0.87719298245614,-0.0368568480023588
Jim_071,71,nonStim,Bino,0.806451612903226,0.892561983471074,-0.0861103705678486
Jim_072,72,nonStim,Bino,0.770833333333333,0.903448275862069,-0.132614942528736
Jim_073,73,nonStim,Bino,0.864661654135338,0.901515151515151,-0.0368534973798131
Jim_074,74,nonStim,Bino,0.834710743801653,0.896,-0.0612892561983471
Jim_075,75,nonStim,Bino,0.870967741935484,0.92741935483871,-0.0564516129032258
Jim_076,76,nonStim,Bino,0.783333333333333,0.809917355371901,-0.0265840220385675
Jim_077,77,nonStim,Bino,0.819672131147541,0.867768595041322,-0.0480964638937813
Jim_078,78,nonStim,Bino,0.8,0.900826446280992,-0.100826446280992
Jim_079,79,nonStim,Bino,0.784615384615385,0.876923076923077,-0.0923076923076923
Jim_080,80,nonStim,Bino,0.688524590163934,0.75,-0.0614754098360656
Jim_081,81,nonStim,Bino,0.792307692307692,0.775193798449612,0.0171138938580798
Jim_082,82,nonStim,Bino,0.783333333333333,0.776859504132231,0.00647382920110195
Jim_083,83,nonStim,Bino,0.771186440677966,0.803418803418803,-0.0322323627408373
Jim_084,84,nonStim,Bino,0.781512605042017,0.848739495798319,-0.0672268907563025
Jim_085,85,nonStim,Bino,0.764227642276423,0.868852459016393,-0.104624816739971
Jim_086,86,nonStim,Bino,0.6,0.75531914893617,-0.15531914893617
Jim_087,87,nonStim,Bino,0.842592592592593,0.884615384615385,-0.042022792022792
Jim_088,88,nonStim,Bino,0.847222222222222,0.887323943661972,-0.0401017214397497
Jim_089,89,nonStim,Bino,0.857142857142857,0.824175824175824,0.032967032967033
Jim_090,90,nonStim,Bino,0.809917355371901,0.830508474576271,-0.0205911192043704
Jim_091,91,nonStim,Bino,0.808,0.903225806451613,-0.0952258064516128
Jim_092,92,nonStim,Bino,0.771604938271605,0.845679012345679,-0.0740740740740741
Jim_093,93,nonStim,Bino,0.849056603773585,0.88,-0.0309433962264151
Jim_094,94,nonStim,Bino,0.776595744680851,0.838383838383838,-0.0617880937029873
Jim_095,95,nonStim,Bino,0.740740740740741,0.743362831858407,-0.00262209111766643
Jim_096,96,nonStim,Bino,0.752212389380531,0.814159292035398,-0.0619469026548674
Jim_097,97,nonStim,Bino,0.704918032786885,0.756302521008403,-0.0513844882215181
Jim_098,98,nonStim,Bino,0.573099415204678,0.813953488372093,-0.240854073167415
Jim_099,99,nonStim,Bino,0.884297520661157,0.892561983471074,-0.00826446280991733
Jim_100,100,nonStim,Bino,0.783132530120482,0.855421686746988,-0.072289156626506
Jim_101,101,nonStim,Bino,0.825,0.891666666666667,-0.0666666666666668
Jim_102,102,nonStim,Bino,0.661654135338346,0.734848484848485,-0.073194349510139
Jim_103,103,nonStim,Bino,0.756302521008403,0.818965517241379,-0.062662996232976
Jim_104,104,nonStim,Bino,0.778688524590164,0.877049180327869,-0.0983606557377049
Jim_105,105,nonStim,Bino,0.875,0.913793103448276,-0.0387931034482759
Jim_106,106,nonStim,Bino,0.840579710144927,0.787878787878788,0.0527009222661396
Jim_107,107,nonStim,Bino,0.791666666666667,0.85,-0.0583333333333333
Jim_108,108,nonStim,Bino,0.745762711864407,0.869565217391304,-0.123802505526898
Jim_109,109,nonStim,Bino,0.772222222222222,0.844444444444444,-0.0722222222222222
Jim_110,110,nonStim,Bino,0.793103448275862,0.875,-0.0818965517241379
Jim_111,111,nonStim,Bino,0.794871794871795,0.878260869565217,-0.0833890746934226
Jim_112,112,nonStim,Bino,0.760330578512397,0.883333333333333,-0.123002754820937
Jim_113,113,nonStim,Bino,0.827868852459016,0.910569105691057,-0.0827002532320404
Jim_114,114,nonStim,Bino,0.815068493150685,0.89041095890411,-0.0753424657534246
Jim_115,115,nonStim,Bino,0.576923076923077,0.8,-0.223076923076923
Jim_116,116,nonStim,Bino,0.659863945578231,0.875,-0.215136054421769
Jim_117,117,nonStim,Bino,0.748091603053435,0.816793893129771,-0.0687022900763359
Jim_118,118,nonStim,Bino,0.789915966386555,0.783333333333333,0.00658263305322127
Jim_119,119,nonStim,Bino,0.848275862068966,0.895833333333333,-0.0475574712643678
Jim_120,120,nonStim,Bino,0.619834710743802,0.641666666666667,-0.021831955922865
Jim_121,121,nonStim,Bino,0.821917808219178,0.925170068027211,-0.103252259808033
Jim_122,122,nonStim,Bino,0.833333333333333,0.894444444444444,-0.0611111111111111
Jim_123,123,nonStim,Bino,0.679012345679012,0.842424242424242,-0.16341189674523
Jim_124,124,nonStim,Bino,0.753246753246753,0.795918367346939,-0.0426716141001855
Jim_125,125,nonStim,Bino,0.5,0.638888888888889,-0.138888888888889
Jim_126,126,nonStim,Bino,0.858333333333333,0.9,-0.0416666666666667
Jim_127,127,nonStim,Bino,0.664429530201342,0.82312925170068,-0.158699721499338
Jim_128,128,nonStim,Bino,0.744827586206897,0.793103448275862,-0.0482758620689655
Jim_129,129,nonStim,Bino,0.696551724137931,0.731034482758621,-0.0344827586206897
Jim_130,130,nonStim,Bino,0.721311475409836,0.752066115702479,-0.0307546402926433
Jim_131,131,nonStim,Bino,0.8,0.883333333333333,-0.0833333333333333
Jim_132,132,nonStim,Bino,0.888888888888889,0.882352941176471,0.00653594771241828
Jim_133,133,nonStim,Bino,0.870967741935484,0.884297520661157,-0.0133297787256732
Jim_134,134,nonStim,Bino,0.785185185185185,0.874074074074074,-0.0888888888888889
Jim_135,135,nonStim,Bino,0.847133757961783,0.891025641025641,-0.0438918830638576
Jim_136,136,nonStim,Bino,0.851239669421488,0.833333333333333,0.0179063360881543
Jim_137,137,nonStim,Bino,0.798701298701299,0.913333333333333,-0.114632034632035
Jim_138,138,nonStim,Bino,0.780821917808219,0.881944444444444,-0.101122526636225
Jim_139,139,nonStim,Bino,0.848739495798319,0.898305084745763,-0.0495655889474435
Jim_140,140,nonStim,Bino,0.75,0.833333333333333,-0.0833333333333334
Jim_141,141,nonStim,Bino,0.746835443037975,0.770700636942675,-0.0238651939047005
Jim_142,142,nonStim,Bino,0.822085889570552,0.836363636363636,-0.0142777467930841
Jim_143,143,nonStim,Bino,0.676258992805755,0.817518248175182,-0.141259255369427
Jim_144,144,nonStim,Bino,0.821138211382114,0.854838709677419,-0.0337004982953055
Jim_145,145,nonStim,Bino,0.68,0.705426356589147,-0.0254263565891473
Jim_146,146,nonStim,Bino,0.826446280991736,0.854838709677419,-0.0283924286856838
Jim_147,147,nonStim,Bino,0.908333333333333,0.925,-0.0166666666666667
Jim_148,148,nonStim,Bino,0.852713178294574,0.84,0.0127131782945736
Jim_149,149,nonStim,Bino,0.731707317073171,0.879032258064516,-0.147324940991345
Jim_150,150,nonStim,Bino,0.854700854700855,0.895652173913044,-0.0409513192121889
Jim_151,151,nonStim,Bino,0.717741935483871,0.854838709677419,-0.137096774193548
