SourceFile,Monkey,SessionID,SessionIndex,Block,ConditionIndex,ConditionName,CorrectCount,TotalTrials,CorrectRate,NCoherenceLevels
C:\Users\zzhu329\Documents\GitHub\EM-3DMotion\BehaviorFitting\BehaviorData_Jim.mat,Jim,Jim_001,1,nonStim,1,Combined,113,121,0.933884297520661,12
C:\Users\zzhu329\Documents\GitHub\EM-3DMotion\BehaviorFitting\BehaviorData_Jim.mat,Jim,Jim_001,1,nonStim,2,MonoL,105,121,0.867768595041322,12
C:\Users\zzhu329\Documents\GitHub\EM-3DMotion\BehaviorFitting\BehaviorData_Jim.mat,Jim,Jim_001,1,nonStim,3,MonoR,103,122,0.844262295081967,12
C:\Users\zzhu329\Documents\GitHub\EM-3DMotion\BehaviorFitting\BehaviorData_Jim.mat,Jim,Jim_001,1,nonStim,4,Bino,110,122,0.901639344262295,12
C:\Users\zzhu329\Documents\GitHub\EM-3DMotion\BehaviorFitting\BehaviorData_Jim.mat,Jim,Jim_002,2,nonStim,1,Combined,123,140,0.878571428571429,12
C:\Users\zzhu329\Documents\GitHub\EM-3DMotion\BehaviorFitting\BehaviorData_Jim.mat,Jim,Jim_002,2,nonStim,2,MonoL,119,142,0.838028169014085,12
C:\Users\zzhu329\Documents\GitHub\EM-3DMotion\BehaviorFitting\BehaviorData_Jim.mat,Jim,Jim_002,2,nonStim,3,MonoR,113,141,0.801418439716312,12
C:\Users\zzhu329\Documents\GitHub\EM-3DMotion\BehaviorFitting\BehaviorData_Jim.mat,Jim,Jim_002,2,nonStim,4,Bino,122,138,0.884057971014493,12
C:\Users\zzhu329\Documents\GitHub\EM-3DMotion\BehaviorFitting\BehaviorData_Jim.mat,Jim,Jim_003,3,nonStim,1,Combined,128,137,0.934306569343066,12
C:\Users\zzhu329\Documents\GitHub\EM-3DMotion\BehaviorFitting\BehaviorData_Jim.mat,Jim,Jim_003,3,nonStim,2,MonoL,106,139,0.762589928057554,12
C:\Users\zzhu329\Documents\GitHub\EM-3DMotion\BehaviorFitting\BehaviorData_Jim.mat,Jim,Jim_003,3,nonStim,3,MonoR,92,139,0.661870503597122,12
C:\Users\zzhu329\Documents\GitHub\EM-3DMotion\BehaviorFitting\BehaviorData_Jim.mat,Jim,Jim_003,3,nonStim,4,Bino,117,140,0.835714285714286,12
C:\Users\zzhu329\Documents\GitHub\EM-3DMotion\BehaviorFitting\BehaviorData_Jim.mat,Jim,Jim_004,4,nonStim,1,Combined,114,125,0.912,12
C:\Users\zzhu329\Documents\GitHub\EM-3DMotion\BehaviorFitting\BehaviorData_Jim.mat,Jim,Jim_004,4,nonStim,2,MonoL,107,125,0.856,12
C:\Users\zzhu329\Documents\GitHub\EM-3DMotion\BehaviorFitting\BehaviorData_Jim.mat,Jim,Jim_004,4,nonStim,3,MonoR,98,124,0.790322580645161,12
C:\Users\zzhu329\Documents\GitHub\EM-3DMotion\BehaviorFitting\BehaviorData_Jim.mat,Jim,Jim_004,4,nonStim,4,Bino,106,122,0.868852459016393,12
C:\Users\zzhu329\Documents\GitHub\EM-3DMotion\BehaviorFitting\BehaviorData_Jim.mat,Jim,Jim_005,5,nonStim,1,Combined,119,134,0.888059701492537,12
C:\Users\zzhu329\Documents\GitHub\EM-3DMotion\BehaviorFitting\BehaviorData_Jim.mat,Jim,Jim_005,5,nonStim,2,MonoL,100,133,0.75187969924812,12
C:\Users\zzhu329\Documents\GitHub\EM-3DMotion\BehaviorFitting\BehaviorData_Jim.mat,Jim,Jim_005,5,nonStim,3,MonoR,92,132,0.696969696969697,12
C:\Users\zzhu329\Documents\GitHub\EM-3DMotion\BehaviorFitting\BehaviorData_Jim.mat,Jim,Jim_005,5,nonStim,4,Bino,117,133,0.879699248120301,12
C:\Users\zzhu329\Documents\GitHub\EM-3DMotion\BehaviorFitting\BehaviorData_Jim.mat,Jim,Jim_006,6,nonStim,1,Combined,142,147,0.965986394557823,12
C:\Users\zzhu329\Documents\GitHub\EM-3DMotion\BehaviorFitting\BehaviorData_Jim.mat,Jim,Jim_006,6,nonStim,2,MonoL,124,148,0.837837837837838,12
C:\Users\zzhu329\Documents\GitHub\EM-3DMotion\BehaviorFitting\BehaviorData_Jim.mat,Jim,Jim_006,6,nonStim,3,MonoR,125,148,0.844594594594595,12
C:\Users\zzhu329\Documents\GitHub\EM-3DMotion\BehaviorFitting\BehaviorData_Jim.mat,Jim,Jim_006,6,nonStim,4,Bino,136,147,0.925170068027211,12
C:\Users\zzhu329\Documents\GitHub\EM-3DMotion\BehaviorFitting\BehaviorData_Jim.mat,Jim,Jim_007,7,nonStim,1,Combined,110,121,0.909090909090909,12
C:\Users\zzhu329\Documents\GitHub\EM-3DMotion\BehaviorFitting\BehaviorData_Jim.mat,Jim,Jim_007,7,nonStim,2,MonoL,105,120,0.875,12
C:\Users\zzhu329\Documents\GitHub\EM-3DMotion\BehaviorFitting\BehaviorData_Jim.mat,Jim,Jim_007,7,nonStim,3,MonoR,88,119,0.739495798319328,12
C:\Users\zzhu329\Documents\GitHub\EM-3DMotion\BehaviorFitting\BehaviorData_Jim.mat,Jim,Jim_007,7,nonStim,4,Bino,105,122,0.860655737704918,12
C:\Users\zzhu329\Documents\GitHub\EM-3DMotion\BehaviorFitting\BehaviorData_Jim.mat,Jim,Jim_008,8,nonStim,1,Combined,115,132,0.871212121212121,12
C:\Users\zzhu329\Documents\GitHub\EM-3DMotion\BehaviorFitting\BehaviorData_Jim.mat,Jim,Jim_008,8,nonStim,2,MonoL,110,132,0.833333333333333,12
C:\Users\zzhu329\Documents\GitHub\EM-3DMotion\BehaviorFitting\BehaviorData_Jim.mat,Jim,Jim_008,8,nonStim,3,MonoR,81,132,0.613636363636364,12
C:\Users\zzhu329\Documents\GitHub\EM-3DMotion\BehaviorFitting\BehaviorData_Jim.mat,Jim,Jim_008,8,nonStim,4,Bino,114,132,0.863636363636364,12
C:\Users\zzhu329\Documents\GitHub\EM-3DMotion\BehaviorFitting\BehaviorData_Jim.mat,Jim,Jim_009,9,nonStim,1,Combined,112,121,0.925619834710744,12
C:\Users\zzhu329\Documents\GitHub\EM-3DMotion\BehaviorFitting\BehaviorData_Jim.mat,Jim,Jim_009,9,nonStim,2,MonoL,110,121,0.909090909090909,12
C:\Users\zzhu329\Documents\GitHub\EM-3DMotion\BehaviorFitting\BehaviorData_Jim.mat,Jim,Jim_009,9,nonStim,3,MonoR,76,120,0.633333333333333,12
C:\Users\zzhu329\Documents\GitHub\EM-3DMotion\BehaviorFitting\BehaviorData_Jim.mat,Jim,Jim_009,9,nonStim,4,Bino,102,122,0.836065573770492,12
C:\Users\zzhu329\Documents\GitHub\EM-3DMotion\BehaviorFitting\BehaviorData_Jim.mat,Jim,Jim_010,10,nonStim,1,Combined,108,122,0.885245901639344,12
C:\Users\zzhu329\Documents\GitHub\EM-3DMotion\BehaviorFitting\BehaviorData_Jim.mat,Jim,Jim_010,10,nonStim,2,MonoL,82,120,0.683333333333333,12
C:\Users\zzhu329\Documents\GitHub\EM-3DMotion\BehaviorFitting\BehaviorData_Jim.mat,Jim,Jim_010,10,nonStim,3,MonoR,74,119,0.621848739495798,12
C:\Users\zzhu329\Documents\GitHub\EM-3DMotion\BehaviorFitting\BehaviorData_Jim.mat,Jim,Jim_010,10,nonStim,4,Bino,105,123,0.853658536585366,12
C:\Users\zzhu329\Documents\GitHub\EM-3DMotion\BehaviorFitting\BehaviorData_Jim.mat,Jim,Jim_011,11,nonStim,1,Combined,128,132,0.96969696969697,12
C:\Users\zzhu329\Documents\GitHub\EM-3DMotion\BehaviorFitting\BehaviorData_Jim.mat,Jim,Jim_011,11,nonStim,2,MonoL,110,132,0.833333333333333,12
C:\Users\zzhu329\Documents\GitHub\EM-3DMotion\BehaviorFitting\BehaviorData_Jim.mat,Jim,Jim_011,11,nonStim,3,MonoR,102,132,0.772727272727273,12
C:\Users\zzhu329\Documents\GitHub\EM-3DMotion\BehaviorFitting\BehaviorData_Jim.mat,Jim,Jim_011,11,nonStim,4,Bino,114,132,0.863636363636364,12
C:\Users\zzhu329\Documents\GitHub\EM-3DMotion\BehaviorFitting\BehaviorData_Jim.mat,Jim,Jim_012,12,nonStim,1,Combined,186,192,0.96875,12
C:\Users\zzhu329\Documents\GitHub\EM-3DMotion\BehaviorFitting\BehaviorData_Jim.mat,Jim,Jim_012,12,nonStim,2,MonoL,162,193,0.839378238341969,12
C:\Users\zzhu329\Documents\GitHub\EM-3DMotion\BehaviorFitting\BehaviorData_Jim.mat,Jim,Jim_012,12,nonStim,3,MonoR,159,192,0.828125,12
C:\Users\zzhu329\Documents\GitHub\EM-3DMotion\BehaviorFitting\BehaviorData_Jim.mat,Jim,Jim_012,12,nonStim,4,Bino,168,192,0.875,12
C:\Users\zzhu329\Documents\GitHub\EM-3DMotion\BehaviorFitting\BehaviorData_Jim.mat,Jim,Jim_013,13,nonStim,1,Combined,117,122,0.959016393442623,12
C:\Users\zzhu329\Documents\GitHub\EM-3DMotion\BehaviorFitting\BehaviorData_Jim.mat,Jim,Jim_013,13,nonStim,2,MonoL,101,122,0.827868852459016,12
C:\Users\zzhu329\Documents\GitHub\EM-3DMotion\BehaviorFitting\BehaviorData_Jim.mat,Jim,Jim_013,13,nonStim,3,MonoR,97,122,0.795081967213115,12
C:\Users\zzhu329\Documents\GitHub\EM-3DMotion\BehaviorFitting\BehaviorData_Jim.mat,Jim,Jim_013,13,nonStim,4,Bino,114,123,0.926829268292683,12
C:\Users\zzhu329\Documents\GitHub\EM-3DMotion\BehaviorFitting\BehaviorData_Jim.mat,Jim,Jim_014,14,nonStim,1,Combined,143,154,0.928571428571429,12
C:\Users\zzhu329\Documents\GitHub\EM-3DMotion\BehaviorFitting\BehaviorData_Jim.mat,Jim,Jim_014,14,nonStim,2,MonoL,140,155,0.903225806451613,12
C:\Users\zzhu329\Documents\GitHub\EM-3DMotion\BehaviorFitting\BehaviorData_Jim.mat,Jim,Jim_014,14,nonStim,3,MonoR,107,156,0.685897435897436,12
C:\Users\zzhu329\Documents\GitHub\EM-3DMotion\BehaviorFitting\BehaviorData_Jim.mat,Jim,Jim_014,14,nonStim,4,Bino,133,155,0.858064516129032,12
C:\Users\zzhu329\Documents\GitHub\EM-3DMotion\BehaviorFitting\BehaviorData_Jim.mat,Jim,Jim_015,15,nonStim,1,Combined,175,182,0.961538461538462,12
C:\Users\zzhu329\Documents\GitHub\EM-3DMotion\BehaviorFitting\BehaviorData_Jim.mat,Jim,Jim_015,15,nonStim,2,MonoL,155,180,0.861111111111111,12
C:\Users\zzhu329\Documents\GitHub\EM-3DMotion\BehaviorFitting\BehaviorData_Jim.mat,Jim,Jim_015,15,nonStim,3,MonoR,133,181,0.734806629834254,12
C:\Users\zzhu329\Documents\GitHub\EM-3DMotion\BehaviorFitting\BehaviorData_Jim.mat,Jim,Jim_015,15,nonStim,4,Bino,154,181,0.850828729281768,12
C:\Users\zzhu329\Documents\GitHub\EM-3DMotion\BehaviorFitting\BehaviorData_Jim.mat,Jim,Jim_016,16,nonStim,1,Combined,109,117,0.931623931623932,12
C:\Users\zzhu329\Documents\GitHub\EM-3DMotion\BehaviorFitting\BehaviorData_Jim.mat,Jim,Jim_016,16,nonStim,2,MonoL,99,116,0.853448275862069,12
C:\Users\zzhu329\Documents\GitHub\EM-3DMotion\BehaviorFitting\BehaviorData_Jim.mat,Jim,Jim_016,16,nonStim,3,MonoR,90,115,0.782608695652174,12
C:\Users\zzhu329\Documents\GitHub\EM-3DMotion\BehaviorFitting\BehaviorData_Jim.mat,Jim,Jim_016,16,nonStim,4,Bino,109,119,0.915966386554622,12
C:\Users\zzhu329\Documents\GitHub\EM-3DMotion\BehaviorFitting\BehaviorData_Jim.mat,Jim,Jim_017,17,nonStim,1,Combined,108,117,0.923076923076923,12
C:\Users\zzhu329\Documents\GitHub\EM-3DMotion\BehaviorFitting\BehaviorData_Jim.mat,Jim,Jim_017,17,nonStim,2,MonoL,103,119,0.865546218487395,12
C:\Users\zzhu329\Documents\GitHub\EM-3DMotion\BehaviorFitting\BehaviorData_Jim.mat,Jim,Jim_017,17,nonStim,3,MonoR,107,120,0.891666666666667,12
C:\Users\zzhu329\Documents\GitHub\EM-3DMotion\BehaviorFitting\BehaviorData_Jim.mat,Jim,Jim_017,17,nonStim,4,Bino,107,119,0.899159663865546,12
C:\Users\zzhu329\Documents\GitHub\EM-3DMotion\BehaviorFitting\BehaviorData_Jim.mat,Jim,Jim_018,18,nonStim,1,Combined,123,133,0.924812030075188,12
C:\Users\zzhu329\Documents\GitHub\EM-3DMotion\BehaviorFitting\BehaviorData_Jim.mat,Jim,Jim_018,18,nonStim,2,MonoL,118,135,0.874074074074074,12
C:\Users\zzhu329\Documents\GitHub\EM-3DMotion\BehaviorFitting\BehaviorData_Jim.mat,Jim,Jim_018,18,nonStim,3,MonoR,107,133,0.804511278195489,12
C:\Users\zzhu329\Documents\GitHub\EM-3DMotion\BehaviorFitting\BehaviorData_Jim.mat,Jim,Jim_018,18,nonStim,4,Bino,117,134,0.873134328358209,12
C:\Users\zzhu329\Documents\GitHub\EM-3DMotion\BehaviorFitting\BehaviorData_Jim.mat,Jim,Jim_019,19,nonStim,1,Combined,114,122,0.934426229508197,12
C:\Users\zzhu329\Documents\GitHub\EM-3DMotion\BehaviorFitting\BehaviorData_Jim.mat,Jim,Jim_019,19,nonStim,2,MonoL,100,120,0.833333333333333,12
C:\Users\zzhu329\Documents\GitHub\EM-3DMotion\BehaviorFitting\BehaviorData_Jim.mat,Jim,Jim_019,19,nonStim,3,MonoR,105,121,0.867768595041322,12
C:\Users\zzhu329\Documents\GitHub\EM-3DMotion\BehaviorFitting\BehaviorData_Jim.mat,Jim,Jim_019,19,nonStim,4,Bino,99,120,0.825,12
C:\Users\zzhu329\Documents\GitHub\EM-3DMotion\BehaviorFitting\BehaviorData_Jim.mat,Jim,Jim_020,20,nonStim,1,Combined,118,126,0.936507936507937,12
C:\Users\zzhu329\Documents\GitHub\EM-3DMotion\BehaviorFitting\BehaviorData_Jim.mat,Jim,Jim_020,20,nonStim,2,MonoL,112,126,0.888888888888889,12
C:\Users\zzhu329\Documents\GitHub\EM-3DMotion\BehaviorFitting\BehaviorData_Jim.mat,Jim,Jim_020,20,nonStim,3,MonoR,97,125,0.776,12
C:\Users\zzhu329\Documents\GitHub\EM-3DMotion\BehaviorFitting\BehaviorData_Jim.mat,Jim,Jim_020,20,nonStim,4,Bino,108,124,0.870967741935484,12
C:\Users\zzhu329\Documents\GitHub\EM-3DMotion\BehaviorFitting\BehaviorData_Jim.mat,Jim,Jim_021,21,nonStim,1,Combined,136,144,0.944444444444444,12
C:\Users\zzhu329\Documents\GitHub\EM-3DMotion\BehaviorFitting\BehaviorData_Jim.mat,Jim,Jim_021,21,nonStim,2,MonoL,128,144,0.888888888888889,12
C:\Users\zzhu329\Documents\GitHub\EM-3DMotion\BehaviorFitting\BehaviorData_Jim.mat,Jim,Jim_021,21,nonStim,3,MonoR,117,144,0.8125,12
C:\Users\zzhu329\Documents\GitHub\EM-3DMotion\BehaviorFitting\BehaviorData_Jim.mat,Jim,Jim_021,21,nonStim,4,Bino,136,145,0.937931034482759,12
C:\Users\zzhu329\Documents\GitHub\EM-3DMotion\BehaviorFitting\BehaviorData_Jim.mat,Jim,Jim_022,22,nonStim,1,Combined,108,121,0.892561983471074,12
C:\Users\zzhu329\Documents\GitHub\EM-3DMotion\BehaviorFitting\BehaviorData_Jim.mat,Jim,Jim_022,22,nonStim,2,MonoL,100,120,0.833333333333333,12
C:\Users\zzhu329\Documents\GitHub\EM-3DMotion\BehaviorFitting\BehaviorData_Jim.mat,Jim,Jim_022,22,nonStim,3,MonoR,94,120,0.783333333333333,12
C:\Users\zzhu329\Documents\GitHub\EM-3DMotion\BehaviorFitting\BehaviorData_Jim.mat,Jim,Jim_022,22,nonStim,4,Bino,100,120,0.833333333333333,12
C:\Users\zzhu329\Documents\GitHub\EM-3DMotion\BehaviorFitting\BehaviorData_Jim.mat,Jim,Jim_023,23,nonStim,1,Combined,96,100,0.96,12
C:\Users\zzhu329\Documents\GitHub\EM-3DMotion\BehaviorFitting\BehaviorData_Jim.mat,Jim,Jim_023,23,nonStim,2,MonoL,88,98,0.897959183673469,12
C:\Users\zzhu329\Documents\GitHub\EM-3DMotion\BehaviorFitting\BehaviorData_Jim.mat,Jim,Jim_023,23,nonStim,3,MonoR,84,102,0.823529411764706,12
C:\Users\zzhu329\Documents\GitHub\EM-3DMotion\BehaviorFitting\BehaviorData_Jim.mat,Jim,Jim_023,23,nonStim,4,Bino,89,98,0.908163265306122,12
C:\Users\zzhu329\Documents\GitHub\EM-3DMotion\BehaviorFitting\BehaviorData_Jim.mat,Jim,Jim_024,24,nonStim,1,Combined,117,120,0.975,12
C:\Users\zzhu329\Documents\GitHub\EM-3DMotion\BehaviorFitting\BehaviorData_Jim.mat,Jim,Jim_024,24,nonStim,2,MonoL,102,120,0.85,12
C:\Users\zzhu329\Documents\GitHub\EM-3DMotion\BehaviorFitting\BehaviorData_Jim.mat,Jim,Jim_024,24,nonStim,3,MonoR,88,120,0.733333333333333,12
C:\Users\zzhu329\Documents\GitHub\EM-3DMotion\BehaviorFitting\BehaviorData_Jim.mat,Jim,Jim_024,24,nonStim,4,Bino,97,120,0.808333333333333,12
C:\Users\zzhu329\Documents\GitHub\EM-3DMotion\BehaviorFitting\BehaviorData_Jim.mat,Jim,Jim_025,25,nonStim,1,Combined,113,119,0.949579831932773,12
C:\Users\zzhu329\Documents\GitHub\EM-3DMotion\BehaviorFitting\BehaviorData_Jim.mat,Jim,Jim_025,25,nonStim,2,MonoL,100,121,0.826446280991736,12
C:\Users\zzhu329\Documents\GitHub\EM-3DMotion\BehaviorFitting\BehaviorData_Jim.mat,Jim,Jim_025,25,nonStim,3,MonoR,97,120,0.808333333333333,12
C:\Users\zzhu329\Documents\GitHub\EM-3DMotion\BehaviorFitting\BehaviorData_Jim.mat,Jim,Jim_025,25,nonStim,4,Bino,107,121,0.884297520661157,12
C:\Users\zzhu329\Documents\GitHub\EM-3DMotion\BehaviorFitting\BehaviorData_Jim.mat,Jim,Jim_026,26,nonStim,1,Combined,116,122,0.950819672131147,12
C:\Users\zzhu329\Documents\GitHub\EM-3DMotion\BehaviorFitting\BehaviorData_Jim.mat,Jim,Jim_026,26,nonStim,2,MonoL,83,120,0.691666666666667,12
C:\Users\zzhu329\Documents\GitHub\EM-3DMotion\BehaviorFitting\BehaviorData_Jim.mat,Jim,Jim_026,26,nonStim,3,MonoR,94,120,0.783333333333333,12
C:\Users\zzhu329\Documents\GitHub\EM-3DMotion\BehaviorFitting\BehaviorData_Jim.mat,Jim,Jim_026,26,nonStim,4,Bino,105,121,0.867768595041322,12
C:\Users\zzhu329\Documents\GitHub\EM-3DMotion\BehaviorFitting\BehaviorData_Jim.mat,Jim,Jim_027,27,nonStim,1,Combined,108,120,0.9,12
C:\Users\zzhu329\Documents\GitHub\EM-3DMotion\BehaviorFitting\BehaviorData_Jim.mat,Jim,Jim_027,27,nonStim,2,MonoL,83,121,0.685950413223141,12
C:\Users\zzhu329\Documents\GitHub\EM-3DMotion\BehaviorFitting\BehaviorData_Jim.mat,Jim,Jim_027,27,nonStim,3,MonoR,83,121,0.685950413223141,12
C:\Users\zzhu329\Documents\GitHub\EM-3DMotion\BehaviorFitting\BehaviorData_Jim.mat,Jim,Jim_027,27,nonStim,4,Bino,102,120,0.85,12
C:\Users\zzhu329\Documents\GitHub\EM-3DMotion\BehaviorFitting\BehaviorData_Jim.mat,Jim,Jim_028,28,nonStim,1,Combined,109,117,0.931623931623932,12
C:\Users\zzhu329\Documents\GitHub\EM-3DMotion\BehaviorFitting\BehaviorData_Jim.mat,Jim,Jim_028,28,nonStim,2,MonoL,103,117,0.88034188034188,12
C:\Users\zzhu329\Documents\GitHub\EM-3DMotion\BehaviorFitting\BehaviorData_Jim.mat,Jim,Jim_028,28,nonStim,3,MonoR,106,120,0.883333333333333,12
C:\Users\zzhu329\Documents\GitHub\EM-3DMotion\BehaviorFitting\BehaviorData_Jim.mat,Jim,Jim_028,28,nonStim,4,Bino,114,127,0.897637795275591,12
C:\Users\zzhu329\Documents\GitHub\EM-3DMotion\BehaviorFitting\BehaviorData_Jim.mat,Jim,Jim_029,29,nonStim,1,Combined,101,119,0.848739495798319,12
C:\Users\zzhu329\Documents\GitHub\EM-3DMotion\BehaviorFitting\BehaviorData_Jim.mat,Jim,Jim_029,29,nonStim,2,MonoL,98,118,0.830508474576271,12
C:\Users\zzhu329\Documents\GitHub\EM-3DMotion\BehaviorFitting\BehaviorData_Jim.mat,Jim,Jim_029,29,nonStim,3,MonoR,78,121,0.644628099173554,12
C:\Users\zzhu329\Documents\GitHub\EM-3DMotion\BehaviorFitting\BehaviorData_Jim.mat,Jim,Jim_029,29,nonStim,4,Bino,93,121,0.768595041322314,12
C:\Users\zzhu329\Documents\GitHub\EM-3DMotion\BehaviorFitting\BehaviorData_Jim.mat,Jim,Jim_030,30,nonStim,1,Combined,133,144,0.923611111111111,12
C:\Users\zzhu329\Documents\GitHub\EM-3DMotion\BehaviorFitting\BehaviorData_Jim.mat,Jim,Jim_030,30,nonStim,2,MonoL,122,144,0.847222222222222,12
C:\Users\zzhu329\Documents\GitHub\EM-3DMotion\BehaviorFitting\BehaviorData_Jim.mat,Jim,Jim_030,30,nonStim,3,MonoR,107,144,0.743055555555556,12
C:\Users\zzhu329\Documents\GitHub\EM-3DMotion\BehaviorFitting\BehaviorData_Jim.mat,Jim,Jim_030,30,nonStim,4,Bino,112,144,0.777777777777778,12
C:\Users\zzhu329\Documents\GitHub\EM-3DMotion\BehaviorFitting\BehaviorData_Jim.mat,Jim,Jim_031,31,nonStim,1,Combined,109,119,0.915966386554622,12
C:\Users\zzhu329\Documents\GitHub\EM-3DMotion\BehaviorFitting\BehaviorData_Jim.mat,Jim,Jim_031,31,nonStim,2,MonoL,102,120,0.85,12
C:\Users\zzhu329\Documents\GitHub\EM-3DMotion\BehaviorFitting\BehaviorData_Jim.mat,Jim,Jim_031,31,nonStim,3,MonoR,83,120,0.691666666666667,12
C:\Users\zzhu329\Documents\GitHub\EM-3DMotion\BehaviorFitting\BehaviorData_Jim.mat,Jim,Jim_031,31,nonStim,4,Bino,101,121,0.834710743801653,12
C:\Users\zzhu329\Documents\GitHub\EM-3DMotion\BehaviorFitting\BehaviorData_Jim.mat,Jim,Jim_032,32,nonStim,1,Combined,140,152,0.921052631578947,12
C:\Users\zzhu329\Documents\GitHub\EM-3DMotion\BehaviorFitting\BehaviorData_Jim.mat,Jim,Jim_032,32,nonStim,2,MonoL,136,152,0.894736842105263,12
C:\Users\zzhu329\Documents\GitHub\EM-3DMotion\BehaviorFitting\BehaviorData_Jim.mat,Jim,Jim_032,32,nonStim,3,MonoR,101,155,0.651612903225806,12
C:\Users\zzhu329\Documents\GitHub\EM-3DMotion\BehaviorFitting\BehaviorData_Jim.mat,Jim,Jim_032,32,nonStim,4,Bino,132,156,0.846153846153846,12
C:\Users\zzhu329\Documents\GitHub\EM-3DMotion\BehaviorFitting\BehaviorData_Jim.mat,Jim,Jim_033,33,nonStim,1,Combined,109,120,0.908333333333333,12
C:\Users\zzhu329\Documents\GitHub\EM-3DMotion\BehaviorFitting\BehaviorData_Jim.mat,Jim,Jim_033,33,nonStim,2,MonoL,97,120,0.808333333333333,12
C:\Users\zzhu329\Documents\GitHub\EM-3DMotion\BehaviorFitting\BehaviorData_Jim.mat,Jim,Jim_033,33,nonStim,3,MonoR,93,122,0.762295081967213,12
C:\Users\zzhu329\Documents\GitHub\EM-3DMotion\BehaviorFitting\BehaviorData_Jim.mat,Jim,Jim_033,33,nonStim,4,Bino,107,120,0.891666666666667,12
C:\Users\zzhu329\Documents\GitHub\EM-3DMotion\BehaviorFitting\BehaviorData_Jim.mat,Jim,Jim_034,34,nonStim,1,Combined,117,120,0.975,12
C:\Users\zzhu329\Documents\GitHub\EM-3DMotion\BehaviorFitting\BehaviorData_Jim.mat,Jim,Jim_034,34,nonStim,2,MonoL,106,122,0.868852459016393,12
C:\Users\zzhu329\Documents\GitHub\EM-3DMotion\BehaviorFitting\BehaviorData_Jim.mat,Jim,Jim_034,34,nonStim,3,MonoR,104,120,0.866666666666667,12
C:\Users\zzhu329\Documents\GitHub\EM-3DMotion\BehaviorFitting\BehaviorData_Jim.mat,Jim,Jim_034,34,nonStim,4,Bino,116,121,0.958677685950413,12
C:\Users\zzhu329\Documents\GitHub\EM-3DMotion\BehaviorFitting\BehaviorData_Jim.mat,Jim,Jim_035,35,nonStim,1,Combined,169,181,0.933701657458563,12
C:\Users\zzhu329\Documents\GitHub\EM-3DMotion\BehaviorFitting\BehaviorData_Jim.mat,Jim,Jim_035,35,nonStim,2,MonoL,163,184,0.885869565217391,12
C:\Users\zzhu329\Documents\GitHub\EM-3DMotion\BehaviorFitting\BehaviorData_Jim.mat,Jim,Jim_035,35,nonStim,3,MonoR,153,184,0.831521739130435,12
C:\Users\zzhu329\Documents\GitHub\EM-3DMotion\BehaviorFitting\BehaviorData_Jim.mat,Jim,Jim_035,35,nonStim,4,Bino,162,183,0.885245901639344,12
C:\Users\zzhu329\Documents\GitHub\EM-3DMotion\BehaviorFitting\BehaviorData_Jim.mat,Jim,Jim_036,36,nonStim,1,Combined,153,169,0.905325443786982,12
C:\Users\zzhu329\Documents\GitHub\EM-3DMotion\BehaviorFitting\BehaviorData_Jim.mat,Jim,Jim_036,36,nonStim,2,MonoL,142,169,0.840236686390533,12
C:\Users\zzhu329\Documents\GitHub\EM-3DMotion\BehaviorFitting\BehaviorData_Jim.mat,Jim,Jim_036,36,nonStim,3,MonoR,113,169,0.668639053254438,12
C:\Users\zzhu329\Documents\GitHub\EM-3DMotion\BehaviorFitting\BehaviorData_Jim.mat,Jim,Jim_036,36,nonStim,4,Bino,146,169,0.863905325443787,12
C:\Users\zzhu329\Documents\GitHub\EM-3DMotion\BehaviorFitting\BehaviorData_Jim.mat,Jim,Jim_037,37,nonStim,1,Combined,109,121,0.900826446280992,12
C:\Users\zzhu329\Documents\GitHub\EM-3DMotion\BehaviorFitting\BehaviorData_Jim.mat,Jim,Jim_037,37,nonStim,2,MonoL,103,121,0.851239669421488,12
C:\Users\zzhu329\Documents\GitHub\EM-3DMotion\BehaviorFitting\BehaviorData_Jim.mat,Jim,Jim_037,37,nonStim,3,MonoR,86,120,0.716666666666667,12
C:\Users\zzhu329\Documents\GitHub\EM-3DMotion\BehaviorFitting\BehaviorData_Jim.mat,Jim,Jim_037,37,nonStim,4,Bino,104,120,0.866666666666667,12
C:\Users\zzhu329\Documents\GitHub\EM-3DMotion\BehaviorFitting\BehaviorData_Jim.mat,Jim,Jim_038,38,nonStim,1,Combined,162,168,0.964285714285714,12
C:\Users\zzhu329\Documents\GitHub\EM-3DMotion\BehaviorFitting\BehaviorData_Jim.mat,Jim,Jim_038,38,nonStim,2,MonoL,138,168,0.821428571428571,12
C:\Users\zzhu329\Documents\GitHub\EM-3DMotion\BehaviorFitting\BehaviorData_Jim.mat,Jim,Jim_038,38,nonStim,3,MonoR,138,168,0.821428571428571,12
C:\Users\zzhu329\Documents\GitHub\EM-3DMotion\BehaviorFitting\BehaviorData_Jim.mat,Jim,Jim_038,38,nonStim,4,Bino,154,168,0.916666666666667,12
C:\Users\zzhu329\Documents\GitHub\EM-3DMotion\BehaviorFitting\BehaviorData_Jim.mat,Jim,Jim_039,39,nonStim,1,Combined,126,143,0.881118881118881,12
C:\Users\zzhu329\Documents\GitHub\EM-3DMotion\BehaviorFitting\BehaviorData_Jim.mat,Jim,Jim_039,39,nonStim,2,MonoL,109,144,0.756944444444444,12
C:\Users\zzhu329\Documents\GitHub\EM-3DMotion\BehaviorFitting\BehaviorData_Jim.mat,Jim,Jim_039,39,nonStim,3,MonoR,101,144,0.701388888888889,12
C:\Users\zzhu329\Documents\GitHub\EM-3DMotion\BehaviorFitting\BehaviorData_Jim.mat,Jim,Jim_039,39,nonStim,4,Bino,105,145,0.724137931034483,12
C:\Users\zzhu329\Documents\GitHub\EM-3DMotion\BehaviorFitting\BehaviorData_Jim.mat,Jim,Jim_040,40,nonStim,1,Combined,116,121,0.958677685950413,12
C:\Users\zzhu329\Documents\GitHub\EM-3DMotion\BehaviorFitting\BehaviorData_Jim.mat,Jim,Jim_040,40,nonStim,2,MonoL,94,121,0.776859504132231,12
C:\Users\zzhu329\Documents\GitHub\EM-3DMotion\BehaviorFitting\BehaviorData_Jim.mat,Jim,Jim_040,40,nonStim,3,MonoR,86,123,0.699186991869919,12
C:\Users\zzhu329\Documents\GitHub\EM-3DMotion\BehaviorFitting\BehaviorData_Jim.mat,Jim,Jim_040,40,nonStim,4,Bino,101,121,0.834710743801653,12
C:\Users\zzhu329\Documents\GitHub\EM-3DMotion\BehaviorFitting\BehaviorData_Jim.mat,Jim,Jim_041,41,nonStim,1,Combined,114,126,0.904761904761905,12
C:\Users\zzhu329\Documents\GitHub\EM-3DMotion\BehaviorFitting\BehaviorData_Jim.mat,Jim,Jim_041,41,nonStim,2,MonoL,111,123,0.902439024390244,12
C:\Users\zzhu329\Documents\GitHub\EM-3DMotion\BehaviorFitting\BehaviorData_Jim.mat,Jim,Jim_041,41,nonStim,3,MonoR,94,125,0.752,12
C:\Users\zzhu329\Documents\GitHub\EM-3DMotion\BehaviorFitting\BehaviorData_Jim.mat,Jim,Jim_041,41,nonStim,4,Bino,108,126,0.857142857142857,12
C:\Users\zzhu329\Documents\GitHub\EM-3DMotion\BehaviorFitting\BehaviorData_Jim.mat,Jim,Jim_042,42,nonStim,1,Combined,88,100,0.88,12
C:\Users\zzhu329\Documents\GitHub\EM-3DMotion\BehaviorFitting\BehaviorData_Jim.mat,Jim,Jim_042,42,nonStim,2,MonoL,89,111,0.801801801801802,12
C:\Users\zzhu329\Documents\GitHub\EM-3DMotion\BehaviorFitting\BehaviorData_Jim.mat,Jim,Jim_042,42,nonStim,3,MonoR,63,104,0.605769230769231,12
C:\Users\zzhu329\Documents\GitHub\EM-3DMotion\BehaviorFitting\BehaviorData_Jim.mat,Jim,Jim_042,42,nonStim,4,Bino,70,102,0.686274509803922,12
C:\Users\zzhu329\Documents\GitHub\EM-3DMotion\BehaviorFitting\BehaviorData_Jim.mat,Jim,Jim_043,43,nonStim,1,Combined,119,134,0.888059701492537,12
C:\Users\zzhu329\Documents\GitHub\EM-3DMotion\BehaviorFitting\BehaviorData_Jim.mat,Jim,Jim_043,43,nonStim,2,MonoL,112,135,0.82962962962963,12
C:\Users\zzhu329\Documents\GitHub\EM-3DMotion\BehaviorFitting\BehaviorData_Jim.mat,Jim,Jim_043,43,nonStim,3,MonoR,91,133,0.684210526315789,12
C:\Users\zzhu329\Documents\GitHub\EM-3DMotion\BehaviorFitting\BehaviorData_Jim.mat,Jim,Jim_043,43,nonStim,4,Bino,115,132,0.871212121212121,12
C:\Users\zzhu329\Documents\GitHub\EM-3DMotion\BehaviorFitting\BehaviorData_Jim.mat,Jim,Jim_044,44,nonStim,1,Combined,112,120,0.933333333333333,12
C:\Users\zzhu329\Documents\GitHub\EM-3DMotion\BehaviorFitting\BehaviorData_Jim.mat,Jim,Jim_044,44,nonStim,2,MonoL,78,121,0.644628099173554,12
C:\Users\zzhu329\Documents\GitHub\EM-3DMotion\BehaviorFitting\BehaviorData_Jim.mat,Jim,Jim_044,44,nonStim,3,MonoR,81,121,0.669421487603306,12
C:\Users\zzhu329\Documents\GitHub\EM-3DMotion\BehaviorFitting\BehaviorData_Jim.mat,Jim,Jim_044,44,nonStim,4,Bino,109,121,0.900826446280992,12
C:\Users\zzhu329\Documents\GitHub\EM-3DMotion\BehaviorFitting\BehaviorData_Jim.mat,Jim,Jim_045,45,nonStim,1,Combined,113,120,0.941666666666667,12
C:\Users\zzhu329\Documents\GitHub\EM-3DMotion\BehaviorFitting\BehaviorData_Jim.mat,Jim,Jim_045,45,nonStim,2,MonoL,98,120,0.816666666666667,12
C:\Users\zzhu329\Documents\GitHub\EM-3DMotion\BehaviorFitting\BehaviorData_Jim.mat,Jim,Jim_045,45,nonStim,3,MonoR,97,120,0.808333333333333,12
C:\Users\zzhu329\Documents\GitHub\EM-3DMotion\BehaviorFitting\BehaviorData_Jim.mat,Jim,Jim_045,45,nonStim,4,Bino,107,120,0.891666666666667,12
C:\Users\zzhu329\Documents\GitHub\EM-3DMotion\BehaviorFitting\BehaviorData_Jim.mat,Jim,Jim_046,46,nonStim,1,Combined,109,120,0.908333333333333,12
C:\Users\zzhu329\Documents\GitHub\EM-3DMotion\BehaviorFitting\BehaviorData_Jim.mat,Jim,Jim_046,46,nonStim,2,MonoL,88,118,0.745762711864407,12
C:\Users\zzhu329\Documents\GitHub\EM-3DMotion\BehaviorFitting\BehaviorData_Jim.mat,Jim,Jim_046,46,nonStim,3,MonoR,96,120,0.8,12
C:\Users\zzhu329\Documents\GitHub\EM-3DMotion\BehaviorFitting\BehaviorData_Jim.mat,Jim,Jim_046,46,nonStim,4,Bino,95,118,0.805084745762712,12
C:\Users\zzhu329\Documents\GitHub\EM-3DMotion\BehaviorFitting\BehaviorData_Jim.mat,Jim,Jim_047,47,nonStim,1,Combined,111,121,0.917355371900826,12
C:\Users\zzhu329\Documents\GitHub\EM-3DMotion\BehaviorFitting\BehaviorData_Jim.mat,Jim,Jim_047,47,nonStim,2,MonoL,96,120,0.8,12
C:\Users\zzhu329\Documents\GitHub\EM-3DMotion\BehaviorFitting\BehaviorData_Jim.mat,Jim,Jim_047,47,nonStim,3,MonoR,97,120,0.808333333333333,12
C:\Users\zzhu329\Documents\GitHub\EM-3DMotion\BehaviorFitting\BehaviorData_Jim.mat,Jim,Jim_047,47,nonStim,4,Bino,112,120,0.933333333333333,12
C:\Users\zzhu329\Documents\GitHub\EM-3DMotion\BehaviorFitting\BehaviorData_Jim.mat,Jim,Jim_048,48,nonStim,1,Combined,112,120,0.933333333333333,12
C:\Users\zzhu329\Documents\GitHub\EM-3DMotion\BehaviorFitting\BehaviorData_Jim.mat,Jim,Jim_048,48,nonStim,2,MonoL,103,121,0.851239669421488,12
C:\Users\zzhu329\Documents\GitHub\EM-3DMotion\BehaviorFitting\BehaviorData_Jim.mat,Jim,Jim_048,48,nonStim,3,MonoR,101,120,0.841666666666667,12
C:\Users\zzhu329\Documents\GitHub\EM-3DMotion\BehaviorFitting\BehaviorData_Jim.mat,Jim,Jim_048,48,nonStim,4,Bino,104,120,0.866666666666667,12
C:\Users\zzhu329\Documents\GitHub\EM-3DMotion\BehaviorFitting\BehaviorData_Jim.mat,Jim,Jim_049,49,nonStim,1,Combined,129,144,0.895833333333333,12
C:\Users\zzhu329\Documents\GitHub\EM-3DMotion\BehaviorFitting\BehaviorData_Jim.mat,Jim,Jim_049,49,nonStim,2,MonoL,123,144,0.854166666666667,12
C:\Users\zzhu329\Documents\GitHub\EM-3DMotion\BehaviorFitting\BehaviorData_Jim.mat,Jim,Jim_049,49,nonStim,3,MonoR,121,146,0.828767123287671,12
C:\Users\zzhu329\Documents\GitHub\EM-3DMotion\BehaviorFitting\BehaviorData_Jim.mat,Jim,Jim_049,49,nonStim,4,Bino,129,144,0.895833333333333,12
C:\Users\zzhu329\Documents\GitHub\EM-3DMotion\BehaviorFitting\BehaviorData_Jim.mat,Jim,Jim_050,50,nonStim,1,Combined,114,125,0.912,12
C:\Users\zzhu329\Documents\GitHub\EM-3DMotion\BehaviorFitting\BehaviorData_Jim.mat,Jim,Jim_050,50,nonStim,2,MonoL,103,123,0.83739837398374,12
C:\Users\zzhu329\Documents\GitHub\EM-3DMotion\BehaviorFitting\BehaviorData_Jim.mat,Jim,Jim_050,50,nonStim,3,MonoR,92,127,0.724409448818898,12
C:\Users\zzhu329\Documents\GitHub\EM-3DMotion\BehaviorFitting\BehaviorData_Jim.mat,Jim,Jim_050,50,nonStim,4,Bino,103,125,0.824,12
C:\Users\zzhu329\Documents\GitHub\EM-3DMotion\BehaviorFitting\BehaviorData_Jim.mat,Jim,Jim_051,51,nonStim,1,Combined,110,120,0.916666666666667,12
C:\Users\zzhu329\Documents\GitHub\EM-3DMotion\BehaviorFitting\BehaviorData_Jim.mat,Jim,Jim_051,51,nonStim,2,MonoL,103,120,0.858333333333333,12
C:\Users\zzhu329\Documents\GitHub\EM-3DMotion\BehaviorFitting\BehaviorData_Jim.mat,Jim,Jim_051,51,nonStim,3,MonoR,94,120,0.783333333333333,12
C:\Users\zzhu329\Documents\GitHub\EM-3DMotion\BehaviorFitting\BehaviorData_Jim.mat,Jim,Jim_051,51,nonStim,4,Bino,108,119,0.907563025210084,12
C:\Users\zzhu329\Documents\GitHub\EM-3DMotion\BehaviorFitting\BehaviorData_Jim.mat,Jim,Jim_052,52,nonStim,1,Combined,117,122,0.959016393442623,12
C:\Users\zzhu329\Documents\GitHub\EM-3DMotion\BehaviorFitting\BehaviorData_Jim.mat,Jim,Jim_052,52,nonStim,2,MonoL,97,121,0.801652892561983,12
C:\Users\zzhu329\Documents\GitHub\EM-3DMotion\BehaviorFitting\BehaviorData_Jim.mat,Jim,Jim_052,52,nonStim,3,MonoR,92,121,0.760330578512397,12
C:\Users\zzhu329\Documents\GitHub\EM-3DMotion\BehaviorFitting\BehaviorData_Jim.mat,Jim,Jim_052,52,nonStim,4,Bino,101,122,0.827868852459016,12
C:\Users\zzhu329\Documents\GitHub\EM-3DMotion\BehaviorFitting\BehaviorData_Jim.mat,Jim,Jim_053,53,nonStim,1,Combined,112,122,0.918032786885246,12
C:\Users\zzhu329\Documents\GitHub\EM-3DMotion\BehaviorFitting\BehaviorData_Jim.mat,Jim,Jim_053,53,nonStim,2,MonoL,93,124,0.75,12
C:\Users\zzhu329\Documents\GitHub\EM-3DMotion\BehaviorFitting\BehaviorData_Jim.mat,Jim,Jim_053,53,nonStim,3,MonoR,93,124,0.75,12
C:\Users\zzhu329\Documents\GitHub\EM-3DMotion\BehaviorFitting\BehaviorData_Jim.mat,Jim,Jim_053,53,nonStim,4,Bino,91,124,0.733870967741935,12
C:\Users\zzhu329\Documents\GitHub\EM-3DMotion\BehaviorFitting\BehaviorData_Jim.mat,Jim,Jim_054,54,nonStim,1,Combined,112,123,0.910569105691057,12
C:\Users\zzhu329\Documents\GitHub\EM-3DMotion\BehaviorFitting\BehaviorData_Jim.mat,Jim,Jim_054,54,nonStim,2,MonoL,101,123,0.821138211382114,12
C:\Users\zzhu329\Documents\GitHub\EM-3DMotion\BehaviorFitting\BehaviorData_Jim.mat,Jim,Jim_054,54,nonStim,3,MonoR,86,121,0.710743801652893,12
C:\Users\zzhu329\Documents\GitHub\EM-3DMotion\BehaviorFitting\BehaviorData_Jim.mat,Jim,Jim_054,54,nonStim,4,Bino,103,124,0.830645161290323,12
C:\Users\zzhu329\Documents\GitHub\EM-3DMotion\BehaviorFitting\BehaviorData_Jim.mat,Jim,Jim_055,55,nonStim,1,Combined,122,132,0.924242424242424,12
C:\Users\zzhu329\Documents\GitHub\EM-3DMotion\BehaviorFitting\BehaviorData_Jim.mat,Jim,Jim_055,55,nonStim,2,MonoL,116,132,0.878787878787879,12
C:\Users\zzhu329\Documents\GitHub\EM-3DMotion\BehaviorFitting\BehaviorData_Jim.mat,Jim,Jim_055,55,nonStim,3,MonoR,104,133,0.781954887218045,12
C:\Users\zzhu329\Documents\GitHub\EM-3DMotion\BehaviorFitting\BehaviorData_Jim.mat,Jim,Jim_055,55,nonStim,4,Bino,123,133,0.924812030075188,12
C:\Users\zzhu329\Documents\GitHub\EM-3DMotion\BehaviorFitting\BehaviorData_Jim.mat,Jim,Jim_056,56,nonStim,1,Combined,36,40,0.9,12
C:\Users\zzhu329\Documents\GitHub\EM-3DMotion\BehaviorFitting\BehaviorData_Jim.mat,Jim,Jim_056,56,nonStim,2,MonoL,29,42,0.69047619047619,12
C:\Users\zzhu329\Documents\GitHub\EM-3DMotion\BehaviorFitting\BehaviorData_Jim.mat,Jim,Jim_056,56,nonStim,3,MonoR,28,38,0.736842105263158,12
C:\Users\zzhu329\Documents\GitHub\EM-3DMotion\BehaviorFitting\BehaviorData_Jim.mat,Jim,Jim_056,56,nonStim,4,Bino,32,39,0.82051282051282,12
C:\Users\zzhu329\Documents\GitHub\EM-3DMotion\BehaviorFitting\BehaviorData_Jim.mat,Jim,Jim_057,57,nonStim,1,Combined,110,120,0.916666666666667,12
C:\Users\zzhu329\Documents\GitHub\EM-3DMotion\BehaviorFitting\BehaviorData_Jim.mat,Jim,Jim_057,57,nonStim,2,MonoL,97,120,0.808333333333333,12
C:\Users\zzhu329\Documents\GitHub\EM-3DMotion\BehaviorFitting\BehaviorData_Jim.mat,Jim,Jim_057,57,nonStim,3,MonoR,109,120,0.908333333333333,12
C:\Users\zzhu329\Documents\GitHub\EM-3DMotion\BehaviorFitting\BehaviorData_Jim.mat,Jim,Jim_057,57,nonStim,4,Bino,108,122,0.885245901639344,12
C:\Users\zzhu329\Documents\GitHub\EM-3DMotion\BehaviorFitting\BehaviorData_Jim.mat,Jim,Jim_058,58,nonStim,1,Combined,116,124,0.935483870967742,12
C:\Users\zzhu329\Documents\GitHub\EM-3DMotion\BehaviorFitting\BehaviorData_Jim.mat,Jim,Jim_058,58,nonStim,2,MonoL,108,127,0.850393700787402,12
C:\Users\zzhu329\Documents\GitHub\EM-3DMotion\BehaviorFitting\BehaviorData_Jim.mat,Jim,Jim_058,58,nonStim,3,MonoR,96,125,0.768,12
C:\Users\zzhu329\Documents\GitHub\EM-3DMotion\BehaviorFitting\BehaviorData_Jim.mat,Jim,Jim_058,58,nonStim,4,Bino,101,123,0.821138211382114,12
C:\Users\zzhu329\Documents\GitHub\EM-3DMotion\BehaviorFitting\BehaviorData_Jim.mat,Jim,Jim_059,59,nonStim,1,Combined,132,145,0.910344827586207,12
C:\Users\zzhu329\Documents\GitHub\EM-3DMotion\BehaviorFitting\BehaviorData_Jim.mat,Jim,Jim_059,59,nonStim,2,MonoL,123,144,0.854166666666667,12
C:\Users\zzhu329\Documents\GitHub\EM-3DMotion\BehaviorFitting\BehaviorData_Jim.mat,Jim,Jim_059,59,nonStim,3,MonoR,112,147,0.761904761904762,12
C:\Users\zzhu329\Documents\GitHub\EM-3DMotion\BehaviorFitting\BehaviorData_Jim.mat,Jim,Jim_059,59,nonStim,4,Bino,127,145,0.875862068965517,12
C:\Users\zzhu329\Documents\GitHub\EM-3DMotion\BehaviorFitting\BehaviorData_Jim.mat,Jim,Jim_060,60,nonStim,1,Combined,108,120,0.9,12
C:\Users\zzhu329\Documents\GitHub\EM-3DMotion\BehaviorFitting\BehaviorData_Jim.mat,Jim,Jim_060,60,nonStim,2,MonoL,103,120,0.858333333333333,12
C:\Users\zzhu329\Documents\GitHub\EM-3DMotion\BehaviorFitting\BehaviorData_Jim.mat,Jim,Jim_060,60,nonStim,3,MonoR,78,121,0.644628099173554,12
C:\Users\zzhu329\Documents\GitHub\EM-3DMotion\BehaviorFitting\BehaviorData_Jim.mat,Jim,Jim_060,60,nonStim,4,Bino,104,120,0.866666666666667,12
C:\Users\zzhu329\Documents\GitHub\EM-3DMotion\BehaviorFitting\BehaviorData_Jim.mat,Jim,Jim_061,61,nonStim,1,Combined,127,144,0.881944444444444,12
C:\Users\zzhu329\Documents\GitHub\EM-3DMotion\BehaviorFitting\BehaviorData_Jim.mat,Jim,Jim_061,61,nonStim,2,MonoL,118,144,0.819444444444444,12
C:\Users\zzhu329\Documents\GitHub\EM-3DMotion\BehaviorFitting\BehaviorData_Jim.mat,Jim,Jim_061,61,nonStim,3,MonoR,109,144,0.756944444444444,12
C:\Users\zzhu329\Documents\GitHub\EM-3DMotion\BehaviorFitting\BehaviorData_Jim.mat,Jim,Jim_061,61,nonStim,4,Bino,108,144,0.75,12
C:\Users\zzhu329\Documents\GitHub\EM-3DMotion\BehaviorFitting\BehaviorData_Jim.mat,Jim,Jim_062,62,nonStim,1,Combined,115,121,0.950413223140496,12
C:\Users\zzhu329\Documents\GitHub\EM-3DMotion\BehaviorFitting\BehaviorData_Jim.mat,Jim,Jim_062,62,nonStim,2,MonoL,99,120,0.825,12
C:\Users\zzhu329\Documents\GitHub\EM-3DMotion\BehaviorFitting\BehaviorData_Jim.mat,Jim,Jim_062,62,nonStim,3,MonoR,85,121,0.702479338842975,12
C:\Users\zzhu329\Documents\GitHub\EM-3DMotion\BehaviorFitting\BehaviorData_Jim.mat,Jim,Jim_062,62,nonStim,4,Bino,102,120,0.85,12
C:\Users\zzhu329\Documents\GitHub\EM-3DMotion\BehaviorFitting\BehaviorData_Jim.mat,Jim,Jim_063,63,nonStim,1,Combined,112,121,0.925619834710744,12
C:\Users\zzhu329\Documents\GitHub\EM-3DMotion\BehaviorFitting\BehaviorData_Jim.mat,Jim,Jim_063,63,nonStim,2,MonoL,102,119,0.857142857142857,12
C:\Users\zzhu329\Documents\GitHub\EM-3DMotion\BehaviorFitting\BehaviorData_Jim.mat,Jim,Jim_063,63,nonStim,3,MonoR,85,121,0.702479338842975,12
C:\Users\zzhu329\Documents\GitHub\EM-3DMotion\BehaviorFitting\BehaviorData_Jim.mat,Jim,Jim_063,63,nonStim,4,Bino,97,123,0.788617886178862,12
C:\Users\zzhu329\Documents\GitHub\EM-3DMotion\BehaviorFitting\BehaviorData_Jim.mat,Jim,Jim_064,64,nonStim,1,Combined,112,122,0.918032786885246,12
C:\Users\zzhu329\Documents\GitHub\EM-3DMotion\BehaviorFitting\BehaviorData_Jim.mat,Jim,Jim_064,64,nonStim,2,MonoL,100,120,0.833333333333333,12
C:\Users\zzhu329\Documents\GitHub\EM-3DMotion\BehaviorFitting\BehaviorData_Jim.mat,Jim,Jim_064,64,nonStim,3,MonoR,89,120,0.741666666666667,12
C:\Users\zzhu329\Documents\GitHub\EM-3DMotion\BehaviorFitting\BehaviorData_Jim.mat,Jim,Jim_064,64,nonStim,4,Bino,103,120,0.858333333333333,12
C:\Users\zzhu329\Documents\GitHub\EM-3DMotion\BehaviorFitting\BehaviorData_Jim.mat,Jim,Jim_065,65,nonStim,1,Combined,86,96,0.895833333333333,12
C:\Users\zzhu329\Documents\GitHub\EM-3DMotion\BehaviorFitting\BehaviorData_Jim.mat,Jim,Jim_065,65,nonStim,2,MonoL,83,97,0.855670103092783,12
C:\Users\zzhu329\Documents\GitHub\EM-3DMotion\BehaviorFitting\BehaviorData_Jim.mat,Jim,Jim_065,65,nonStim,3,MonoR,74,104,0.711538461538462,12
C:\Users\zzhu329\Documents\GitHub\EM-3DMotion\BehaviorFitting\BehaviorData_Jim.mat,Jim,Jim_065,65,nonStim,4,Bino,86,93,0.924731182795699,12
C:\Users\zzhu329\Documents\GitHub\EM-3DMotion\BehaviorFitting\BehaviorData_Jim.mat,Jim,Jim_066,66,nonStim,1,Combined,106,120,0.883333333333333,12
C:\Users\zzhu329\Documents\GitHub\EM-3DMotion\BehaviorFitting\BehaviorData_Jim.mat,Jim,Jim_066,66,nonStim,2,MonoL,93,121,0.768595041322314,12
C:\Users\zzhu329\Documents\GitHub\EM-3DMotion\BehaviorFitting\BehaviorData_Jim.mat,Jim,Jim_066,66,nonStim,3,MonoR,74,121,0.611570247933884,12
C:\Users\zzhu329\Documents\GitHub\EM-3DMotion\BehaviorFitting\BehaviorData_Jim.mat,Jim,Jim_066,66,nonStim,4,Bino,92,121,0.760330578512397,12
C:\Users\zzhu329\Documents\GitHub\EM-3DMotion\BehaviorFitting\BehaviorData_Jim.mat,Jim,Jim_067,67,nonStim,1,Combined,117,122,0.959016393442623,12
C:\Users\zzhu329\Documents\GitHub\EM-3DMotion\BehaviorFitting\BehaviorData_Jim.mat,Jim,Jim_067,67,nonStim,2,MonoL,100,120,0.833333333333333,12
C:\Users\zzhu329\Documents\GitHub\EM-3DMotion\BehaviorFitting\BehaviorData_Jim.mat,Jim,Jim_067,67,nonStim,3,MonoR,89,122,0.729508196721312,12
C:\Users\zzhu329\Documents\GitHub\EM-3DMotion\BehaviorFitting\BehaviorData_Jim.mat,Jim,Jim_067,67,nonStim,4,Bino,94,120,0.783333333333333,12
C:\Users\zzhu329\Documents\GitHub\EM-3DMotion\BehaviorFitting\BehaviorData_Jim.mat,Jim,Jim_068,68,nonStim,1,Combined,87,90,0.966666666666667,12
C:\Users\zzhu329\Documents\GitHub\EM-3DMotion\BehaviorFitting\BehaviorData_Jim.mat,Jim,Jim_068,68,nonStim,2,MonoL,71,86,0.825581395348837,12
C:\Users\zzhu329\Documents\GitHub\EM-3DMotion\BehaviorFitting\BehaviorData_Jim.mat,Jim,Jim_068,68,nonStim,3,MonoR,71,91,0.78021978021978,12
C:\Users\zzhu329\Documents\GitHub\EM-3DMotion\BehaviorFitting\BehaviorData_Jim.mat,Jim,Jim_068,68,nonStim,4,Bino,76,87,0.873563218390805,12
C:\Users\zzhu329\Documents\GitHub\EM-3DMotion\BehaviorFitting\BehaviorData_Jim.mat,Jim,Jim_069,69,nonStim,1,Combined,113,124,0.911290322580645,12
C:\Users\zzhu329\Documents\GitHub\EM-3DMotion\BehaviorFitting\BehaviorData_Jim.mat,Jim,Jim_069,69,nonStim,2,MonoL,93,123,0.75609756097561,12
C:\Users\zzhu329\Documents\GitHub\EM-3DMotion\BehaviorFitting\BehaviorData_Jim.mat,Jim,Jim_069,69,nonStim,3,MonoR,86,122,0.704918032786885,12
C:\Users\zzhu329\Documents\GitHub\EM-3DMotion\BehaviorFitting\BehaviorData_Jim.mat,Jim,Jim_069,69,nonStim,4,Bino,91,121,0.752066115702479,12
C:\Users\zzhu329\Documents\GitHub\EM-3DMotion\BehaviorFitting\BehaviorData_Jim.mat,Jim,Jim_070,70,nonStim,1,Combined,108,116,0.931034482758621,12
C:\Users\zzhu329\Documents\GitHub\EM-3DMotion\BehaviorFitting\BehaviorData_Jim.mat,Jim,Jim_070,70,nonStim,2,MonoL,87,115,0.756521739130435,12
C:\Users\zzhu329\Documents\GitHub\EM-3DMotion\BehaviorFitting\BehaviorData_Jim.mat,Jim,Jim_070,70,nonStim,3,MonoR,100,119,0.840336134453782,12
C:\Users\zzhu329\Documents\GitHub\EM-3DMotion\BehaviorFitting\BehaviorData_Jim.mat,Jim,Jim_070,70,nonStim,4,Bino,100,114,0.87719298245614,12
C:\Users\zzhu329\Documents\GitHub\EM-3DMotion\BehaviorFitting\BehaviorData_Jim.mat,Jim,Jim_071,71,nonStim,1,Combined,115,123,0.934959349593496,12
C:\Users\zzhu329\Documents\GitHub\EM-3DMotion\BehaviorFitting\BehaviorData_Jim.mat,Jim,Jim_071,71,nonStim,2,MonoL,103,123,0.83739837398374,12
C:\Users\zzhu329\Documents\GitHub\EM-3DMotion\BehaviorFitting\BehaviorData_Jim.mat,Jim,Jim_071,71,nonStim,3,MonoR,100,124,0.806451612903226,12
C:\Users\zzhu329\Documents\GitHub\EM-3DMotion\BehaviorFitting\BehaviorData_Jim.mat,Jim,Jim_071,71,nonStim,4,Bino,108,121,0.892561983471074,12
C:\Users\zzhu329\Documents\GitHub\EM-3DMotion\BehaviorFitting\BehaviorData_Jim.mat,Jim,Jim_072,72,nonStim,1,Combined,132,145,0.910344827586207,12
C:\Users\zzhu329\Documents\GitHub\EM-3DMotion\BehaviorFitting\BehaviorData_Jim.mat,Jim,Jim_072,72,nonStim,2,MonoL,125,146,0.856164383561644,12
C:\Users\zzhu329\Documents\GitHub\EM-3DMotion\BehaviorFitting\BehaviorData_Jim.mat,Jim,Jim_072,72,nonStim,3,MonoR,111,144,0.770833333333333,12
C:\Users\zzhu329\Documents\GitHub\EM-3DMotion\BehaviorFitting\BehaviorData_Jim.mat,Jim,Jim_072,72,nonStim,4,Bino,131,145,0.903448275862069,12
C:\Users\zzhu329\Documents\GitHub\EM-3DMotion\BehaviorFitting\BehaviorData_Jim.mat,Jim,Jim_073,73,nonStim,1,Combined,122,132,0.924242424242424,12
C:\Users\zzhu329\Documents\GitHub\EM-3DMotion\BehaviorFitting\BehaviorData_Jim.mat,Jim,Jim_073,73,nonStim,2,MonoL,97,132,0.734848484848485,12
C:\Users\zzhu329\Documents\GitHub\EM-3DMotion\BehaviorFitting\BehaviorData_Jim.mat,Jim,Jim_073,73,nonStim,3,MonoR,115,133,0.864661654135338,12
C:\Users\zzhu329\Documents\GitHub\EM-3DMotion\BehaviorFitting\BehaviorData_Jim.mat,Jim,Jim_073,73,nonStim,4,Bino,119,132,0.901515151515151,12
C:\Users\zzhu329\Documents\GitHub\EM-3DMotion\BehaviorFitting\BehaviorData_Jim.mat,Jim,Jim_074,74,nonStim,1,Combined,105,118,0.889830508474576,12
C:\Users\zzhu329\Documents\GitHub\EM-3DMotion\BehaviorFitting\BehaviorData_Jim.mat,Jim,Jim_074,74,nonStim,2,MonoL,105,120,0.875,12
C:\Users\zzhu329\Documents\GitHub\EM-3DMotion\BehaviorFitting\BehaviorData_Jim.mat,Jim,Jim_074,74,nonStim,3,MonoR,101,121,0.834710743801653,12
C:\Users\zzhu329\Documents\GitHub\EM-3DMotion\BehaviorFitting\BehaviorData_Jim.mat,Jim,Jim_074,74,nonStim,4,Bino,112,125,0.896,12
C:\Users\zzhu329\Documents\GitHub\EM-3DMotion\BehaviorFitting\BehaviorData_Jim.mat,Jim,Jim_075,75,nonStim,1,Combined,121,127,0.952755905511811,12
C:\Users\zzhu329\Documents\GitHub\EM-3DMotion\BehaviorFitting\BehaviorData_Jim.mat,Jim,Jim_075,75,nonStim,2,MonoL,102,123,0.829268292682927,12
C:\Users\zzhu329\Documents\GitHub\EM-3DMotion\BehaviorFitting\BehaviorData_Jim.mat,Jim,Jim_075,75,nonStim,3,MonoR,108,124,0.870967741935484,12
C:\Users\zzhu329\Documents\GitHub\EM-3DMotion\BehaviorFitting\BehaviorData_Jim.mat,Jim,Jim_075,75,nonStim,4,Bino,115,124,0.92741935483871,12
C:\Users\zzhu329\Documents\GitHub\EM-3DMotion\BehaviorFitting\BehaviorData_Jim.mat,Jim,Jim_076,76,nonStim,1,Combined,105,120,0.875,12
C:\Users\zzhu329\Documents\GitHub\EM-3DMotion\BehaviorFitting\BehaviorData_Jim.mat,Jim,Jim_076,76,nonStim,2,MonoL,105,121,0.867768595041322,12
C:\Users\zzhu329\Documents\GitHub\EM-3DMotion\BehaviorFitting\BehaviorData_Jim.mat,Jim,Jim_076,76,nonStim,3,MonoR,94,120,0.783333333333333,12
C:\Users\zzhu329\Documents\GitHub\EM-3DMotion\BehaviorFitting\BehaviorData_Jim.mat,Jim,Jim_076,76,nonStim,4,Bino,98,121,0.809917355371901,12
C:\Users\zzhu329\Documents\GitHub\EM-3DMotion\BehaviorFitting\BehaviorData_Jim.mat,Jim,Jim_077,77,nonStim,1,Combined,113,120,0.941666666666667,12
C:\Users\zzhu329\Documents\GitHub\EM-3DMotion\BehaviorFitting\BehaviorData_Jim.mat,Jim,Jim_077,77,nonStim,2,MonoL,105,121,0.867768595041322,12
C:\Users\zzhu329\Documents\GitHub\EM-3DMotion\BehaviorFitting\BehaviorData_Jim.mat,Jim,Jim_077,77,nonStim,3,MonoR,100,122,0.819672131147541,12
C:\Users\zzhu329\Documents\GitHub\EM-3DMotion\BehaviorFitting\BehaviorData_Jim.mat,Jim,Jim_077,77,nonStim,4,Bino,105,121,0.867768595041322,12
C:\Users\zzhu329\Documents\GitHub\EM-3DMotion\BehaviorFitting\BehaviorData_Jim.mat,Jim,Jim_078,78,nonStim,1,Combined,117,120,0.975,12
C:\Users\zzhu329\Documents\GitHub\EM-3DMotion\BehaviorFitting\BehaviorData_Jim.mat,Jim,Jim_078,78,nonStim,2,MonoL,104,120,0.866666666666667,12
C:\Users\zzhu329\Documents\GitHub\EM-3DMotion\BehaviorFitting\BehaviorData_Jim.mat,Jim,Jim_078,78,nonStim,3,MonoR,96,120,0.8,12
C:\Users\zzhu329\Documents\GitHub\EM-3DMotion\BehaviorFitting\BehaviorData_Jim.mat,Jim,Jim_078,78,nonStim,4,Bino,109,121,0.900826446280992,12
C:\Users\zzhu329\Documents\GitHub\EM-3DMotion\BehaviorFitting\BehaviorData_Jim.mat,Jim,Jim_079,79,nonStim,1,Combined,111,129,0.86046511627907,12
C:\Users\zzhu329\Documents\GitHub\EM-3DMotion\BehaviorFitting\BehaviorData_Jim.mat,Jim,Jim_079,79,nonStim,2,MonoL,104,129,0.806201550387597,12
C:\Users\zzhu329\Documents\GitHub\EM-3DMotion\BehaviorFitting\BehaviorData_Jim.mat,Jim,Jim_079,79,nonStim,3,MonoR,102,130,0.784615384615385,12
C:\Users\zzhu329\Documents\GitHub\EM-3DMotion\BehaviorFitting\BehaviorData_Jim.mat,Jim,Jim_079,79,nonStim,4,Bino,114,130,0.876923076923077,12
C:\Users\zzhu329\Documents\GitHub\EM-3DMotion\BehaviorFitting\BehaviorData_Jim.mat,Jim,Jim_080,80,nonStim,1,Combined,109,121,0.900826446280992,12
C:\Users\zzhu329\Documents\GitHub\EM-3DMotion\BehaviorFitting\BehaviorData_Jim.mat,Jim,Jim_080,80,nonStim,2,MonoL,105,122,0.860655737704918,12
C:\Users\zzhu329\Documents\GitHub\EM-3DMotion\BehaviorFitting\BehaviorData_Jim.mat,Jim,Jim_080,80,nonStim,3,MonoR,84,122,0.688524590163934,12
C:\Users\zzhu329\Documents\GitHub\EM-3DMotion\BehaviorFitting\BehaviorData_Jim.mat,Jim,Jim_080,80,nonStim,4,Bino,90,120,0.75,12
C:\Users\zzhu329\Documents\GitHub\EM-3DMotion\BehaviorFitting\BehaviorData_Jim.mat,Jim,Jim_081,81,nonStim,1,Combined,118,125,0.944,12
C:\Users\zzhu329\Documents\GitHub\EM-3DMotion\BehaviorFitting\BehaviorData_Jim.mat,Jim,Jim_081,81,nonStim,2,MonoL,116,127,0.913385826771654,12
C:\Users\zzhu329\Documents\GitHub\EM-3DMotion\BehaviorFitting\BehaviorData_Jim.mat,Jim,Jim_081,81,nonStim,3,MonoR,103,130,0.792307692307692,12
C:\Users\zzhu329\Documents\GitHub\EM-3DMotion\BehaviorFitting\BehaviorData_Jim.mat,Jim,Jim_081,81,nonStim,4,Bino,100,129,0.775193798449612,12
C:\Users\zzhu329\Documents\GitHub\EM-3DMotion\BehaviorFitting\BehaviorData_Jim.mat,Jim,Jim_082,82,nonStim,1,Combined,108,121,0.892561983471074,12
C:\Users\zzhu329\Documents\GitHub\EM-3DMotion\BehaviorFitting\BehaviorData_Jim.mat,Jim,Jim_082,82,nonStim,2,MonoL,88,121,0.727272727272727,12
C:\Users\zzhu329\Documents\GitHub\EM-3DMotion\BehaviorFitting\BehaviorData_Jim.mat,Jim,Jim_082,82,nonStim,3,MonoR,94,120,0.783333333333333,12
C:\Users\zzhu329\Documents\GitHub\EM-3DMotion\BehaviorFitting\BehaviorData_Jim.mat,Jim,Jim_082,82,nonStim,4,Bino,94,121,0.776859504132231,12
C:\Users\zzhu329\Documents\GitHub\EM-3DMotion\BehaviorFitting\BehaviorData_Jim.mat,Jim,Jim_083,83,nonStim,1,Combined,99,119,0.831932773109244,12
C:\Users\zzhu329\Documents\GitHub\EM-3DMotion\BehaviorFitting\BehaviorData_Jim.mat,Jim,Jim_083,83,nonStim,2,MonoL,88,118,0.745762711864407,12
C:\Users\zzhu329\Documents\GitHub\EM-3DMotion\BehaviorFitting\BehaviorData_Jim.mat,Jim,Jim_083,83,nonStim,3,MonoR,91,118,0.771186440677966,12
C:\Users\zzhu329\Documents\GitHub\EM-3DMotion\BehaviorFitting\BehaviorData_Jim.mat,Jim,Jim_083,83,nonStim,4,Bino,94,117,0.803418803418803,12
C:\Users\zzhu329\Documents\GitHub\EM-3DMotion\BehaviorFitting\BehaviorData_Jim.mat,Jim,Jim_084,84,nonStim,1,Combined,109,123,0.886178861788618,12
C:\Users\zzhu329\Documents\GitHub\EM-3DMotion\BehaviorFitting\BehaviorData_Jim.mat,Jim,Jim_084,84,nonStim,2,MonoL,107,121,0.884297520661157,12
C:\Users\zzhu329\Documents\GitHub\EM-3DMotion\BehaviorFitting\BehaviorData_Jim.mat,Jim,Jim_084,84,nonStim,3,MonoR,93,119,0.781512605042017,12
C:\Users\zzhu329\Documents\GitHub\EM-3DMotion\BehaviorFitting\BehaviorData_Jim.mat,Jim,Jim_084,84,nonStim,4,Bino,101,119,0.848739495798319,12
C:\Users\zzhu329\Documents\GitHub\EM-3DMotion\BehaviorFitting\BehaviorData_Jim.mat,Jim,Jim_085,85,nonStim,1,Combined,111,122,0.909836065573771,12
C:\Users\zzhu329\Documents\GitHub\EM-3DMotion\BehaviorFitting\BehaviorData_Jim.mat,Jim,Jim_085,85,nonStim,2,MonoL,93,121,0.768595041322314,12
C:\Users\zzhu329\Documents\GitHub\EM-3DMotion\BehaviorFitting\BehaviorData_Jim.mat,Jim,Jim_085,85,nonStim,3,MonoR,94,123,0.764227642276423,12
C:\Users\zzhu329\Documents\GitHub\EM-3DMotion\BehaviorFitting\BehaviorData_Jim.mat,Jim,Jim_085,85,nonStim,4,Bino,106,122,0.868852459016393,12
C:\Users\zzhu329\Documents\GitHub\EM-3DMotion\BehaviorFitting\BehaviorData_Jim.mat,Jim,Jim_086,86,nonStim,1,Combined,87,100,0.87,12
C:\Users\zzhu329\Documents\GitHub\EM-3DMotion\BehaviorFitting\BehaviorData_Jim.mat,Jim,Jim_086,86,nonStim,2,MonoL,71,91,0.78021978021978,12
C:\Users\zzhu329\Documents\GitHub\EM-3DMotion\BehaviorFitting\BehaviorData_Jim.mat,Jim,Jim_086,86,nonStim,3,MonoR,60,100,0.6,12
C:\Users\zzhu329\Documents\GitHub\EM-3DMotion\BehaviorFitting\BehaviorData_Jim.mat,Jim,Jim_086,86,nonStim,4,Bino,71,94,0.75531914893617,12
C:\Users\zzhu329\Documents\GitHub\EM-3DMotion\BehaviorFitting\BehaviorData_Jim.mat,Jim,Jim_087,87,nonStim,1,Combined,97,104,0.932692307692308,12
C:\Users\zzhu329\Documents\GitHub\EM-3DMotion\BehaviorFitting\BehaviorData_Jim.mat,Jim,Jim_087,87,nonStim,2,MonoL,87,106,0.820754716981132,12
C:\Users\zzhu329\Documents\GitHub\EM-3DMotion\BehaviorFitting\BehaviorData_Jim.mat,Jim,Jim_087,87,nonStim,3,MonoR,91,108,0.842592592592593,12
C:\Users\zzhu329\Documents\GitHub\EM-3DMotion\BehaviorFitting\BehaviorData_Jim.mat,Jim,Jim_087,87,nonStim,4,Bino,92,104,0.884615384615385,12
C:\Users\zzhu329\Documents\GitHub\EM-3DMotion\BehaviorFitting\BehaviorData_Jim.mat,Jim,Jim_088,88,nonStim,1,Combined,134,141,0.950354609929078,12
C:\Users\zzhu329\Documents\GitHub\EM-3DMotion\BehaviorFitting\BehaviorData_Jim.mat,Jim,Jim_088,88,nonStim,2,MonoL,110,142,0.774647887323944,12
C:\Users\zzhu329\Documents\GitHub\EM-3DMotion\BehaviorFitting\BehaviorData_Jim.mat,Jim,Jim_088,88,nonStim,3,MonoR,122,144,0.847222222222222,12
C:\Users\zzhu329\Documents\GitHub\EM-3DMotion\BehaviorFitting\BehaviorData_Jim.mat,Jim,Jim_088,88,nonStim,4,Bino,126,142,0.887323943661972,12
C:\Users\zzhu329\Documents\GitHub\EM-3DMotion\BehaviorFitting\BehaviorData_Jim.mat,Jim,Jim_089,89,nonStim,1,Combined,83,88,0.943181818181818,12
C:\Users\zzhu329\Documents\GitHub\EM-3DMotion\BehaviorFitting\BehaviorData_Jim.mat,Jim,Jim_089,89,nonStim,2,MonoL,73,87,0.839080459770115,12
C:\Users\zzhu329\Documents\GitHub\EM-3DMotion\BehaviorFitting\BehaviorData_Jim.mat,Jim,Jim_089,89,nonStim,3,MonoR,78,91,0.857142857142857,12
C:\Users\zzhu329\Documents\GitHub\EM-3DMotion\BehaviorFitting\BehaviorData_Jim.mat,Jim,Jim_089,89,nonStim,4,Bino,75,91,0.824175824175824,12
C:\Users\zzhu329\Documents\GitHub\EM-3DMotion\BehaviorFitting\BehaviorData_Jim.mat,Jim,Jim_090,90,nonStim,1,Combined,113,120,0.941666666666667,12
C:\Users\zzhu329\Documents\GitHub\EM-3DMotion\BehaviorFitting\BehaviorData_Jim.mat,Jim,Jim_090,90,nonStim,2,MonoL,101,118,0.855932203389831,12
C:\Users\zzhu329\Documents\GitHub\EM-3DMotion\BehaviorFitting\BehaviorData_Jim.mat,Jim,Jim_090,90,nonStim,3,MonoR,98,121,0.809917355371901,12
C:\Users\zzhu329\Documents\GitHub\EM-3DMotion\BehaviorFitting\BehaviorData_Jim.mat,Jim,Jim_090,90,nonStim,4,Bino,98,118,0.830508474576271,12
C:\Users\zzhu329\Documents\GitHub\EM-3DMotion\BehaviorFitting\BehaviorData_Jim.mat,Jim,Jim_091,91,nonStim,1,Combined,117,126,0.928571428571429,12
C:\Users\zzhu329\Documents\GitHub\EM-3DMotion\BehaviorFitting\BehaviorData_Jim.mat,Jim,Jim_091,91,nonStim,2,MonoL,111,128,0.8671875,12
C:\Users\zzhu329\Documents\GitHub\EM-3DMotion\BehaviorFitting\BehaviorData_Jim.mat,Jim,Jim_091,91,nonStim,3,MonoR,101,125,0.808,12
C:\Users\zzhu329\Documents\GitHub\EM-3DMotion\BehaviorFitting\BehaviorData_Jim.mat,Jim,Jim_091,91,nonStim,4,Bino,112,124,0.903225806451613,12
C:\Users\zzhu329\Documents\GitHub\EM-3DMotion\BehaviorFitting\BehaviorData_Jim.mat,Jim,Jim_092,92,nonStim,1,Combined,135,149,0.906040268456376,12
C:\Users\zzhu329\Documents\GitHub\EM-3DMotion\BehaviorFitting\BehaviorData_Jim.mat,Jim,Jim_092,92,nonStim,2,MonoL,97,156,0.621794871794872,12
C:\Users\zzhu329\Documents\GitHub\EM-3DMotion\BehaviorFitting\BehaviorData_Jim.mat,Jim,Jim_092,92,nonStim,3,MonoR,125,162,0.771604938271605,12
C:\Users\zzhu329\Documents\GitHub\EM-3DMotion\BehaviorFitting\BehaviorData_Jim.mat,Jim,Jim_092,92,nonStim,4,Bino,137,162,0.845679012345679,12
C:\Users\zzhu329\Documents\GitHub\EM-3DMotion\BehaviorFitting\BehaviorData_Jim.mat,Jim,Jim_093,93,nonStim,1,Combined,44,48,0.916666666666667,12
C:\Users\zzhu329\Documents\GitHub\EM-3DMotion\BehaviorFitting\BehaviorData_Jim.mat,Jim,Jim_093,93,nonStim,2,MonoL,41,54,0.759259259259259,12
C:\Users\zzhu329\Documents\GitHub\EM-3DMotion\BehaviorFitting\BehaviorData_Jim.mat,Jim,Jim_093,93,nonStim,3,MonoR,45,53,0.849056603773585,12
C:\Users\zzhu329\Documents\GitHub\EM-3DMotion\BehaviorFitting\BehaviorData_Jim.mat,Jim,Jim_093,93,nonStim,4,Bino,44,50,0.88,12
C:\Users\zzhu329\Documents\GitHub\EM-3DMotion\BehaviorFitting\BehaviorData_Jim.mat,Jim,Jim_094,94,nonStim,1,Combined,86,91,0.945054945054945,12
C:\Users\zzhu329\Documents\GitHub\EM-3DMotion\BehaviorFitting\BehaviorData_Jim.mat,Jim,Jim_094,94,nonStim,2,MonoL,78,88,0.886363636363636,12
C:\Users\zzhu329\Documents\GitHub\EM-3DMotion\BehaviorFitting\BehaviorData_Jim.mat,Jim,Jim_094,94,nonStim,3,MonoR,73,94,0.776595744680851,12
C:\Users\zzhu329\Documents\GitHub\EM-3DMotion\BehaviorFitting\BehaviorData_Jim.mat,Jim,Jim_094,94,nonStim,4,Bino,83,99,0.838383838383838,12
C:\Users\zzhu329\Documents\GitHub\EM-3DMotion\BehaviorFitting\BehaviorData_Jim.mat,Jim,Jim_095,95,nonStim,1,Combined,105,115,0.91304347826087,12
C:\Users\zzhu329\Documents\GitHub\EM-3DMotion\BehaviorFitting\BehaviorData_Jim.mat,Jim,Jim_095,95,nonStim,2,MonoL,92,110,0.836363636363636,12
C:\Users\zzhu329\Documents\GitHub\EM-3DMotion\BehaviorFitting\BehaviorData_Jim.mat,Jim,Jim_095,95,nonStim,3,MonoR,80,108,0.740740740740741,12
C:\Users\zzhu329\Documents\GitHub\EM-3DMotion\BehaviorFitting\BehaviorData_Jim.mat,Jim,Jim_095,95,nonStim,4,Bino,84,113,0.743362831858407,12
C:\Users\zzhu329\Documents\GitHub\EM-3DMotion\BehaviorFitting\BehaviorData_Jim.mat,Jim,Jim_096,96,nonStim,1,Combined,99,110,0.9,12
C:\Users\zzhu329\Documents\GitHub\EM-3DMotion\BehaviorFitting\BehaviorData_Jim.mat,Jim,Jim_096,96,nonStim,2,MonoL,89,113,0.787610619469027,12
C:\Users\zzhu329\Documents\GitHub\EM-3DMotion\BehaviorFitting\BehaviorData_Jim.mat,Jim,Jim_096,96,nonStim,3,MonoR,85,113,0.752212389380531,12
C:\Users\zzhu329\Documents\GitHub\EM-3DMotion\BehaviorFitting\BehaviorData_Jim.mat,Jim,Jim_096,96,nonStim,4,Bino,92,113,0.814159292035398,12
C:\Users\zzhu329\Documents\GitHub\EM-3DMotion\BehaviorFitting\BehaviorData_Jim.mat,Jim,Jim_097,97,nonStim,1,Combined,107,120,0.891666666666667,12
C:\Users\zzhu329\Documents\GitHub\EM-3DMotion\BehaviorFitting\BehaviorData_Jim.mat,Jim,Jim_097,97,nonStim,2,MonoL,93,120,0.775,12
C:\Users\zzhu329\Documents\GitHub\EM-3DMotion\BehaviorFitting\BehaviorData_Jim.mat,Jim,Jim_097,97,nonStim,3,MonoR,86,122,0.704918032786885,12
C:\Users\zzhu329\Documents\GitHub\EM-3DMotion\BehaviorFitting\BehaviorData_Jim.mat,Jim,Jim_097,97,nonStim,4,Bino,90,119,0.756302521008403,12
C:\Users\zzhu329\Documents\GitHub\EM-3DMotion\BehaviorFitting\BehaviorData_Jim.mat,Jim,Jim_098,98,nonStim,1,Combined,154,169,0.911242603550296,12
C:\Users\zzhu329\Documents\GitHub\EM-3DMotion\BehaviorFitting\BehaviorData_Jim.mat,Jim,Jim_098,98,nonStim,2,MonoL,120,171,0.701754385964912,12
C:\Users\zzhu329\Documents\GitHub\EM-3DMotion\BehaviorFitting\BehaviorData_Jim.mat,Jim,Jim_098,98,nonStim,3,MonoR,98,171,0.573099415204678,12
C:\Users\zzhu329\Documents\GitHub\EM-3DMotion\BehaviorFitting\BehaviorData_Jim.mat,Jim,Jim_098,98,nonStim,4,Bino,140,172,0.813953488372093,12
C:\Users\zzhu329\Documents\GitHub\EM-3DMotion\BehaviorFitting\BehaviorData_Jim.mat,Jim,Jim_099,99,nonStim,1,Combined,115,121,0.950413223140496,12
C:\Users\zzhu329\Documents\GitHub\EM-3DMotion\BehaviorFitting\BehaviorData_Jim.mat,Jim,Jim_099,99,nonStim,2,MonoL,93,120,0.775,12
C:\Users\zzhu329\Documents\GitHub\EM-3DMotion\BehaviorFitting\BehaviorData_Jim.mat,Jim,Jim_099,99,nonStim,3,MonoR,107,121,0.884297520661157,12
C:\Users\zzhu329\Documents\GitHub\EM-3DMotion\BehaviorFitting\BehaviorData_Jim.mat,Jim,Jim_099,99,nonStim,4,Bino,108,121,0.892561983471074,12
C:\Users\zzhu329\Documents\GitHub\EM-3DMotion\BehaviorFitting\BehaviorData_Jim.mat,Jim,Jim_100,100,nonStim,1,Combined,147,167,0.880239520958084,12
C:\Users\zzhu329\Documents\GitHub\EM-3DMotion\BehaviorFitting\BehaviorData_Jim.mat,Jim,Jim_100,100,nonStim,2,MonoL,138,169,0.816568047337278,12
C:\Users\zzhu329\Documents\GitHub\EM-3DMotion\BehaviorFitting\BehaviorData_Jim.mat,Jim,Jim_100,100,nonStim,3,MonoR,130,166,0.783132530120482,12
C:\Users\zzhu329\Documents\GitHub\EM-3DMotion\BehaviorFitting\BehaviorData_Jim.mat,Jim,Jim_100,100,nonStim,4,Bino,142,166,0.855421686746988,12
C:\Users\zzhu329\Documents\GitHub\EM-3DMotion\BehaviorFitting\BehaviorData_Jim.mat,Jim,Jim_101,101,nonStim,1,Combined,114,120,0.95,12
C:\Users\zzhu329\Documents\GitHub\EM-3DMotion\BehaviorFitting\BehaviorData_Jim.mat,Jim,Jim_101,101,nonStim,2,MonoL,100,120,0.833333333333333,12
C:\Users\zzhu329\Documents\GitHub\EM-3DMotion\BehaviorFitting\BehaviorData_Jim.mat,Jim,Jim_101,101,nonStim,3,MonoR,99,120,0.825,12
C:\Users\zzhu329\Documents\GitHub\EM-3DMotion\BehaviorFitting\BehaviorData_Jim.mat,Jim,Jim_101,101,nonStim,4,Bino,107,120,0.891666666666667,12
C:\Users\zzhu329\Documents\GitHub\EM-3DMotion\BehaviorFitting\BehaviorData_Jim.mat,Jim,Jim_102,102,nonStim,1,Combined,118,133,0.887218045112782,12
C:\Users\zzhu329\Documents\GitHub\EM-3DMotion\BehaviorFitting\BehaviorData_Jim.mat,Jim,Jim_102,102,nonStim,2,MonoL,103,133,0.774436090225564,12
C:\Users\zzhu329\Documents\GitHub\EM-3DMotion\BehaviorFitting\BehaviorData_Jim.mat,Jim,Jim_102,102,nonStim,3,MonoR,88,133,0.661654135338346,12
C:\Users\zzhu329\Documents\GitHub\EM-3DMotion\BehaviorFitting\BehaviorData_Jim.mat,Jim,Jim_102,102,nonStim,4,Bino,97,132,0.734848484848485,12
C:\Users\zzhu329\Documents\GitHub\EM-3DMotion\BehaviorFitting\BehaviorData_Jim.mat,Jim,Jim_103,103,nonStim,1,Combined,108,117,0.923076923076923,12
C:\Users\zzhu329\Documents\GitHub\EM-3DMotion\BehaviorFitting\BehaviorData_Jim.mat,Jim,Jim_103,103,nonStim,2,MonoL,93,117,0.794871794871795,12
C:\Users\zzhu329\Documents\GitHub\EM-3DMotion\BehaviorFitting\BehaviorData_Jim.mat,Jim,Jim_103,103,nonStim,3,MonoR,90,119,0.756302521008403,12
C:\Users\zzhu329\Documents\GitHub\EM-3DMotion\BehaviorFitting\BehaviorData_Jim.mat,Jim,Jim_103,103,nonStim,4,Bino,95,116,0.818965517241379,12
C:\Users\zzhu329\Documents\GitHub\EM-3DMotion\BehaviorFitting\BehaviorData_Jim.mat,Jim,Jim_104,104,nonStim,1,Combined,117,122,0.959016393442623,12
C:\Users\zzhu329\Documents\GitHub\EM-3DMotion\BehaviorFitting\BehaviorData_Jim.mat,Jim,Jim_104,104,nonStim,2,MonoL,106,121,0.87603305785124,12
C:\Users\zzhu329\Documents\GitHub\EM-3DMotion\BehaviorFitting\BehaviorData_Jim.mat,Jim,Jim_104,104,nonStim,3,MonoR,95,122,0.778688524590164,12
C:\Users\zzhu329\Documents\GitHub\EM-3DMotion\BehaviorFitting\BehaviorData_Jim.mat,Jim,Jim_104,104,nonStim,4,Bino,107,122,0.877049180327869,12
C:\Users\zzhu329\Documents\GitHub\EM-3DMotion\BehaviorFitting\BehaviorData_Jim.mat,Jim,Jim_105,105,nonStim,1,Combined,111,117,0.948717948717949,12
C:\Users\zzhu329\Documents\GitHub\EM-3DMotion\BehaviorFitting\BehaviorData_Jim.mat,Jim,Jim_105,105,nonStim,2,MonoL,96,117,0.82051282051282,12
C:\Users\zzhu329\Documents\GitHub\EM-3DMotion\BehaviorFitting\BehaviorData_Jim.mat,Jim,Jim_105,105,nonStim,3,MonoR,105,120,0.875,12
C:\Users\zzhu329\Documents\GitHub\EM-3DMotion\BehaviorFitting\BehaviorData_Jim.mat,Jim,Jim_105,105,nonStim,4,Bino,106,116,0.913793103448276,12
C:\Users\zzhu329\Documents\GitHub\EM-3DMotion\BehaviorFitting\BehaviorData_Jim.mat,Jim,Jim_106,106,nonStim,1,Combined,51,59,0.864406779661017,12
C:\Users\zzhu329\Documents\GitHub\EM-3DMotion\BehaviorFitting\BehaviorData_Jim.mat,Jim,Jim_106,106,nonStim,2,MonoL,49,66,0.742424242424242,12
C:\Users\zzhu329\Documents\GitHub\EM-3DMotion\BehaviorFitting\BehaviorData_Jim.mat,Jim,Jim_106,106,nonStim,3,MonoR,58,69,0.840579710144927,12
C:\Users\zzhu329\Documents\GitHub\EM-3DMotion\BehaviorFitting\BehaviorData_Jim.mat,Jim,Jim_106,106,nonStim,4,Bino,52,66,0.787878787878788,12
C:\Users\zzhu329\Documents\GitHub\EM-3DMotion\BehaviorFitting\BehaviorData_Jim.mat,Jim,Jim_107,107,nonStim,1,Combined,107,119,0.899159663865546,12
C:\Users\zzhu329\Documents\GitHub\EM-3DMotion\BehaviorFitting\BehaviorData_Jim.mat,Jim,Jim_107,107,nonStim,2,MonoL,96,120,0.8,12
C:\Users\zzhu329\Documents\GitHub\EM-3DMotion\BehaviorFitting\BehaviorData_Jim.mat,Jim,Jim_107,107,nonStim,3,MonoR,95,120,0.791666666666667,12
C:\Users\zzhu329\Documents\GitHub\EM-3DMotion\BehaviorFitting\BehaviorData_Jim.mat,Jim,Jim_107,107,nonStim,4,Bino,102,120,0.85,12
C:\Users\zzhu329\Documents\GitHub\EM-3DMotion\BehaviorFitting\BehaviorData_Jim.mat,Jim,Jim_108,108,nonStim,1,Combined,110,122,0.901639344262295,12
C:\Users\zzhu329\Documents\GitHub\EM-3DMotion\BehaviorFitting\BehaviorData_Jim.mat,Jim,Jim_108,108,nonStim,2,MonoL,95,115,0.826086956521739,12
C:\Users\zzhu329\Documents\GitHub\EM-3DMotion\BehaviorFitting\BehaviorData_Jim.mat,Jim,Jim_108,108,nonStim,3,MonoR,88,118,0.745762711864407,12
C:\Users\zzhu329\Documents\GitHub\EM-3DMotion\BehaviorFitting\BehaviorData_Jim.mat,Jim,Jim_108,108,nonStim,4,Bino,100,115,0.869565217391304,12
C:\Users\zzhu329\Documents\GitHub\EM-3DMotion\BehaviorFitting\BehaviorData_Jim.mat,Jim,Jim_109,109,nonStim,1,Combined,163,181,0.900552486187845,12
C:\Users\zzhu329\Documents\GitHub\EM-3DMotion\BehaviorFitting\BehaviorData_Jim.mat,Jim,Jim_109,109,nonStim,2,MonoL,136,180,0.755555555555556,12
C:\Users\zzhu329\Documents\GitHub\EM-3DMotion\BehaviorFitting\BehaviorData_Jim.mat,Jim,Jim_109,109,nonStim,3,MonoR,139,180,0.772222222222222,12
C:\Users\zzhu329\Documents\GitHub\EM-3DMotion\BehaviorFitting\BehaviorData_Jim.mat,Jim,Jim_109,109,nonStim,4,Bino,152,180,0.844444444444444,12
C:\Users\zzhu329\Documents\GitHub\EM-3DMotion\BehaviorFitting\BehaviorData_Jim.mat,Jim,Jim_110,110,nonStim,1,Combined,133,143,0.93006993006993,12
C:\Users\zzhu329\Documents\GitHub\EM-3DMotion\BehaviorFitting\BehaviorData_Jim.mat,Jim,Jim_110,110,nonStim,2,MonoL,110,141,0.780141843971631,12
C:\Users\zzhu329\Documents\GitHub\EM-3DMotion\BehaviorFitting\BehaviorData_Jim.mat,Jim,Jim_110,110,nonStim,3,MonoR,115,145,0.793103448275862,12
C:\Users\zzhu329\Documents\GitHub\EM-3DMotion\BehaviorFitting\BehaviorData_Jim.mat,Jim,Jim_110,110,nonStim,4,Bino,126,144,0.875,12
C:\Users\zzhu329\Documents\GitHub\EM-3DMotion\BehaviorFitting\BehaviorData_Jim.mat,Jim,Jim_111,111,nonStim,1,Combined,106,115,0.921739130434783,12
C:\Users\zzhu329\Documents\GitHub\EM-3DMotion\BehaviorFitting\BehaviorData_Jim.mat,Jim,Jim_111,111,nonStim,2,MonoL,100,119,0.840336134453782,12
C:\Users\zzhu329\Documents\GitHub\EM-3DMotion\BehaviorFitting\BehaviorData_Jim.mat,Jim,Jim_111,111,nonStim,3,MonoR,93,117,0.794871794871795,12
C:\Users\zzhu329\Documents\GitHub\EM-3DMotion\BehaviorFitting\BehaviorData_Jim.mat,Jim,Jim_111,111,nonStim,4,Bino,101,115,0.878260869565217,12
C:\Users\zzhu329\Documents\GitHub\EM-3DMotion\BehaviorFitting\BehaviorData_Jim.mat,Jim,Jim_112,112,nonStim,1,Combined,112,121,0.925619834710744,12
C:\Users\zzhu329\Documents\GitHub\EM-3DMotion\BehaviorFitting\BehaviorData_Jim.mat,Jim,Jim_112,112,nonStim,2,MonoL,92,120,0.766666666666667,12
C:\Users\zzhu329\Documents\GitHub\EM-3DMotion\BehaviorFitting\BehaviorData_Jim.mat,Jim,Jim_112,112,nonStim,3,MonoR,92,121,0.760330578512397,12
C:\Users\zzhu329\Documents\GitHub\EM-3DMotion\BehaviorFitting\BehaviorData_Jim.mat,Jim,Jim_112,112,nonStim,4,Bino,106,120,0.883333333333333,12
C:\Users\zzhu329\Documents\GitHub\EM-3DMotion\BehaviorFitting\BehaviorData_Jim.mat,Jim,Jim_113,113,nonStim,1,Combined,115,122,0.942622950819672,12
C:\Users\zzhu329\Documents\GitHub\EM-3DMotion\BehaviorFitting\BehaviorData_Jim.mat,Jim,Jim_113,113,nonStim,2,MonoL,108,121,0.892561983471074,12
C:\Users\zzhu329\Documents\GitHub\EM-3DMotion\BehaviorFitting\BehaviorData_Jim.mat,Jim,Jim_113,113,nonStim,3,MonoR,101,122,0.827868852459016,12
C:\Users\zzhu329\Documents\GitHub\EM-3DMotion\BehaviorFitting\BehaviorData_Jim.mat,Jim,Jim_113,113,nonStim,4,Bino,112,123,0.910569105691057,12
C:\Users\zzhu329\Documents\GitHub\EM-3DMotion\BehaviorFitting\BehaviorData_Jim.mat,Jim,Jim_114,114,nonStim,1,Combined,140,149,0.939597315436242,12
C:\Users\zzhu329\Documents\GitHub\EM-3DMotion\BehaviorFitting\BehaviorData_Jim.mat,Jim,Jim_114,114,nonStim,2,MonoL,124,146,0.849315068493151,12
C:\Users\zzhu329\Documents\GitHub\EM-3DMotion\BehaviorFitting\BehaviorData_Jim.mat,Jim,Jim_114,114,nonStim,3,MonoR,119,146,0.815068493150685,12
C:\Users\zzhu329\Documents\GitHub\EM-3DMotion\BehaviorFitting\BehaviorData_Jim.mat,Jim,Jim_114,114,nonStim,4,Bino,130,146,0.89041095890411,12
C:\Users\zzhu329\Documents\GitHub\EM-3DMotion\BehaviorFitting\BehaviorData_Jim.mat,Jim,Jim_115,115,nonStim,1,Combined,117,132,0.886363636363636,12
C:\Users\zzhu329\Documents\GitHub\EM-3DMotion\BehaviorFitting\BehaviorData_Jim.mat,Jim,Jim_115,115,nonStim,2,MonoL,107,130,0.823076923076923,12
C:\Users\zzhu329\Documents\GitHub\EM-3DMotion\BehaviorFitting\BehaviorData_Jim.mat,Jim,Jim_115,115,nonStim,3,MonoR,75,130,0.576923076923077,12
C:\Users\zzhu329\Documents\GitHub\EM-3DMotion\BehaviorFitting\BehaviorData_Jim.mat,Jim,Jim_115,115,nonStim,4,Bino,104,130,0.8,12
C:\Users\zzhu329\Documents\GitHub\EM-3DMotion\BehaviorFitting\BehaviorData_Jim.mat,Jim,Jim_116,116,nonStim,1,Combined,133,144,0.923611111111111,12
C:\Users\zzhu329\Documents\GitHub\EM-3DMotion\BehaviorFitting\BehaviorData_Jim.mat,Jim,Jim_116,116,nonStim,2,MonoL,116,144,0.805555555555556,12
C:\Users\zzhu329\Documents\GitHub\EM-3DMotion\BehaviorFitting\BehaviorData_Jim.mat,Jim,Jim_116,116,nonStim,3,MonoR,97,147,0.659863945578231,12
C:\Users\zzhu329\Documents\GitHub\EM-3DMotion\BehaviorFitting\BehaviorData_Jim.mat,Jim,Jim_116,116,nonStim,4,Bino,126,144,0.875,12
C:\Users\zzhu329\Documents\GitHub\EM-3DMotion\BehaviorFitting\BehaviorData_Jim.mat,Jim,Jim_117,117,nonStim,1,Combined,123,130,0.946153846153846,12
C:\Users\zzhu329\Documents\GitHub\EM-3DMotion\BehaviorFitting\BehaviorData_Jim.mat,Jim,Jim_117,117,nonStim,2,MonoL,110,132,0.833333333333333,12
C:\Users\zzhu329\Documents\GitHub\EM-3DMotion\BehaviorFitting\BehaviorData_Jim.mat,Jim,Jim_117,117,nonStim,3,MonoR,98,131,0.748091603053435,12
C:\Users\zzhu329\Documents\GitHub\EM-3DMotion\BehaviorFitting\BehaviorData_Jim.mat,Jim,Jim_117,117,nonStim,4,Bino,107,131,0.816793893129771,12
C:\Users\zzhu329\Documents\GitHub\EM-3DMotion\BehaviorFitting\BehaviorData_Jim.mat,Jim,Jim_118,118,nonStim,1,Combined,111,120,0.925,12
C:\Users\zzhu329\Documents\GitHub\EM-3DMotion\BehaviorFitting\BehaviorData_Jim.mat,Jim,Jim_118,118,nonStim,2,MonoL,97,120,0.808333333333333,12
C:\Users\zzhu329\Documents\GitHub\EM-3DMotion\BehaviorFitting\BehaviorData_Jim.mat,Jim,Jim_118,118,nonStim,3,MonoR,94,119,0.789915966386555,12
C:\Users\zzhu329\Documents\GitHub\EM-3DMotion\BehaviorFitting\BehaviorData_Jim.mat,Jim,Jim_118,118,nonStim,4,Bino,94,120,0.783333333333333,12
C:\Users\zzhu329\Documents\GitHub\EM-3DMotion\BehaviorFitting\BehaviorData_Jim.mat,Jim,Jim_119,119,nonStim,1,Combined,137,144,0.951388888888889,12
C:\Users\zzhu329\Documents\GitHub\EM-3DMotion\BehaviorFitting\BehaviorData_Jim.mat,Jim,Jim_119,119,nonStim,2,MonoL,118,144,0.819444444444444,12
C:\Users\zzhu329\Documents\GitHub\EM-3DMotion\BehaviorFitting\BehaviorData_Jim.mat,Jim,Jim_119,119,nonStim,3,MonoR,123,145,0.848275862068966,12
C:\Users\zzhu329\Documents\GitHub\EM-3DMotion\BehaviorFitting\BehaviorData_Jim.mat,Jim,Jim_119,119,nonStim,4,Bino,129,144,0.895833333333333,12
C:\Users\zzhu329\Documents\GitHub\EM-3DMotion\BehaviorFitting\BehaviorData_Jim.mat,Jim,Jim_120,120,nonStim,1,Combined,97,121,0.801652892561983,12
C:\Users\zzhu329\Documents\GitHub\EM-3DMotion\BehaviorFitting\BehaviorData_Jim.mat,Jim,Jim_120,120,nonStim,2,MonoL,88,121,0.727272727272727,12
C:\Users\zzhu329\Documents\GitHub\EM-3DMotion\BehaviorFitting\BehaviorData_Jim.mat,Jim,Jim_120,120,nonStim,3,MonoR,75,121,0.619834710743802,12
C:\Users\zzhu329\Documents\GitHub\EM-3DMotion\BehaviorFitting\BehaviorData_Jim.mat,Jim,Jim_120,120,nonStim,4,Bino,77,120,0.641666666666667,12
C:\Users\zzhu329\Documents\GitHub\EM-3DMotion\BehaviorFitting\BehaviorData_Jim.mat,Jim,Jim_121,121,nonStim,1,Combined,137,148,0.925675675675676,12
C:\Users\zzhu329\Documents\GitHub\EM-3DMotion\BehaviorFitting\BehaviorData_Jim.mat,Jim,Jim_121,121,nonStim,2,MonoL,114,147,0.775510204081633,12
C:\Users\zzhu329\Documents\GitHub\EM-3DMotion\BehaviorFitting\BehaviorData_Jim.mat,Jim,Jim_121,121,nonStim,3,MonoR,120,146,0.821917808219178,12
C:\Users\zzhu329\Documents\GitHub\EM-3DMotion\BehaviorFitting\BehaviorData_Jim.mat,Jim,Jim_121,121,nonStim,4,Bino,136,147,0.925170068027211,12
C:\Users\zzhu329\Documents\GitHub\EM-3DMotion\BehaviorFitting\BehaviorData_Jim.mat,Jim,Jim_122,122,nonStim,1,Combined,163,177,0.92090395480226,12
C:\Users\zzhu329\Documents\GitHub\EM-3DMotion\BehaviorFitting\BehaviorData_Jim.mat,Jim,Jim_122,122,nonStim,2,MonoL,125,179,0.698324022346369,12
C:\Users\zzhu329\Documents\GitHub\EM-3DMotion\BehaviorFitting\BehaviorData_Jim.mat,Jim,Jim_122,122,nonStim,3,MonoR,150,180,0.833333333333333,12
C:\Users\zzhu329\Documents\GitHub\EM-3DMotion\BehaviorFitting\BehaviorData_Jim.mat,Jim,Jim_122,122,nonStim,4,Bino,161,180,0.894444444444444,12
C:\Users\zzhu329\Documents\GitHub\EM-3DMotion\BehaviorFitting\BehaviorData_Jim.mat,Jim,Jim_123,123,nonStim,1,Combined,145,156,0.92948717948718,12
C:\Users\zzhu329\Documents\GitHub\EM-3DMotion\BehaviorFitting\BehaviorData_Jim.mat,Jim,Jim_123,123,nonStim,2,MonoL,122,160,0.7625,12
C:\Users\zzhu329\Documents\GitHub\EM-3DMotion\BehaviorFitting\BehaviorData_Jim.mat,Jim,Jim_123,123,nonStim,3,MonoR,110,162,0.679012345679012,12
C:\Users\zzhu329\Documents\GitHub\EM-3DMotion\BehaviorFitting\BehaviorData_Jim.mat,Jim,Jim_123,123,nonStim,4,Bino,139,165,0.842424242424242,12
C:\Users\zzhu329\Documents\GitHub\EM-3DMotion\BehaviorFitting\BehaviorData_Jim.mat,Jim,Jim_124,124,nonStim,1,Combined,138,154,0.896103896103896,12
C:\Users\zzhu329\Documents\GitHub\EM-3DMotion\BehaviorFitting\BehaviorData_Jim.mat,Jim,Jim_124,124,nonStim,2,MonoL,126,150,0.84,12
C:\Users\zzhu329\Documents\GitHub\EM-3DMotion\BehaviorFitting\BehaviorData_Jim.mat,Jim,Jim_124,124,nonStim,3,MonoR,116,154,0.753246753246753,12
C:\Users\zzhu329\Documents\GitHub\EM-3DMotion\BehaviorFitting\BehaviorData_Jim.mat,Jim,Jim_124,124,nonStim,4,Bino,117,147,0.795918367346939,12
C:\Users\zzhu329\Documents\GitHub\EM-3DMotion\BehaviorFitting\BehaviorData_Jim.mat,Jim,Jim_125,125,nonStim,1,Combined,114,144,0.791666666666667,12
C:\Users\zzhu329\Documents\GitHub\EM-3DMotion\BehaviorFitting\BehaviorData_Jim.mat,Jim,Jim_125,125,nonStim,2,MonoL,106,143,0.741258741258741,12
C:\Users\zzhu329\Documents\GitHub\EM-3DMotion\BehaviorFitting\BehaviorData_Jim.mat,Jim,Jim_125,125,nonStim,3,MonoR,72,144,0.5,12
C:\Users\zzhu329\Documents\GitHub\EM-3DMotion\BehaviorFitting\BehaviorData_Jim.mat,Jim,Jim_125,125,nonStim,4,Bino,92,144,0.638888888888889,12
C:\Users\zzhu329\Documents\GitHub\EM-3DMotion\BehaviorFitting\BehaviorData_Jim.mat,Jim,Jim_126,126,nonStim,1,Combined,111,119,0.932773109243697,12
C:\Users\zzhu329\Documents\GitHub\EM-3DMotion\BehaviorFitting\BehaviorData_Jim.mat,Jim,Jim_126,126,nonStim,2,MonoL,100,120,0.833333333333333,12
C:\Users\zzhu329\Documents\GitHub\EM-3DMotion\BehaviorFitting\BehaviorData_Jim.mat,Jim,Jim_126,126,nonStim,3,MonoR,103,120,0.858333333333333,12
C:\Users\zzhu329\Documents\GitHub\EM-3DMotion\BehaviorFitting\BehaviorData_Jim.mat,Jim,Jim_126,126,nonStim,4,Bino,108,120,0.9,12
C:\Users\zzhu329\Documents\GitHub\EM-3DMotion\BehaviorFitting\BehaviorData_Jim.mat,Jim,Jim_127,127,nonStim,1,Combined,128,147,0.870748299319728,12
C:\Users\zzhu329\Documents\GitHub\EM-3DMotion\BehaviorFitting\BehaviorData_Jim.mat,Jim,Jim_127,127,nonStim,2,MonoL,127,146,0.86986301369863,12
C:\Users\zzhu329\Documents\GitHub\EM-3DMotion\BehaviorFitting\BehaviorData_Jim.mat,Jim,Jim_127,127,nonStim,3,MonoR,99,149,0.664429530201342,12
C:\Users\zzhu329\Documents\GitHub\EM-3DMotion\BehaviorFitting\BehaviorData_Jim.mat,Jim,Jim_127,127,nonStim,4,Bino,121,147,0.82312925170068,12
C:\Users\zzhu329\Documents\GitHub\EM-3DMotion\BehaviorFitting\BehaviorData_Jim.mat,Jim,Jim_128,128,nonStim,1,Combined,127,145,0.875862068965517,12
C:\Users\zzhu329\Documents\GitHub\EM-3DMotion\BehaviorFitting\BehaviorData_Jim.mat,Jim,Jim_128,128,nonStim,2,MonoL,100,145,0.689655172413793,12
C:\Users\zzhu329\Documents\GitHub\EM-3DMotion\BehaviorFitting\BehaviorData_Jim.mat,Jim,Jim_128,128,nonStim,3,MonoR,108,145,0.744827586206897,12
C:\Users\zzhu329\Documents\GitHub\EM-3DMotion\BehaviorFitting\BehaviorData_Jim.mat,Jim,Jim_128,128,nonStim,4,Bino,115,145,0.793103448275862,12
C:\Users\zzhu329\Documents\GitHub\EM-3DMotion\BehaviorFitting\BehaviorData_Jim.mat,Jim,Jim_129,129,nonStim,1,Combined,125,146,0.856164383561644,12
C:\Users\zzhu329\Documents\GitHub\EM-3DMotion\BehaviorFitting\BehaviorData_Jim.mat,Jim,Jim_129,129,nonStim,2,MonoL,110,144,0.763888888888889,12
C:\Users\zzhu329\Documents\GitHub\EM-3DMotion\BehaviorFitting\BehaviorData_Jim.mat,Jim,Jim_129,129,nonStim,3,MonoR,101,145,0.696551724137931,12
C:\Users\zzhu329\Documents\GitHub\EM-3DMotion\BehaviorFitting\BehaviorData_Jim.mat,Jim,Jim_129,129,nonStim,4,Bino,106,145,0.731034482758621,12
C:\Users\zzhu329\Documents\GitHub\EM-3DMotion\BehaviorFitting\BehaviorData_Jim.mat,Jim,Jim_130,130,nonStim,1,Combined,109,122,0.89344262295082,12
C:\Users\zzhu329\Documents\GitHub\EM-3DMotion\BehaviorFitting\BehaviorData_Jim.mat,Jim,Jim_130,130,nonStim,2,MonoL,90,120,0.75,12
C:\Users\zzhu329\Documents\GitHub\EM-3DMotion\BehaviorFitting\BehaviorData_Jim.mat,Jim,Jim_130,130,nonStim,3,MonoR,88,122,0.721311475409836,12
C:\Users\zzhu329\Documents\GitHub\EM-3DMotion\BehaviorFitting\BehaviorData_Jim.mat,Jim,Jim_130,130,nonStim,4,Bino,91,121,0.752066115702479,12
C:\Users\zzhu329\Documents\GitHub\EM-3DMotion\BehaviorFitting\BehaviorData_Jim.mat,Jim,Jim_131,131,nonStim,1,Combined,111,120,0.925,12
C:\Users\zzhu329\Documents\GitHub\EM-3DMotion\BehaviorFitting\BehaviorData_Jim.mat,Jim,Jim_131,131,nonStim,2,MonoL,105,121,0.867768595041322,12
C:\Users\zzhu329\Documents\GitHub\EM-3DMotion\BehaviorFitting\BehaviorData_Jim.mat,Jim,Jim_131,131,nonStim,3,MonoR,96,120,0.8,12
C:\Users\zzhu329\Documents\GitHub\EM-3DMotion\BehaviorFitting\BehaviorData_Jim.mat,Jim,Jim_131,131,nonStim,4,Bino,106,120,0.883333333333333,12
C:\Users\zzhu329\Documents\GitHub\EM-3DMotion\BehaviorFitting\BehaviorData_Jim.mat,Jim,Jim_132,132,nonStim,1,Combined,128,136,0.941176470588235,12
C:\Users\zzhu329\Documents\GitHub\EM-3DMotion\BehaviorFitting\BehaviorData_Jim.mat,Jim,Jim_132,132,nonStim,2,MonoL,101,135,0.748148148148148,12
C:\Users\zzhu329\Documents\GitHub\EM-3DMotion\BehaviorFitting\BehaviorData_Jim.mat,Jim,Jim_132,132,nonStim,3,MonoR,120,135,0.888888888888889,12
C:\Users\zzhu329\Documents\GitHub\EM-3DMotion\BehaviorFitting\BehaviorData_Jim.mat,Jim,Jim_132,132,nonStim,4,Bino,120,136,0.882352941176471,12
C:\Users\zzhu329\Documents\GitHub\EM-3DMotion\BehaviorFitting\BehaviorData_Jim.mat,Jim,Jim_133,133,nonStim,1,Combined,112,121,0.925619834710744,12
C:\Users\zzhu329\Documents\GitHub\EM-3DMotion\BehaviorFitting\BehaviorData_Jim.mat,Jim,Jim_133,133,nonStim,2,MonoL,100,124,0.806451612903226,12
C:\Users\zzhu329\Documents\GitHub\EM-3DMotion\BehaviorFitting\BehaviorData_Jim.mat,Jim,Jim_133,133,nonStim,3,MonoR,108,124,0.870967741935484,12
C:\Users\zzhu329\Documents\GitHub\EM-3DMotion\BehaviorFitting\BehaviorData_Jim.mat,Jim,Jim_133,133,nonStim,4,Bino,107,121,0.884297520661157,12
C:\Users\zzhu329\Documents\GitHub\EM-3DMotion\BehaviorFitting\BehaviorData_Jim.mat,Jim,Jim_134,134,nonStim,1,Combined,131,136,0.963235294117647,12
C:\Users\zzhu329\Documents\GitHub\EM-3DMotion\BehaviorFitting\BehaviorData_Jim.mat,Jim,Jim_134,134,nonStim,2,MonoL,117,133,0.879699248120301,12
C:\Users\zzhu329\Documents\GitHub\EM-3DMotion\BehaviorFitting\BehaviorData_Jim.mat,Jim,Jim_134,134,nonStim,3,MonoR,106,135,0.785185185185185,12
C:\Users\zzhu329\Documents\GitHub\EM-3DMotion\BehaviorFitting\BehaviorData_Jim.mat,Jim,Jim_134,134,nonStim,4,Bino,118,135,0.874074074074074,12
C:\Users\zzhu329\Documents\GitHub\EM-3DMotion\BehaviorFitting\BehaviorData_Jim.mat,Jim,Jim_135,135,nonStim,1,Combined,153,159,0.962264150943396,12
C:\Users\zzhu329\Documents\GitHub\EM-3DMotion\BehaviorFitting\BehaviorData_Jim.mat,Jim,Jim_135,135,nonStim,2,MonoL,122,157,0.777070063694268,12
C:\Users\zzhu329\Documents\GitHub\EM-3DMotion\BehaviorFitting\BehaviorData_Jim.mat,Jim,Jim_135,135,nonStim,3,MonoR,133,157,0.847133757961783,12
C:\Users\zzhu329\Documents\GitHub\EM-3DMotion\BehaviorFitting\BehaviorData_Jim.mat,Jim,Jim_135,135,nonStim,4,Bino,139,156,0.891025641025641,12
C:\Users\zzhu329\Documents\GitHub\EM-3DMotion\BehaviorFitting\BehaviorData_Jim.mat,Jim,Jim_136,136,nonStim,1,Combined,106,120,0.883333333333333,12
C:\Users\zzhu329\Documents\GitHub\EM-3DMotion\BehaviorFitting\BehaviorData_Jim.mat,Jim,Jim_136,136,nonStim,2,MonoL,76,120,0.633333333333333,12
C:\Users\zzhu329\Documents\GitHub\EM-3DMotion\BehaviorFitting\BehaviorData_Jim.mat,Jim,Jim_136,136,nonStim,3,MonoR,103,121,0.851239669421488,12
C:\Users\zzhu329\Documents\GitHub\EM-3DMotion\BehaviorFitting\BehaviorData_Jim.mat,Jim,Jim_136,136,nonStim,4,Bino,100,120,0.833333333333333,12
C:\Users\zzhu329\Documents\GitHub\EM-3DMotion\BehaviorFitting\BehaviorData_Jim.mat,Jim,Jim_137,137,nonStim,1,Combined,140,150,0.933333333333333,12
C:\Users\zzhu329\Documents\GitHub\EM-3DMotion\BehaviorFitting\BehaviorData_Jim.mat,Jim,Jim_137,137,nonStim,2,MonoL,121,153,0.790849673202614,12
C:\Users\zzhu329\Documents\GitHub\EM-3DMotion\BehaviorFitting\BehaviorData_Jim.mat,Jim,Jim_137,137,nonStim,3,MonoR,123,154,0.798701298701299,12
C:\Users\zzhu329\Documents\GitHub\EM-3DMotion\BehaviorFitting\BehaviorData_Jim.mat,Jim,Jim_137,137,nonStim,4,Bino,137,150,0.913333333333333,12
C:\Users\zzhu329\Documents\GitHub\EM-3DMotion\BehaviorFitting\BehaviorData_Jim.mat,Jim,Jim_138,138,nonStim,1,Combined,128,143,0.895104895104895,12
C:\Users\zzhu329\Documents\GitHub\EM-3DMotion\BehaviorFitting\BehaviorData_Jim.mat,Jim,Jim_138,138,nonStim,2,MonoL,124,147,0.843537414965986,12
C:\Users\zzhu329\Documents\GitHub\EM-3DMotion\BehaviorFitting\BehaviorData_Jim.mat,Jim,Jim_138,138,nonStim,3,MonoR,114,146,0.780821917808219,12
C:\Users\zzhu329\Documents\GitHub\EM-3DMotion\BehaviorFitting\BehaviorData_Jim.mat,Jim,Jim_138,138,nonStim,4,Bino,127,144,0.881944444444444,12
C:\Users\zzhu329\Documents\GitHub\EM-3DMotion\BehaviorFitting\BehaviorData_Jim.mat,Jim,Jim_139,139,nonStim,1,Combined,116,120,0.966666666666667,12
C:\Users\zzhu329\Documents\GitHub\EM-3DMotion\BehaviorFitting\BehaviorData_Jim.mat,Jim,Jim_139,139,nonStim,2,MonoL,94,119,0.789915966386555,12
C:\Users\zzhu329\Documents\GitHub\EM-3DMotion\BehaviorFitting\BehaviorData_Jim.mat,Jim,Jim_139,139,nonStim,3,MonoR,101,119,0.848739495798319,12
C:\Users\zzhu329\Documents\GitHub\EM-3DMotion\BehaviorFitting\BehaviorData_Jim.mat,Jim,Jim_139,139,nonStim,4,Bino,106,118,0.898305084745763,12
C:\Users\zzhu329\Documents\GitHub\EM-3DMotion\BehaviorFitting\BehaviorData_Jim.mat,Jim,Jim_140,140,nonStim,1,Combined,128,145,0.882758620689655,12
C:\Users\zzhu329\Documents\GitHub\EM-3DMotion\BehaviorFitting\BehaviorData_Jim.mat,Jim,Jim_140,140,nonStim,2,MonoL,117,144,0.8125,12
C:\Users\zzhu329\Documents\GitHub\EM-3DMotion\BehaviorFitting\BehaviorData_Jim.mat,Jim,Jim_140,140,nonStim,3,MonoR,108,144,0.75,12
C:\Users\zzhu329\Documents\GitHub\EM-3DMotion\BehaviorFitting\BehaviorData_Jim.mat,Jim,Jim_140,140,nonStim,4,Bino,120,144,0.833333333333333,12
C:\Users\zzhu329\Documents\GitHub\EM-3DMotion\BehaviorFitting\BehaviorData_Jim.mat,Jim,Jim_141,141,nonStim,1,Combined,127,158,0.80379746835443,12
C:\Users\zzhu329\Documents\GitHub\EM-3DMotion\BehaviorFitting\BehaviorData_Jim.mat,Jim,Jim_141,141,nonStim,2,MonoL,111,159,0.69811320754717,12
C:\Users\zzhu329\Documents\GitHub\EM-3DMotion\BehaviorFitting\BehaviorData_Jim.mat,Jim,Jim_141,141,nonStim,3,MonoR,118,158,0.746835443037975,12
C:\Users\zzhu329\Documents\GitHub\EM-3DMotion\BehaviorFitting\BehaviorData_Jim.mat,Jim,Jim_141,141,nonStim,4,Bino,121,157,0.770700636942675,12
C:\Users\zzhu329\Documents\GitHub\EM-3DMotion\BehaviorFitting\BehaviorData_Jim.mat,Jim,Jim_142,142,nonStim,1,Combined,150,162,0.925925925925926,12
C:\Users\zzhu329\Documents\GitHub\EM-3DMotion\BehaviorFitting\BehaviorData_Jim.mat,Jim,Jim_142,142,nonStim,2,MonoL,131,162,0.808641975308642,12
C:\Users\zzhu329\Documents\GitHub\EM-3DMotion\BehaviorFitting\BehaviorData_Jim.mat,Jim,Jim_142,142,nonStim,3,MonoR,134,163,0.822085889570552,12
C:\Users\zzhu329\Documents\GitHub\EM-3DMotion\BehaviorFitting\BehaviorData_Jim.mat,Jim,Jim_142,142,nonStim,4,Bino,138,165,0.836363636363636,12
C:\Users\zzhu329\Documents\GitHub\EM-3DMotion\BehaviorFitting\BehaviorData_Jim.mat,Jim,Jim_143,143,nonStim,1,Combined,116,135,0.859259259259259,12
C:\Users\zzhu329\Documents\GitHub\EM-3DMotion\BehaviorFitting\BehaviorData_Jim.mat,Jim,Jim_143,143,nonStim,2,MonoL,113,134,0.843283582089552,12
C:\Users\zzhu329\Documents\GitHub\EM-3DMotion\BehaviorFitting\BehaviorData_Jim.mat,Jim,Jim_143,143,nonStim,3,MonoR,94,139,0.676258992805755,12
C:\Users\zzhu329\Documents\GitHub\EM-3DMotion\BehaviorFitting\BehaviorData_Jim.mat,Jim,Jim_143,143,nonStim,4,Bino,112,137,0.817518248175182,12
C:\Users\zzhu329\Documents\GitHub\EM-3DMotion\BehaviorFitting\BehaviorData_Jim.mat,Jim,Jim_144,144,nonStim,1,Combined,112,126,0.888888888888889,12
C:\Users\zzhu329\Documents\GitHub\EM-3DMotion\BehaviorFitting\BehaviorData_Jim.mat,Jim,Jim_144,144,nonStim,2,MonoL,95,126,0.753968253968254,12
C:\Users\zzhu329\Documents\GitHub\EM-3DMotion\BehaviorFitting\BehaviorData_Jim.mat,Jim,Jim_144,144,nonStim,3,MonoR,101,123,0.821138211382114,12
C:\Users\zzhu329\Documents\GitHub\EM-3DMotion\BehaviorFitting\BehaviorData_Jim.mat,Jim,Jim_144,144,nonStim,4,Bino,106,124,0.854838709677419,12
C:\Users\zzhu329\Documents\GitHub\EM-3DMotion\BehaviorFitting\BehaviorData_Jim.mat,Jim,Jim_145,145,nonStim,1,Combined,108,127,0.850393700787402,12
C:\Users\zzhu329\Documents\GitHub\EM-3DMotion\BehaviorFitting\BehaviorData_Jim.mat,Jim,Jim_145,145,nonStim,2,MonoL,96,125,0.768,12
C:\Users\zzhu329\Documents\GitHub\EM-3DMotion\BehaviorFitting\BehaviorData_Jim.mat,Jim,Jim_145,145,nonStim,3,MonoR,85,125,0.68,12
C:\Users\zzhu329\Documents\GitHub\EM-3DMotion\BehaviorFitting\BehaviorData_Jim.mat,Jim,Jim_145,145,nonStim,4,Bino,91,129,0.705426356589147,12
C:\Users\zzhu329\Documents\GitHub\EM-3DMotion\BehaviorFitting\BehaviorData_Jim.mat,Jim,Jim_146,146,nonStim,1,Combined,115,127,0.905511811023622,12
C:\Users\zzhu329\Documents\GitHub\EM-3DMotion\BehaviorFitting\BehaviorData_Jim.mat,Jim,Jim_146,146,nonStim,2,MonoL,103,127,0.811023622047244,12
C:\Users\zzhu329\Documents\GitHub\EM-3DMotion\BehaviorFitting\BehaviorData_Jim.mat,Jim,Jim_146,146,nonStim,3,MonoR,100,121,0.826446280991736,12
C:\Users\zzhu329\Documents\GitHub\EM-3DMotion\BehaviorFitting\BehaviorData_Jim.mat,Jim,Jim_146,146,nonStim,4,Bino,106,124,0.854838709677419,12
C:\Users\zzhu329\Documents\GitHub\EM-3DMotion\BehaviorFitting\BehaviorData_Jim.mat,Jim,Jim_147,147,nonStim,1,Combined,114,120,0.95,12
C:\Users\zzhu329\Documents\GitHub\EM-3DMotion\BehaviorFitting\BehaviorData_Jim.mat,Jim,Jim_147,147,nonStim,2,MonoL,94,120,0.783333333333333,12
C:\Users\zzhu329\Documents\GitHub\EM-3DMotion\BehaviorFitting\BehaviorData_Jim.mat,Jim,Jim_147,147,nonStim,3,MonoR,109,120,0.908333333333333,12
C:\Users\zzhu329\Documents\GitHub\EM-3DMotion\BehaviorFitting\BehaviorData_Jim.mat,Jim,Jim_147,147,nonStim,4,Bino,111,120,0.925,12
C:\Users\zzhu329\Documents\GitHub\EM-3DMotion\BehaviorFitting\BehaviorData_Jim.mat,Jim,Jim_148,148,nonStim,1,Combined,120,127,0.94488188976378,12
C:\Users\zzhu329\Documents\GitHub\EM-3DMotion\BehaviorFitting\BehaviorData_Jim.mat,Jim,Jim_148,148,nonStim,2,MonoL,94,128,0.734375,12
C:\Users\zzhu329\Documents\GitHub\EM-3DMotion\BehaviorFitting\BehaviorData_Jim.mat,Jim,Jim_148,148,nonStim,3,MonoR,110,129,0.852713178294574,12
C:\Users\zzhu329\Documents\GitHub\EM-3DMotion\BehaviorFitting\BehaviorData_Jim.mat,Jim,Jim_148,148,nonStim,4,Bino,105,125,0.84,12
C:\Users\zzhu329\Documents\GitHub\EM-3DMotion\BehaviorFitting\BehaviorData_Jim.mat,Jim,Jim_149,149,nonStim,1,Combined,113,125,0.904,12
C:\Users\zzhu329\Documents\GitHub\EM-3DMotion\BehaviorFitting\BehaviorData_Jim.mat,Jim,Jim_149,149,nonStim,2,MonoL,94,122,0.770491803278688,12
C:\Users\zzhu329\Documents\GitHub\EM-3DMotion\BehaviorFitting\BehaviorData_Jim.mat,Jim,Jim_149,149,nonStim,3,MonoR,90,123,0.731707317073171,12
C:\Users\zzhu329\Documents\GitHub\EM-3DMotion\BehaviorFitting\BehaviorData_Jim.mat,Jim,Jim_149,149,nonStim,4,Bino,109,124,0.879032258064516,12
C:\Users\zzhu329\Documents\GitHub\EM-3DMotion\BehaviorFitting\BehaviorData_Jim.mat,Jim,Jim_150,150,nonStim,1,Combined,105,114,0.921052631578947,12
C:\Users\zzhu329\Documents\GitHub\EM-3DMotion\BehaviorFitting\BehaviorData_Jim.mat,Jim,Jim_150,150,nonStim,2,MonoL,93,111,0.837837837837838,12
C:\Users\zzhu329\Documents\GitHub\EM-3DMotion\BehaviorFitting\BehaviorData_Jim.mat,Jim,Jim_150,150,nonStim,3,MonoR,100,117,0.854700854700855,12
C:\Users\zzhu329\Documents\GitHub\EM-3DMotion\BehaviorFitting\BehaviorData_Jim.mat,Jim,Jim_150,150,nonStim,4,Bino,103,115,0.895652173913044,12
C:\Users\zzhu329\Documents\GitHub\EM-3DMotion\BehaviorFitting\BehaviorData_Jim.mat,Jim,Jim_151,151,nonStim,1,Combined,107,121,0.884297520661157,12
C:\Users\zzhu329\Documents\GitHub\EM-3DMotion\BehaviorFitting\BehaviorData_Jim.mat,Jim,Jim_151,151,nonStim,2,MonoL,95,122,0.778688524590164,12
C:\Users\zzhu329\Documents\GitHub\EM-3DMotion\BehaviorFitting\BehaviorData_Jim.mat,Jim,Jim_151,151,nonStim,3,MonoR,89,124,0.717741935483871,12
C:\Users\zzhu329\Documents\GitHub\EM-3DMotion\BehaviorFitting\BehaviorData_Jim.mat,Jim,Jim_151,151,nonStim,4,Bino,106,124,0.854838709677419,12
