TrialIndex,TrialType,IsStim,Condition,SignedCoherence,ElectricalStimOnRelVisualS,EventNumberInTrial,OnsetRelVisualStimS,OffsetRelVisualStimS,OnsetRelElectricalStimS,DurationMs,LeftAmplitudeDeg,RightAmplitudeDeg,MeanAmplitudeDeg,LeftPeakVelocityDegS,RightPeakVelocityDegS,PeakVelocityDegS,MeanDXDeg,MeanDYDeg,DirectionDeg,InterocularOnsetLagMs,InterocularDirectionDiffDeg
24,NonStim,0,1,1,NaN,1,0.464433333333318,0.479433333333304,NaN,16.0000000000764,0.138639715644996,0.14971233115671,0.144176023400853,13.3609809932456,13.5771722478193,13.5771722478193,-0.0478721201487162,0.135946152664385,109.399221021885,4.0000000000191,2.93674414612218
62,NonStim,0,3,-0.1818,NaN,1,0.0821333333333314,0.101133333333337,NaN,19.9999999995271,0.280378118089481,0.294561495969465,0.287469807029473,21.3248780980524,25.7608400657186,25.7608400657186,0.0438827820289451,-0.283886998716725,278.787139154554,0,4.39382535182676
62,NonStim,0,3,-0.1818,NaN,2,0.468133333333355,0.483133333333342,NaN,15.9999999996217,0.217564503047636,0.194781858394994,0.206173180721315,21.2114276270021,17.9084155583553,21.2114276270021,0.0345743148066749,0.203252673789133,80.3461025771301,0,0.328284942560174
80,NonStim,0,4,-0.3636,NaN,1,0.410733333333383,0.43573333333336,NaN,25.9999999993852,0.269935653213269,0.289953893047396,0.279944773130332,28.8910237909024,23.1284748280879,28.8910237909024,0.0385636583689813,0.27722283879599,82.0805730748139,7.99999999981083,2.22172917821692
109,Stim,1,4,-0.4545,-0.0632999999999697,1,0.856533333333402,0.870533333333356,0.919833333333372,14.9999999996453,0.163280905406463,0.246336332021151,0.204808618713807,17.1025827536671,21.8419708479083,21.8419708479083,0.0997335782571906,-0.17726299795011,299.363435390436,0,13.7652540364126
122,Stim,1,1,-0.0909,-0.0548666666666122,1,0.808300000000031,0.823300000000074,0.863166666666643,15.9999999996217,0.16511950183375,0.176948165363246,0.171033833598498,12.8323427797175,19.1820604613055,19.1820604613055,-0.0851059621718586,-0.147941311022841,240.089542128237,1.99999999995271,7.43771402801588
158,NonStim,0,4,-0.6363,NaN,1,0.691399999999931,0.712400000000002,NaN,21.9999999994798,0.250350156648247,0.281076308295197,0.265713232471722,17.7528201237451,20.5844853121977,20.5844853121977,0.188828167138713,-0.185925908034589,315.443714650287,0.999999999976353,8.41739891447401
163,NonStim,0,3,-0,NaN,1,0.922633333333351,0.936633333333361,NaN,14.9999999996453,0.231814168842121,0.260526059545852,0.246170114193986,23.4092343330383,23.5629047001879,23.5629047001879,0.0279253835495284,-0.24456948581077,276.513924463987,0,1.10981801421821
186,Stim,1,3,-0,-0.0700333333332992,1,0.645900000000097,0.664900000000102,0.715933333333396,19.9999999995271,0.283565980002915,0.345402518346772,0.314484249174844,29.4041776805689,26.6218092904052,29.4041776805689,-0.0179520439939633,-0.313874527489905,266.726535991347,-1.99999999995271,2.85648049406359
191,NonStim,0,2,-1,NaN,1,0.61906666666664,0.636066666666579,NaN,17.9999999995744,0.192436203185602,0.165220728586228,0.178828465885915,18.0828203242831,14.2496997951195,18.0828203242831,0.0970738671194504,-0.148607768407116,303.15345392673,-0.999999999976353,13.9970228479498
206,Stim,1,4,0.4545,-0.0556666666666388,1,0.548099999999977,0.566100000000006,0.603766666666615,18.9999999995507,0.0836323437363904,0.179531941979759,0.131582142858075,8.67479921073637,15.6989974922884,15.6989974922884,0.0551859002853209,-0.117952964222464,295.073183423812,-0.999999999976353,17.7022257893026
211,NonStim,0,2,-0.6363,NaN,1,0.379766666666683,0.394766666666669,NaN,15.9999999996217,0.118133667235809,0.139081173096016,0.128607420165913,11.4480033930093,10.5877171249437,11.4480033930093,-0.0565156999215237,0.115287672420586,116.114768115249,-2.99999999992906,6.60930681057755
214,NonStim,0,1,0.0909,NaN,1,0.900333333333379,0.92033333333336,NaN,20.9999999995034,0.321216268959244,0.279967295126247,0.300591782042746,23.5555994548211,24.6817682530418,24.6817682530418,-0.00465423187180684,-0.300546795370991,269.11279529996,0.999999999976353,0.886441629393971
216,Stim,1,2,-0.6363,-0.0512666666666064,1,0.884599999999978,0.900600000000054,0.935866666666584,16.999999999598,0.186824084631118,0.159404021232342,0.17311405293173,14.4997747885761,13.5907622068664,14.4997747885761,0.0126329184870163,-0.172597668364153,274.186177727588,0.999999999976353,2.88936849787882
250,Stim,1,1,-0.0909,-0.0482666666666773,1,0.255400000000009,0.272399999999948,0.303666666666686,17.9999999995744,0.221634898818538,0.179583326121338,0.200609112469938,19.3863776738786,17.4792422996402,19.3863776738786,0.047872112981488,0.194589507406891,76.1788014059253,-0.999999999976353,5.36560285977106
272,Stim,1,1,0.3636,-0.0544666666667126,1,0.930999999999926,0.961999999999989,0.985466666666639,31.9999999992433,0.230981561654617,0.319535032263289,0.275258296958953,17.0814209267197,18.8484242057097,18.8484242057097,0.124334507173745,-0.245235244972983,296.885052556784,6.99999999983447,5.46488724297825
281,Stim,1,3,0.4545,-0.0570333333332655,1,0.583066666666696,0.598066666666682,0.640099999999961,15.9999999996217,0.112144030002901,0.215636959817715,0.163890494910308,10.9206257595608,18.9021980358581,18.9021980358581,0.0511965771381947,-0.155271768492873,288.248544431087,0,8.39910353209132
313,NonStim,0,1,-0.3636,NaN,1,0.809999999999945,0.823999999999842,NaN,14.9999999996453,0.222063962132706,0.287048682796554,0.25455632246463,20.967971193159,25.4015065122339,25.4015065122339,0.0724730113651028,-0.243902031080161,286.548782199005,-0.999999999976353,3.46853390176864
353,NonStim,0,1,1,NaN,1,0.442833333333283,0.470833333333303,NaN,28.9999999993142,0.374445474655902,0.496033198852822,0.435239336754362,20.8804196755532,22.7493811762422,22.7493811762422,0.118350358475791,-0.415164952027766,285.911170087647,-2.99999999992906,14.760016473309
381,NonStim,0,2,-0,NaN,1,0.868233333333364,0.882233333333261,NaN,14.9999999996453,0.214287663786261,0.313578128523847,0.263932896155054,21.8753474624919,31.2088525233873,31.2088525233873,-0.0671539467158535,-0.255231426179614,255.259002332901,-1.99999999995271,1.23780797724015
383,NonStim,0,3,0.4545,NaN,1,0.783666666666704,0.80266666666671,NaN,19.9999999995271,0.251837750855332,0.302593009108591,0.277215379981961,16.6600670026962,19.1047876758204,19.1047876758204,-0.0152924858699603,-0.276556695331733,266.834994358773,-0.999999999976353,4.75071232007127
389,Stim,1,3,0.1818,-0.0490666666669313,1,0.485299999999825,0.516299999999774,0.534366666666756,31.9999999992433,0.400476636804242,0.430839220187729,0.415657928495986,29.1003861613224,32.2215979747325,32.2215979747325,0.019946719082803,-0.415165172667613,272.750675478108,1.99999999995271,0.936402220119703
389,Stim,1,3,0.1818,-0.0490666666669313,2,0.749299999999721,0.770299999999679,0.798366666666652,21.9999999994798,0.249830849858587,0.22829541467222,0.239063132265404,25.5404481200335,26.5282814238119,26.5282814238119,0.00199467475759929,0.238569917204295,89.520963147953,4.99999999988177,7.30704700390726
390,NonStim,0,4,-0,NaN,1,0.847966666666707,0.861966666666603,NaN,14.9999999996453,0.348114647473008,0.367855171211727,0.357984909342367,37.1128646528586,37.8413692740401,37.8413692740401,0.00598401547483312,-0.357856668690368,270.958000534717,-0.999999999976353,2.39632624098238
400,Stim,1,4,0.1818,-0.0546333333334132,1,0.628433333333305,0.645433333333358,0.683066666666718,17.9999999995744,0.221675243875439,0.30358375039992,0.26262949713768,21.5641024108852,26.2412111692749,26.2412111692749,0.117020388437903,-0.23390605127737,296.578250183913,-4.99999999988177,10.5465550754889
410,NonStim,0,3,-1,NaN,1,0.455299999999852,0.483299999999872,NaN,28.9999999993142,0.17798782415666,0.176561182674161,0.177274503415411,14.7959360043218,13.0635055027002,14.7959360043218,-0.0445476576000798,-0.00333251515876068,184.278206227841,-12.9999999996926,150.812471836272
418,NonStim,0,2,0.0909,NaN,1,0.502999999999929,0.521999999999935,NaN,19.9999999995271,0.144050155921926,0.182141864350671,0.163096010136299,13.9834773639762,18.2091139541754,18.2091139541754,0.101063306985283,0.12661611347571,51.4035955278185,4.99999999988177,13.3571338787307
424,NonStim,0,1,0.3636,NaN,1,0.931866666666565,0.954866666666703,NaN,23.9999999994325,0.394357659633843,0.4421177648075,0.418237712220671,27.419587839727,35.7400625006497,35.7400625006497,0.02992006461709,-0.417159314444584,274.102420412171,0,0.654057816407999
429,NonStim,0,3,-0.0909,NaN,1,0.0820666666663783,0.101066666666384,NaN,19.9999999995271,0.574983932179081,0.524916328924724,0.549950130551902,47.5288047209555,40.5878760536752,47.5288047209555,0.269944188279035,-0.479140006688458,299.396611664414,-1.99999999995271,0.0767232651663221
429,NonStim,0,3,-0.0909,NaN,2,0.273066666666409,0.286066666666557,NaN,13.9999999996689,0.328037319155587,0.334005254618735,0.331021286887161,32.757663425408,34.6966572832563,34.6966572832563,-0.195476824733379,0.266559974492854,126.253769261624,0,6.09506141931553
446,NonStim,0,4,0.3636,NaN,1,0.270300000000134,0.285300000000007,NaN,15.9999999996217,0.326719549076699,0.23056288450967,0.278641216793185,24.9904273089302,19.4605142875417,24.9904273089302,0.118350446645434,-0.250567053978583,295.282791856301,0.999999999976353,12.1973172158962
459,NonStim,0,4,-0.1818,NaN,1,0.0995333333332837,0.120533333333469,NaN,21.9999999994798,0.673596367948792,0.659937337353865,0.666766852651328,48.8588280769809,52.8455163164733,52.8455163164733,0.13763224138821,-0.652398961810981,281.91263097753,0.999999999976353,0.569943080535381
459,NonStim,0,4,-0.1818,NaN,2,0.2815333333333,0.299533333333329,NaN,18.9999999995507,0.401547436171228,0.410491935586083,0.406019685878656,33.2365467547842,38.3562396755141,38.3562396755141,-0.105052682087743,0.391838072503229,105.008183593567,0,4.71449577907646
519,NonStim,0,4,1,NaN,1,0.810166666666646,0.826166666666722,NaN,16.999999999598,0.295570502224463,0.347715913972652,0.321643208098558,24.5039396464865,31.5459948339606,31.5459948339606,0.053191235187263,-0.317205601950263,279.519189934836,-0.999999999976353,0.849789316090209
554,NonStim,0,1,-0.6363,NaN,1,0.902699999999868,0.920699999999897,NaN,18.9999999995507,0.40541291471266,0.349068666112688,0.377240790412674,35.0327045905048,27.9649648413981,35.0327045905048,0.0551859120512686,0.373181559874409,81.5880919571562,1.99999999995271,0.246046022949059
560,NonStim,0,1,1,NaN,1,0.332033333333356,0.356033333333471,NaN,24.9999999994088,0.36102655332869,0.371655629439336,0.366341091384013,33.2978137016335,33.2776677927741,33.2978137016335,0.172205112468838,-0.317205876659109,298.496704007134,8.99999999978718,19.7125542192792
560,NonStim,0,1,1,NaN,2,0.487033333333329,0.501033333333453,NaN,14.9999999996453,0.267381181026811,0.260856835740831,0.264119008383821,23.8844509492252,20.9152078831978,23.8844509492252,-0.198136555908063,0.173262791607274,138.831553921774,0,9.52468952635084
565,Stim,1,4,-0.3636,-0.0543666666667377,1,0.578199999999924,0.593200000000024,0.632566666666662,15.9999999996217,0.194572284360293,0.228861255919281,0.211716770139787,15.8641680171992,21.9651660927264,21.9651660927264,0.16489203314046,0.127949076897948,37.8099141480753,0.999999999976353,19.3960696957493
666,Stim,1,1,-0.4545,-0.0532666666667865,1,0.833700000000135,0.847700000000259,0.886966666666922,15.0000000030559,0.182327087657616,0.256631133830737,0.219479110744177,18.4773849773218,21.8816899667145,21.8816899667145,0.0545210333821965,-0.212582278468262,284.384620699938,-2.00000000040745,1.43250914652367
718,NonStim,0,1,0.4545,NaN,1,0.627433333333556,0.642433333333429,NaN,16.0000000032596,0.251978254449042,0.249673344882648,0.250825799665845,18.0828126730422,20.5986684599131,20.5986684599131,-0.117685589580721,0.221245466945164,118.009546219838,0,4.88214716550902
737,Stim,1,4,0.6363,-0.0541000000002896,1,0.560133333332942,0.574133333333066,0.614233333333232,15.0000000030559,0.29542641338989,0.332892532958114,0.314159473174002,25.3073475319429,31.044190610897,31.044190610897,0.287231726236922,-0.122618099105567,336.882553804095,1.00000000020373,12.4640104660376
782,NonStim,0,4,0.0909,NaN,1,0.938000000000102,0.965000000000146,NaN,28.0000000057044,0.798374184709999,0.767740360139535,0.783057272424767,56.4206460714202,53.3227027077045,56.4206460714202,-0.0073137976678416,-0.782813905426958,269.464703496908,-3.00000000061118,2.64939084699182
806,NonStim,0,4,-0.3636,NaN,1,0.678866666667091,0.694866666666712,NaN,17.0000000034634,0.213287343413063,0.30215109336237,0.257719218387716,20.0581580626494,25.0313094241941,25.0313094241941,0.0977389103906009,0.237903266771813,67.6654418748415,-3.00000000061118,7.39945595484508
811,NonStim,0,3,0.1818,NaN,1,0.783766666666452,0.797766666666575,NaN,15.0000000030559,0.206368434797927,0.217484806587178,0.211926620692552,20.2704966834519,21.7056724167912,21.7056724167912,-0.0977388806582659,-0.18792522882536,242.521305877255,-1.00000000020373,3.59307883214439
820,Stim,1,3,-1,-0.0582333333331917,1,0.541766666666717,0.557766666666794,0.599999999999909,17.0000000034634,0.194452893397592,0.107030019716916,0.150741456557254,15.8971481010624,9.97537219036164,15.8971481010624,-0.0239360566451811,-0.14860752936324,260.85001628213,-2.00000000040745,6.44931277532396
822,NonStim,0,1,0.1818,NaN,1,0.0833999999999833,0.102399999999761,NaN,20.0000000040745,0.546360854236437,0.522202429072682,0.534281641654559,44.1261152819228,46.2886620635926,46.2886620635926,0.330449017867593,-0.419829414267702,308.206391922231,1.00000000020373,0.406035561620513
822,NonStim,0,1,0.1818,NaN,2,0.227399999999761,0.248399999999947,NaN,22.000000004482,0.539894607086428,0.603321562416546,0.571608084751487,41.5009894787446,45.4645657381339,45.4645657381339,-0.306512053743171,0.482471627417155,122.427611421495,0,0.542193917519796
825,NonStim,0,3,-1,NaN,1,0.709066666666331,0.724066666666204,NaN,16.0000000032596,0.268176340997491,0.211087286385293,0.239631813691392,25.3668848788296,21.6906413964687,25.3668848788296,-0.123669520402079,0.203252408089749,121.318543909248,2.00000000040745,13.8058563028805
868,NonStim,0,4,-1,NaN,1,0.60663333333332,0.618633333333491,NaN,13.0000000026484,0.133774156576275,0.156677008194301,0.145225582385288,13.0780494178659,14.6140169311965,14.6140169311965,0.109041978589476,0.0839666778868105,37.5977074884627,1.00000000020373,37.3589994925816
924,Stim,1,2,-0.4545,-0.0538666666666359,1,0.561766666666699,0.575766666666368,0.615633333333335,15.0000000030559,0.198702018732216,0.217887264581846,0.208294641657031,16.4618172708464,22.0191890862709,22.0191890862709,-0.0265956261878836,-0.206584688459106,262.664115802422,1.00000000020373,0.797495873011883
946,NonStim,0,4,1,NaN,1,0.908866666666654,0.921866666666574,NaN,14.0000000028522,0.190533911253075,0.214579760286217,0.202556835769646,19.4463605021446,22.2411131655723,22.2411131655723,0.039893426789005,-0.198586658399989,281.358776602039,0,0.601190933477653
966,Stim,1,2,-0.4545,-0.0578000000004977,1,0.947133333333113,0.966133333332891,1.00493333333361,20.0000000040745,0.278373371603914,0.381064604365789,0.329718987984851,26.8299721255427,31.1354793266531,31.1354793266531,0.127658723909281,-0.303875121845516,292.787401834363,-2.00000000040745,3.10315161818414
1028,NonStim,0,1,0.1818,NaN,1,0.333100000000286,0.34710000000041,NaN,15.0000000030559,0.314742076162881,0.233648165042884,0.274195120602882,32.3798575222011,21.2509278706406,32.3798575222011,0.109706837276452,-0.251232625034311,293.589658315254,0,2.2969104496068
1028,NonStim,0,1,0.1818,NaN,2,0.530100000000402,0.545100000000275,NaN,16.0000000032596,0.260224190282411,0.251976973319199,0.256100581800805,20.7747786410112,24.4818249583986,24.4818249583986,-0.128988684389127,0.221243483956208,120.242906918528,1.00000000020373,0.387061992528004
1029,NonStim,0,4,0.0909,NaN,1,0.729699999999866,0.744700000000194,NaN,16.0000000032596,0.263954515338934,0.287567739738472,0.275761127538703,22.617083798757,22.3373796859436,22.617083798757,0.0777921730540443,-0.264561103020152,286.385570454596,0,0.00268609326485603
1030,NonStim,0,4,-0.0909,NaN,1,0.312166666666599,0.325166666666519,NaN,14.0000000028522,0.231149048748298,0.213315040913394,0.222232044830846,24.6817885197495,24.4347685285076,24.6817885197495,-0.0219413894653175,-0.220579092429856,264.319374964324,2.00000000040745,8.17497602530466
1045,Stim,1,4,-1,-0.0531000000000859,1,0.583499999999731,0.599499999999807,0.636599999999817,17.0000000034634,0.183946274299437,0.168122887425561,0.176034580862499,13.105923669176,13.8352173240677,13.8352173240677,0.00265956014279727,-0.175930251780623,270.86608166473,1.00000000020373,3.54856548937875
1071,NonStim,0,3,-0.6363,NaN,1,0.501100000000406,0.518100000000231,NaN,18.0000000036671,0.326270204818922,0.265464922864296,0.295867563841609,25.3038116696098,22.9080139135222,25.3038116696098,0.191487889308855,-0.224577473499821,310.45285038329,1.00000000020373,8.12737246381744
1071,NonStim,0,3,-0.6363,NaN,2,0.708100000000286,0.721100000000206,NaN,14.0000000028522,0.1586090114378,0.159853057462229,0.159231034450014,16.4379046059755,15.3162787252194,16.4379046059755,-0.0106381722602726,0.158603569501601,93.8373081376338,0,6.68771747403599
1076,NonStim,0,1,-0.3636,NaN,1,0.711933333333036,0.729933333333065,NaN,19.0000000038708,0.343599607366917,0.364765193861149,0.354182400614033,30.8516473263899,32.13090493863,32.13090493863,0.155583874500335,0.317869302757989,63.920163861072,3.00000000061118,4.5550984087196
1076,NonStim,0,1,-0.3636,NaN,2,0.942933333332803,0.961933333333036,NaN,20.0000000040745,0.352354002113661,0.368970311128402,0.360662156621031,25.3380449786915,29.5208344935675,29.5208344935675,-0.13297788309746,-0.335195672063027,248.360921687707,0,1.95753683539243
1079,NonStim,0,4,0.3636,NaN,1,0.0752333333330171,0.0932333333330462,NaN,19.0000000038708,0.314523470820434,0.300352794815287,0.307438132817861,25.0757803357859,26.8301096494595,26.8301096494595,0.216753890785946,-0.217913372225436,314.847163011829,1.00000000020373,2.62910279731761
1079,NonStim,0,4,0.3636,NaN,2,0.329233333332922,0.343233333333046,NaN,15.0000000030559,0.282068410418668,0.275704918150629,0.278886664284648,26.3771834580452,29.5133092878224,29.5133092878224,-0.175530708103925,0.216580735215245,129.023492948874,1.00000000020373,3.17078032907705
1119,Stim,1,2,-1,-0.0484999999998763,1,0.48050000000012,0.492499999999836,0.528999999999996,13.0000000026484,0.201978342010926,0.219021996715661,0.210500169363294,20.1613059812888,19.8261225202512,20.1613059812888,0.192153039059906,-0.0793019341582764,337.573964840804,1.00000000020373,18.1349779277884
1122,Stim,1,2,-0.6363,-0.0692333333336137,1,0.256433333333007,0.269433333333382,0.325666666666621,14.0000000028522,0.152676819676496,0.182845814339504,0.167761317008,12.4120558383659,17.0000776993983,17.0000776993983,-0.0618348257351088,0.155938218944193,111.630015664273,1.00000000020373,1.2987298205814
1130,Stim,1,4,-0.0909,-0.0550666666667894,1,0.665066666666917,0.691066666666757,0.720133333333706,27.0000000055006,0.234464414323693,0.18565400324537,0.210059208784531,22.4631199585192,16.1180714207221,22.4631199585192,0.000664892917971976,-0.0246563391917868,271.544687050171,-5.00000000101863,178.03771944939
1210,Stim,1,3,1,-0.0513666666665813,1,0.761966666666467,0.781966666666449,0.813333333333048,21.0000000042783,0.554126136101983,0.345616778564858,0.449871457333421,41.9867635279194,29.4038706687253,41.9867635279194,0.148935286452393,-0.424493317208986,289.333638333525,0,0.74211578442555
1217,Stim,1,1,0.4545,-0.0550333333335402,1,0.690066666666553,0.712066666666487,0.745100000000093,23.0000000046857,0.207074176643763,0.101557378471768,0.154315777557765,20.9113617576327,15.1005828894187,20.9113617576327,0.0704781826312851,-0.00799615205039285,353.52714540839,10.0000000020373,141.835622180633
1226,Stim,1,4,0.0909,-0.0620000000003529,1,0.330566666666527,0.3455666666664,0.39256666666688,16.0000000032596,0.283891601052404,0.225151483551525,0.254521542301965,25.1129673822791,24.16606843106,25.1129673822791,0.0624997030662163,-0.246568734826023,284.223631922973,2.00000000040745,4.02588289188242
1232,NonStim,0,4,-0.0909,NaN,1,0.520199999999932,0.543199999999615,NaN,24.0000000048894,0.471366245252047,0.358700191722606,0.415033218487326,29.707005342748,26.5372715071203,29.707005342748,0.253986457920359,-0.325867735114013,307.933413727041,1.00000000020373,11.0015649906395
1232,NonStim,0,4,-0.0909,NaN,2,0.769199999999728,0.784199999999601,NaN,16.0000000032596,0.359880618810759,0.328276315609906,0.344078467210332,31.4215497574346,31.5616142112231,31.5616142112231,-0.26595506210659,0.217244803272481,140.756408102227,1.00000000020373,7.17524123353496
1243,Stim,1,2,0.1818,-0.0615333333335002,1,0.573233333333064,0.587233333333188,0.634766666666565,15.0000000030559,0.149977972829648,0.178291363556612,0.16413466819313,14.6392294989045,16.2682341717854,16.2682341717854,0.0844410823223309,-0.140610819077987,300.986099920779,1.00000000020373,4.34865174549213
