SessionID,SessionIndex,Block,ComparatorCondition,LeftEyeRate,ComparatorRate,Difference
Clay_001,1,nonStim,Combined,0.887931034482759,0.929824561403509,-0.0418935269207501
Clay_002,2,nonStim,Combined,0.735537190082645,0.95,-0.214462809917355
Clay_003,3,nonStim,Combined,0.759259259259259,0.944444444444444,-0.185185185185185
Clay_004,4,nonStim,Combined,0.833333333333333,0.933333333333333,-0.1
Clay_005,5,nonStim,Combined,0.863636363636364,0.946428571428571,-0.0827922077922078
Clay_006,6,nonStim,Combined,0.783783783783784,0.862385321100917,-0.0786015373171337
Clay_007,7,nonStim,Combined,0.678321678321678,0.888888888888889,-0.210567210567211
Clay_008,8,nonStim,Combined,0.779069767441861,0.930232558139535,-0.151162790697674
Clay_009,9,nonStim,Combined,0.875,0.936170212765957,-0.0611702127659575
Clay_010,10,nonStim,Combined,0.809090909090909,0.9375,-0.128409090909091
Clay_011,11,nonStim,Combined,0.816091954022989,0.883116883116883,-0.0670249290938946
Clay_012,12,nonStim,Combined,0.845360824742268,0.90625,-0.060889175257732
Clay_013,13,nonStim,Combined,0.857142857142857,0.947368421052632,-0.0902255639097744
Clay_014,14,nonStim,Combined,0.833333333333333,0.875,-0.0416666666666666
Clay_015,15,nonStim,Combined,0.80188679245283,0.914285714285714,-0.112398921832884
Clay_016,16,nonStim,Combined,0.819444444444444,0.915492957746479,-0.0960485133020345
Clay_017,17,nonStim,Combined,0.848684210526316,0.899328859060403,-0.0506446485340869
Clay_018,18,nonStim,Combined,0.802919708029197,0.963503649635037,-0.160583941605839
Clay_019,19,nonStim,Combined,0.820689655172414,0.875,-0.0543103448275862
Clay_020,20,nonStim,Combined,0.788732394366197,0.895833333333333,-0.107100938967136
Clay_021,21,nonStim,Combined,0.796296296296296,0.971428571428571,-0.175132275132275
Clay_022,22,nonStim,Combined,0.8,0.925619834710744,-0.125619834710744
Clay_023,23,nonStim,Combined,0.833333333333333,0.961538461538462,-0.128205128205128
Clay_024,24,nonStim,Combined,0.831932773109244,0.898305084745763,-0.066372311636519
Clay_025,25,nonStim,Combined,0.807017543859649,0.928571428571429,-0.12155388471178
Clay_026,26,nonStim,Combined,0.768518518518518,0.890909090909091,-0.122390572390572
Clay_027,27,nonStim,Combined,0.752380952380952,0.914285714285714,-0.161904761904762
Clay_028,28,nonStim,Combined,0.765151515151515,0.924242424242424,-0.159090909090909
Clay_029,29,nonStim,Combined,0.817460317460317,0.834645669291339,-0.0171853518310211
Clay_030,30,nonStim,Combined,0.838709677419355,1,-0.161290322580645
Clay_031,31,nonStim,Combined,0.735632183908046,0.855555555555556,-0.11992337164751
Clay_032,32,nonStim,Combined,0.766666666666667,0.900826446280992,-0.134159779614325
Clay_033,33,nonStim,Combined,0.775,0.942148760330578,-0.167148760330578
Clay_034,34,nonStim,Combined,0.823529411764706,0.95,-0.126470588235294
Clay_035,35,nonStim,Combined,0.758333333333333,0.9,-0.141666666666667
Clay_036,36,nonStim,Combined,0.716666666666667,0.933884297520661,-0.217217630853994
Clay_037,37,nonStim,Combined,0.855263157894737,0.933333333333333,-0.0780701754385965
Clay_038,38,nonStim,Combined,0.793388429752066,0.942148760330578,-0.148760330578512
Clay_039,39,nonStim,Combined,0.854014598540146,0.963768115942029,-0.109753517401883
Clay_040,40,nonStim,Combined,0.790697674418605,0.950819672131147,-0.160121997712543
Clay_041,41,nonStim,Combined,0.852459016393443,0.875,-0.0225409836065574
Clay_042,42,nonStim,Combined,0.783333333333333,0.925,-0.141666666666667
Clay_043,43,nonStim,Combined,0.741071428571429,0.873873873873874,-0.132802445302445
Clay_044,44,nonStim,Combined,0.69,0.925233644859813,-0.235233644859813
Clay_045,45,nonStim,Combined,0.698924731182796,0.913978494623656,-0.21505376344086
Clay_046,46,nonStim,Combined,0.814814814814815,0.785046728971963,0.0297680858428522
Clay_047,47,nonStim,Combined,0.768595041322314,0.934426229508197,-0.165831188185883
Clay_048,48,nonStim,Combined,0.8125,0.90625,-0.09375
Clay_049,49,nonStim,Combined,0.683333333333333,0.921875,-0.238541666666667
Clay_050,50,nonStim,Combined,0.75609756097561,0.919354838709677,-0.163257277734068
Clay_051,51,nonStim,Combined,0.845070422535211,0.930555555555556,-0.0854851330203443
Clay_052,52,nonStim,Combined,0.73134328358209,0.864661654135338,-0.133318370553249
Clay_053,53,nonStim,Combined,0.675925925925926,0.827272727272727,-0.151346801346801
Clay_054,54,nonStim,Combined,0.784810126582278,0.909090909090909,-0.124280782508631
Clay_055,55,nonStim,Combined,0.75,0.963302752293578,-0.213302752293578
Clay_056,56,nonStim,Combined,0.754545454545455,0.908256880733945,-0.15371142618849
Clay_057,57,nonStim,Combined,0.570093457943925,0.773584905660377,-0.203491447716452
Clay_058,58,nonStim,Combined,0.658333333333333,0.866666666666667,-0.208333333333333
Clay_059,59,nonStim,Combined,0.808,0.868852459016393,-0.0608524590163934
Clay_060,60,nonStim,Combined,0.75,0.9,-0.15
Clay_061,61,nonStim,Combined,0.781512605042017,0.883333333333333,-0.101820728291316
Clay_062,62,nonStim,Combined,0.816326530612245,0.88,-0.0636734693877551
Clay_063,63,nonStim,Combined,0.833333333333333,0.875,-0.0416666666666666
Clay_064,64,nonStim,Combined,0.776785714285714,0.973214285714286,-0.196428571428571
Clay_065,65,nonStim,Combined,0.816666666666667,0.9,-0.0833333333333334
Clay_066,66,nonStim,Combined,0.710280373831776,0.841121495327103,-0.130841121495327
Clay_067,67,nonStim,Combined,0.8125,0.9125,-0.1
Clay_068,68,nonStim,Combined,0.769230769230769,0.962616822429907,-0.193386053199137
Clay_069,69,nonStim,Combined,0.852272727272727,0.872093023255814,-0.0198202959830867
Clay_070,70,nonStim,Combined,0.68,0.91,-0.23
Clay_071,71,nonStim,Combined,0.7375,0.893333333333333,-0.155833333333333
Clay_072,72,nonStim,Combined,0.771084337349398,0.897435897435897,-0.1263515600865
Clay_073,73,nonStim,Combined,0.761061946902655,0.936363636363636,-0.175301689460982
Clay_074,74,nonStim,Combined,0.694444444444444,0.871559633027523,-0.177115188583079
Clay_075,75,nonStim,Combined,0.690265486725664,0.929824561403509,-0.239559074677845
Clay_076,76,nonStim,Combined,0.572916666666667,0.896907216494845,-0.323990549828179
Clay_077,77,nonStim,Combined,0.661157024793388,0.867768595041322,-0.206611570247934
Clay_078,78,nonStim,Combined,0.761904761904762,0.846153846153846,-0.0842490842490843
Clay_079,79,nonStim,Combined,0.741071428571429,0.823008849557522,-0.0819374209860935
Clay_080,80,nonStim,Combined,0.788617886178862,0.878048780487805,-0.0894308943089431
Clay_081,81,nonStim,Combined,0.782051282051282,0.938271604938272,-0.15622032288699
Clay_082,82,nonStim,Combined,0.835616438356164,0.945205479452055,-0.10958904109589
Clay_083,83,nonStim,Combined,0.752475247524752,0.872549019607843,-0.120073772083091
Clay_084,84,nonStim,Combined,0.752808988764045,0.906976744186046,-0.154167755422002
Clay_085,85,nonStim,Combined,0.763440860215054,0.958333333333333,-0.19489247311828
Clay_086,86,nonStim,Combined,0.775862068965517,0.890756302521008,-0.114894233555491
Clay_087,87,nonStim,Combined,0.80188679245283,0.898148148148148,-0.0962613556953179
Clay_088,88,nonStim,Combined,0.730769230769231,0.929292929292929,-0.198523698523699
Clay_089,89,nonStim,Combined,0.813186813186813,0.849462365591398,-0.0362755524045847
Clay_090,90,nonStim,Combined,0.767123287671233,0.930555555555556,-0.163432267884323
Clay_091,91,nonStim,Combined,0.888888888888889,0.89873417721519,-0.00984528832630105
Clay_092,92,nonStim,Combined,0.743801652892562,0.851239669421488,-0.107438016528926
Clay_093,93,nonStim,Combined,0.860215053763441,0.967741935483871,-0.10752688172043
Clay_094,94,nonStim,Combined,0.701492537313433,0.897058823529412,-0.195566286215979
Clay_095,95,nonStim,Combined,0.75,0.9375,-0.1875
Clay_096,96,nonStim,Combined,0.645161290322581,0.873684210526316,-0.228522920203735
Clay_097,97,nonStim,Combined,0.652892561983471,0.883333333333333,-0.230440771349862
Clay_098,98,nonStim,Combined,0.744525547445255,0.934306569343066,-0.18978102189781
Clay_099,99,nonStim,Combined,0.735294117647059,0.876923076923077,-0.141628959276018
Clay_100,100,nonStim,Combined,0.575,0.933884297520661,-0.358884297520661
Clay_101,101,nonStim,Combined,0.708860759493671,0.951219512195122,-0.242358752701451
Clay_102,102,nonStim,Combined,0.785714285714286,0.919191919191919,-0.133477633477634
Clay_103,103,nonStim,Combined,0.821428571428571,0.909090909090909,-0.0876623376623377
Clay_001,1,nonStim,MonoR,0.887931034482759,0.829059829059829,0.0588712054229296
Clay_002,2,nonStim,MonoR,0.735537190082645,0.8,-0.0644628099173554
Clay_003,3,nonStim,MonoR,0.759259259259259,0.740740740740741,0.0185185185185186
Clay_004,4,nonStim,MonoR,0.833333333333333,0.8,0.0333333333333333
Clay_005,5,nonStim,MonoR,0.863636363636364,0.828828828828829,0.0348075348075348
Clay_006,6,nonStim,MonoR,0.783783783783784,0.814814814814815,-0.031031031031031
Clay_007,7,nonStim,MonoR,0.678321678321678,0.652777777777778,0.0255439005439005
Clay_008,8,nonStim,MonoR,0.779069767441861,0.761904761904762,0.0171650055370987
Clay_009,9,nonStim,MonoR,0.875,0.9375,-0.0625
Clay_010,10,nonStim,MonoR,0.809090909090909,0.810810810810811,-0.00171990171990177
Clay_011,11,nonStim,MonoR,0.816091954022989,0.811764705882353,0.00432724814063556
Clay_012,12,nonStim,MonoR,0.845360824742268,0.78125,0.064110824742268
Clay_013,13,nonStim,MonoR,0.857142857142857,0.882352941176471,-0.0252100840336135
Clay_014,14,nonStim,MonoR,0.833333333333333,0.916666666666667,-0.0833333333333333
Clay_015,15,nonStim,MonoR,0.80188679245283,0.759615384615385,0.0422714078374457
Clay_016,16,nonStim,MonoR,0.819444444444444,0.871428571428571,-0.051984126984127
Clay_017,17,nonStim,MonoR,0.848684210526316,0.854304635761589,-0.00562042523527362
Clay_018,18,nonStim,MonoR,0.802919708029197,0.798561151079137,0.00435855695006038
Clay_019,19,nonStim,MonoR,0.820689655172414,0.8125,0.00818965517241377
Clay_020,20,nonStim,MonoR,0.788732394366197,0.872340425531915,-0.0836080311657178
Clay_021,21,nonStim,MonoR,0.796296296296296,0.876190476190476,-0.0798941798941799
Clay_022,22,nonStim,MonoR,0.8,0.83739837398374,-0.0373983739837398
Clay_023,23,nonStim,MonoR,0.833333333333333,0.811881188118812,0.0214521452145214
Clay_024,24,nonStim,MonoR,0.831932773109244,0.830508474576271,0.00142429853297255
Clay_025,25,nonStim,MonoR,0.807017543859649,0.821428571428571,-0.0144110275689223
Clay_026,26,nonStim,MonoR,0.768518518518518,0.783783783783784,-0.0152652652652653
Clay_027,27,nonStim,MonoR,0.752380952380952,0.871287128712871,-0.118906176331919
Clay_028,28,nonStim,MonoR,0.765151515151515,0.789473684210526,-0.0243221690590112
Clay_029,29,nonStim,MonoR,0.817460317460317,0.866141732283465,-0.0486814148231471
Clay_030,30,nonStim,MonoR,0.838709677419355,0.852941176470588,-0.0142314990512333
Clay_031,31,nonStim,MonoR,0.735632183908046,0.752808988764045,-0.0171768048559989
Clay_032,32,nonStim,MonoR,0.766666666666667,0.825,-0.0583333333333332
Clay_033,33,nonStim,MonoR,0.775,0.809917355371901,-0.0349173553719008
Clay_034,34,nonStim,MonoR,0.823529411764706,0.899159663865546,-0.0756302521008404
Clay_035,35,nonStim,MonoR,0.758333333333333,0.743801652892562,0.0145316804407714
Clay_036,36,nonStim,MonoR,0.716666666666667,0.83739837398374,-0.120731707317073
Clay_037,37,nonStim,MonoR,0.855263157894737,0.857142857142857,-0.00187969924812026
Clay_038,38,nonStim,MonoR,0.793388429752066,0.844262295081967,-0.0508738653299011
Clay_039,39,nonStim,MonoR,0.854014598540146,0.883211678832117,-0.0291970802919709
Clay_040,40,nonStim,MonoR,0.790697674418605,0.829457364341085,-0.0387596899224807
Clay_041,41,nonStim,MonoR,0.852459016393443,0.875,-0.0225409836065574
Clay_042,42,nonStim,MonoR,0.783333333333333,0.791666666666667,-0.0083333333333333
Clay_043,43,nonStim,MonoR,0.741071428571429,0.81651376146789,-0.0754423328964613
Clay_044,44,nonStim,MonoR,0.69,0.851851851851852,-0.161851851851852
Clay_045,45,nonStim,MonoR,0.698924731182796,0.808510638297872,-0.109585907115077
Clay_046,46,nonStim,MonoR,0.814814814814815,0.785046728971963,0.0297680858428522
Clay_047,47,nonStim,MonoR,0.768595041322314,0.816666666666667,-0.0480716253443526
Clay_048,48,nonStim,MonoR,0.8125,0.859649122807018,-0.0471491228070176
Clay_049,49,nonStim,MonoR,0.683333333333333,0.777777777777778,-0.0944444444444444
Clay_050,50,nonStim,MonoR,0.75609756097561,0.796875,-0.0407774390243902
Clay_051,51,nonStim,MonoR,0.845070422535211,0.802816901408451,0.0422535211267605
Clay_052,52,nonStim,MonoR,0.73134328358209,0.691729323308271,0.0396139602738189
Clay_053,53,nonStim,MonoR,0.675925925925926,0.787037037037037,-0.111111111111111
Clay_054,54,nonStim,MonoR,0.784810126582278,0.8,-0.0151898734177216
Clay_055,55,nonStim,MonoR,0.75,0.808695652173913,-0.058695652173913
Clay_056,56,nonStim,MonoR,0.754545454545455,0.805555555555556,-0.0510101010101011
Clay_057,57,nonStim,MonoR,0.570093457943925,0.60952380952381,-0.0394303515798844
Clay_058,58,nonStim,MonoR,0.658333333333333,0.75,-0.0916666666666667
Clay_059,59,nonStim,MonoR,0.808,0.838709677419355,-0.0307096774193548
Clay_060,60,nonStim,MonoR,0.75,0.786324786324786,-0.0363247863247863
Clay_061,61,nonStim,MonoR,0.781512605042017,0.760330578512397,0.0211820265296201
Clay_062,62,nonStim,MonoR,0.816326530612245,0.873684210526316,-0.0573576799140709
Clay_063,63,nonStim,MonoR,0.833333333333333,0.802083333333333,0.03125
Clay_064,64,nonStim,MonoR,0.776785714285714,0.905172413793103,-0.128386699507389
Clay_065,65,nonStim,MonoR,0.816666666666667,0.9,-0.0833333333333334
Clay_066,66,nonStim,MonoR,0.710280373831776,0.720720720720721,-0.010440346888945
Clay_067,67,nonStim,MonoR,0.8125,0.835443037974684,-0.0229430379746836
Clay_068,68,nonStim,MonoR,0.769230769230769,0.79047619047619,-0.0212454212454212
Clay_069,69,nonStim,MonoR,0.852272727272727,0.802325581395349,0.0499471458773785
Clay_070,70,nonStim,MonoR,0.68,0.75,-0.07
Clay_071,71,nonStim,MonoR,0.7375,0.8125,-0.075
Clay_072,72,nonStim,MonoR,0.771084337349398,0.876543209876543,-0.105458872527146
Clay_073,73,nonStim,MonoR,0.761061946902655,0.842105263157895,-0.0810433162552399
Clay_074,74,nonStim,MonoR,0.694444444444444,0.80188679245283,-0.107442348008386
Clay_075,75,nonStim,MonoR,0.690265486725664,0.769230769230769,-0.0789652825051056
Clay_076,76,nonStim,MonoR,0.572916666666667,0.642857142857143,-0.0699404761904763
Clay_077,77,nonStim,MonoR,0.661157024793388,0.69672131147541,-0.0355642866820214
Clay_078,78,nonStim,MonoR,0.761904761904762,0.828571428571429,-0.0666666666666668
Clay_079,79,nonStim,MonoR,0.741071428571429,0.824074074074074,-0.0830026455026455
Clay_080,80,nonStim,MonoR,0.788617886178862,0.804878048780488,-0.0162601626016261
Clay_081,81,nonStim,MonoR,0.782051282051282,0.846153846153846,-0.0641025641025641
Clay_082,82,nonStim,MonoR,0.835616438356164,0.851351351351351,-0.0157349129951869
Clay_083,83,nonStim,MonoR,0.752475247524752,0.76,-0.00752475247524753
Clay_084,84,nonStim,MonoR,0.752808988764045,0.872093023255814,-0.119284034491769
Clay_085,85,nonStim,MonoR,0.763440860215054,0.857142857142857,-0.0937019969278033
Clay_086,86,nonStim,MonoR,0.775862068965517,0.857142857142857,-0.0812807881773399
Clay_087,87,nonStim,MonoR,0.80188679245283,0.785046728971963,0.0168400634808676
Clay_088,88,nonStim,MonoR,0.730769230769231,0.843137254901961,-0.11236802413273
Clay_089,89,nonStim,MonoR,0.813186813186813,0.857142857142857,-0.0439560439560439
Clay_090,90,nonStim,MonoR,0.767123287671233,0.905405405405405,-0.138282117734173
Clay_091,91,nonStim,MonoR,0.888888888888889,0.878048780487805,0.010840108401084
Clay_092,92,nonStim,MonoR,0.743801652892562,0.752066115702479,-0.00826446280991744
Clay_093,93,nonStim,MonoR,0.860215053763441,0.875,-0.0147849462365591
Clay_094,94,nonStim,MonoR,0.701492537313433,0.887323943661972,-0.185831406348539
Clay_095,95,nonStim,MonoR,0.75,0.888888888888889,-0.138888888888889
Clay_096,96,nonStim,MonoR,0.645161290322581,0.808510638297872,-0.163349347975292
Clay_097,97,nonStim,MonoR,0.652892561983471,0.75,-0.0971074380165289
Clay_098,98,nonStim,MonoR,0.744525547445255,0.842857142857143,-0.0983315954118874
Clay_099,99,nonStim,MonoR,0.735294117647059,0.78125,-0.0459558823529411
Clay_100,100,nonStim,MonoR,0.575,0.816666666666667,-0.241666666666667
Clay_101,101,nonStim,MonoR,0.708860759493671,0.888888888888889,-0.180028129395218
Clay_102,102,nonStim,MonoR,0.785714285714286,0.797979797979798,-0.0122655122655123
Clay_103,103,nonStim,MonoR,0.821428571428571,0.866071428571429,-0.0446428571428572
Clay_001,1,nonStim,Bino,0.887931034482759,0.765217391304348,0.122713643178411
Clay_002,2,nonStim,Bino,0.735537190082645,0.791666666666667,-0.056129476584022
Clay_003,3,nonStim,Bino,0.759259259259259,0.814814814814815,-0.0555555555555555
Clay_004,4,nonStim,Bino,0.833333333333333,0.847457627118644,-0.0141242937853107
Clay_005,5,nonStim,Bino,0.863636363636364,0.839285714285714,0.0243506493506493
Clay_006,6,nonStim,Bino,0.783783783783784,0.745454545454545,0.0383292383292383
Clay_007,7,nonStim,Bino,0.678321678321678,0.6875,-0.00917832167832167
Clay_008,8,nonStim,Bino,0.779069767441861,0.662790697674419,0.116279069767442
Clay_009,9,nonStim,Bino,0.875,0.854166666666667,0.0208333333333334
Clay_010,10,nonStim,Bino,0.809090909090909,0.837837837837838,-0.0287469287469287
Clay_011,11,nonStim,Bino,0.816091954022989,0.866666666666667,-0.0505747126436782
Clay_012,12,nonStim,Bino,0.845360824742268,0.875,-0.029639175257732
Clay_013,13,nonStim,Bino,0.857142857142857,0.833333333333333,0.0238095238095237
Clay_014,14,nonStim,Bino,0.833333333333333,0.783333333333333,0.05
Clay_015,15,nonStim,Bino,0.80188679245283,0.847619047619048,-0.0457322551662174
Clay_016,16,nonStim,Bino,0.819444444444444,0.855072463768116,-0.0356280193236715
Clay_017,17,nonStim,Bino,0.848684210526316,0.841059602649007,0.00762460787730923
Clay_018,18,nonStim,Bino,0.802919708029197,0.824817518248175,-0.0218978102189781
Clay_019,19,nonStim,Bino,0.820689655172414,0.827586206896552,-0.00689655172413794
Clay_020,20,nonStim,Bino,0.788732394366197,0.804195804195804,-0.015463409829607
Clay_021,21,nonStim,Bino,0.796296296296296,0.754901960784314,0.0413943355119826
Clay_022,22,nonStim,Bino,0.8,0.808333333333333,-0.0083333333333333
Clay_023,23,nonStim,Bino,0.833333333333333,0.833333333333333,0
Clay_024,24,nonStim,Bino,0.831932773109244,0.823529411764706,0.0084033613445379
Clay_025,25,nonStim,Bino,0.807017543859649,0.872727272727273,-0.0657097288676236
Clay_026,26,nonStim,Bino,0.768518518518518,0.846846846846847,-0.0783283283283284
Clay_027,27,nonStim,Bino,0.752380952380952,0.81,-0.0576190476190477
Clay_028,28,nonStim,Bino,0.765151515151515,0.796992481203007,-0.0318409660514923
Clay_029,29,nonStim,Bino,0.817460317460317,0.771653543307087,0.0458067741532309
Clay_030,30,nonStim,Bino,0.838709677419355,0.774193548387097,0.0645161290322581
Clay_031,31,nonStim,Bino,0.735632183908046,0.747126436781609,-0.0114942528735632
Clay_032,32,nonStim,Bino,0.766666666666667,0.825,-0.0583333333333332
Clay_033,33,nonStim,Bino,0.775,0.708333333333333,0.0666666666666667
Clay_034,34,nonStim,Bino,0.823529411764706,0.823529411764706,0
Clay_035,35,nonStim,Bino,0.758333333333333,0.766666666666667,-0.00833333333333341
Clay_036,36,nonStim,Bino,0.716666666666667,0.809917355371901,-0.0932506887052341
Clay_037,37,nonStim,Bino,0.855263157894737,0.835616438356164,0.0196467195385724
Clay_038,38,nonStim,Bino,0.793388429752066,0.833333333333333,-0.0399449035812672
Clay_039,39,nonStim,Bino,0.854014598540146,0.835820895522388,0.0181937030177579
Clay_040,40,nonStim,Bino,0.790697674418605,0.811023622047244,-0.0203259476286395
Clay_041,41,nonStim,Bino,0.852459016393443,0.85,0.00245901639344259
Clay_042,42,nonStim,Bino,0.783333333333333,0.75,0.0333333333333333
Clay_043,43,nonStim,Bino,0.741071428571429,0.73394495412844,0.0071264744429882
Clay_044,44,nonStim,Bino,0.69,0.872727272727273,-0.182727272727273
Clay_045,45,nonStim,Bino,0.698924731182796,0.752688172043011,-0.053763440860215
Clay_046,46,nonStim,Bino,0.814814814814815,0.738317757009346,0.076497057805469
Clay_047,47,nonStim,Bino,0.768595041322314,0.71900826446281,0.0495867768595041
Clay_048,48,nonStim,Bino,0.8125,0.65,0.1625
Clay_049,49,nonStim,Bino,0.683333333333333,0.714285714285714,-0.030952380952381
Clay_050,50,nonStim,Bino,0.75609756097561,0.763779527559055,-0.00768196658344533
Clay_051,51,nonStim,Bino,0.845070422535211,0.917808219178082,-0.0727377966428709
Clay_052,52,nonStim,Bino,0.73134328358209,0.646616541353383,0.0847267422287061
Clay_053,53,nonStim,Bino,0.675925925925926,0.63302752293578,0.0428984029901461
Clay_054,54,nonStim,Bino,0.784810126582278,0.792207792207792,-0.00739766562551381
Clay_055,55,nonStim,Bino,0.75,0.786324786324786,-0.0363247863247863
Clay_056,56,nonStim,Bino,0.754545454545455,0.814814814814815,-0.0602693602693603
Clay_057,57,nonStim,Bino,0.570093457943925,0.647058823529412,-0.0769653655854866
Clay_058,58,nonStim,Bino,0.658333333333333,0.633333333333333,0.025
Clay_059,59,nonStim,Bino,0.808,0.793388429752066,0.0146115702479339
Clay_060,60,nonStim,Bino,0.75,0.73109243697479,0.0189075630252101
Clay_061,61,nonStim,Bino,0.781512605042017,0.766666666666667,0.0148459383753501
Clay_062,62,nonStim,Bino,0.816326530612245,0.769230769230769,0.0470957613814756
Clay_063,63,nonStim,Bino,0.833333333333333,0.802083333333333,0.03125
Clay_064,64,nonStim,Bino,0.776785714285714,0.783783783783784,-0.00699806949806947
Clay_065,65,nonStim,Bino,0.816666666666667,0.808333333333333,0.0083333333333333
Clay_066,66,nonStim,Bino,0.710280373831776,0.731481481481482,-0.0212011076497058
Clay_067,67,nonStim,Bino,0.8125,0.851851851851852,-0.0393518518518519
Clay_068,68,nonStim,Bino,0.769230769230769,0.809090909090909,-0.0398601398601398
Clay_069,69,nonStim,Bino,0.852272727272727,0.761363636363636,0.0909090909090909
Clay_070,70,nonStim,Bino,0.68,0.801980198019802,-0.121980198019802
Clay_071,71,nonStim,Bino,0.7375,0.8,-0.0625
Clay_072,72,nonStim,Bino,0.771084337349398,0.906976744186046,-0.135892406836649
Clay_073,73,nonStim,Bino,0.761061946902655,0.798245614035088,-0.0371836671324329
Clay_074,74,nonStim,Bino,0.694444444444444,0.833333333333333,-0.138888888888889
Clay_075,75,nonStim,Bino,0.690265486725664,0.771929824561403,-0.0816643378357398
Clay_076,76,nonStim,Bino,0.572916666666667,0.701030927835051,-0.128114261168385
Clay_077,77,nonStim,Bino,0.661157024793388,0.733333333333333,-0.0721763085399448
Clay_078,78,nonStim,Bino,0.761904761904762,0.771428571428571,-0.0095238095238096
Clay_079,79,nonStim,Bino,0.741071428571429,0.711711711711712,0.0293597168597169
Clay_080,80,nonStim,Bino,0.788617886178862,0.804878048780488,-0.0162601626016261
Clay_081,81,nonStim,Bino,0.782051282051282,0.851351351351351,-0.0693000693000693
Clay_082,82,nonStim,Bino,0.835616438356164,0.763888888888889,0.0717275494672756
Clay_083,83,nonStim,Bino,0.752475247524752,0.666666666666667,0.0858085808580858
Clay_084,84,nonStim,Bino,0.752808988764045,0.909090909090909,-0.156281920326864
Clay_085,85,nonStim,Bino,0.763440860215054,0.842105263157895,-0.0786644029428409
Clay_086,86,nonStim,Bino,0.775862068965517,0.808695652173913,-0.0328335832083958
Clay_087,87,nonStim,Bino,0.80188679245283,0.787037037037037,0.0148497554157931
Clay_088,88,nonStim,Bino,0.730769230769231,0.826530612244898,-0.0957613814756673
Clay_089,89,nonStim,Bino,0.813186813186813,0.880434782608696,-0.0672479694218825
Clay_090,90,nonStim,Bino,0.767123287671233,0.808219178082192,-0.041095890410959
Clay_091,91,nonStim,Bino,0.888888888888889,0.864197530864197,0.0246913580246914
Clay_092,92,nonStim,Bino,0.743801652892562,0.7,0.043801652892562
Clay_093,93,nonStim,Bino,0.860215053763441,0.78494623655914,0.0752688172043011
Clay_094,94,nonStim,Bino,0.701492537313433,0.880597014925373,-0.17910447761194
Clay_095,95,nonStim,Bino,0.75,0.818181818181818,-0.0681818181818182
Clay_096,96,nonStim,Bino,0.645161290322581,0.78494623655914,-0.139784946236559
Clay_097,97,nonStim,Bino,0.652892561983471,0.675,-0.0221074380165289
Clay_098,98,nonStim,Bino,0.744525547445255,0.827338129496403,-0.0828125820511474
Clay_099,99,nonStim,Bino,0.735294117647059,0.734375,0.000919117647058876
Clay_100,100,nonStim,Bino,0.575,0.691666666666667,-0.116666666666667
Clay_101,101,nonStim,Bino,0.708860759493671,0.716049382716049,-0.00718862322237845
Clay_102,102,nonStim,Bino,0.785714285714286,0.862745098039216,-0.07703081232493
Clay_103,103,nonStim,Bino,0.821428571428571,0.827272727272727,-0.00584415584415587
