UnitTableRow,Date,Monkey,ROI,RecordingFolder,TrialInfoFile,SelIndexFile,OutputDir,Status,Message,TrialCount,ValidTrialCount,EventCount,RuntimeSeconds
1,14-Jul-2021,Jim,MT,P:\Jim\NeuroData\20210714\,P:\Jim\NeuroData\20210714\Jim_MT_14July2021_MUA_3DMotionStim_TInfo.mat,P:\Jim\NeuroData\20210714\Jim_MT_14July2021_MUA_3DMotionStim_SelIndex.mat,C:\Users\zzhu329\Documents\GitHub\EM-3DMotion\Microsac\population_results_inventory\001_Jim_MT_14July2021_MUA_3DMotionStim,Ready,Resolved without analysis because DryRun is true.,NaN,NaN,NaN,0
2,21-Jul-2021,Jim,MT,P:\Jim\NeuroData\20210721\,P:\Jim\NeuroData\20210721\Jim_MT_21July2021_MUA_3DMotionStim_TInfo.mat,P:\Jim\NeuroData\20210721\Jim_MT_21July2021_MUA_3DMotionStim_SelIndex.mat,C:\Users\zzhu329\Documents\GitHub\EM-3DMotion\Microsac\population_results_inventory\002_Jim_MT_21July2021_MUA_3DMotionStim,Ready,Resolved without analysis because DryRun is true.,NaN,NaN,NaN,0
3,23-Jul-2021,Jim,FST,P:\Jim\NeuroData\20210723\,P:\Jim\NeuroData\20210723\Jim_MT_23July2021_MUA_3DMotionStim_TInfo.mat,P:\Jim\NeuroData\20210723\Jim_MT_23July2021_MUA_3DMotionStim_SelIndex.mat,C:\Users\zzhu329\Documents\GitHub\EM-3DMotion\Microsac\population_results_inventory\003_Jim_MT_23July2021_MUA_3DMotionStim,Ready,Resolved without analysis because DryRun is true.,NaN,NaN,NaN,0
4,04-Aug-2021,Jim,MT,P:\Jim\NeuroData\20210804\,P:\Jim\NeuroData\20210804\Jim_MT_04August2021_MUA_3DMotionStim_TInfo.mat,P:\Jim\NeuroData\20210804\Jim_MT_04August2021_MUA_3DMotionStim_SelIndex.mat,C:\Users\zzhu329\Documents\GitHub\EM-3DMotion\Microsac\population_results_inventory\004_Jim_MT_04August2021_MUA_3DMotionStim,Ready,Resolved without analysis because DryRun is true.,NaN,NaN,NaN,0
5,20-Aug-2021,Jim,MT,P:\Jim\NeuroData\20210820\,P:\Jim\NeuroData\20210820\Jim_MT_20August2021_MUA_3DMotionStim_TInfo.mat,P:\Jim\NeuroData\20210820\Jim_MT_20August2021_MUA_3DMotionStim_SelIndex.mat,C:\Users\zzhu329\Documents\GitHub\EM-3DMotion\Microsac\population_results_inventory\005_Jim_MT_20August2021_MUA_3DMotionStim,Ready,Resolved without analysis because DryRun is true.,NaN,NaN,NaN,0
6,12-May-2022,Jim,MT,P:\Jim\NeuroData\20220512\,P:\Jim\NeuroData\20220512\Jim_MT_12May2022_MUA_3DMotionStim_TInfo.mat,P:\Jim\NeuroData\20220512\Jim_MT_12May2022_MUA_3DMotionStim_SelIndex.mat,C:\Users\zzhu329\Documents\GitHub\EM-3DMotion\Microsac\population_results_inventory\006_Jim_MT_12May2022_MUA_3DMotionStim,Ready,Resolved without analysis because DryRun is true.,NaN,NaN,NaN,0
7,18-May-2022,Jim,FST,P:\Jim\NeuroData\20220518\,P:\Jim\NeuroData\20220518\Jim_FST_18May2022_MUA_3DMotionStim_TInfo.mat,P:\Jim\NeuroData\20220518\Jim_FST_18May2022_MUA_3DMotionStim_SelIndex.mat,C:\Users\zzhu329\Documents\GitHub\EM-3DMotion\Microsac\population_results_inventory\007_Jim_FST_18May2022_MUA_3DMotionStim,Ready,Resolved without analysis because DryRun is true.,NaN,NaN,NaN,0
8,19-May-2022,Jim,FST,P:\Jim\NeuroData\20220519\,P:\Jim\NeuroData\20220519\Jim_FST_19May2022_MUA_3DMotionStim_TInfo.mat,P:\Jim\NeuroData\20220519\Jim_FST_19May2022_MUA_3DMotionStim_SelIndex.mat,C:\Users\zzhu329\Documents\GitHub\EM-3DMotion\Microsac\population_results_inventory\008_Jim_FST_19May2022_MUA_3DMotionStim,Ready,Resolved without analysis because DryRun is true.,NaN,NaN,NaN,0
9,20-May-2022,Jim,FST,P:\Jim\NeuroData\20220520\,P:\Jim\NeuroData\20220520\Jim_FST_20May2022_MUA_3DMotionStim_TInfo.mat,P:\Jim\NeuroData\20220520\Jim_FST_20May2022_MUA_3DMotionStim_SelIndex.mat,C:\Users\zzhu329\Documents\GitHub\EM-3DMotion\Microsac\population_results_inventory\009_Jim_FST_20May2022_MUA_3DMotionStim,Ready,Resolved without analysis because DryRun is true.,NaN,NaN,NaN,0
10,24-May-2022,Jim,FST,P:\Jim\NeuroData\20220524\,P:\Jim\NeuroData\20220524\Jim_FST_24May2022_MUA_3DMotionStim_TInfo.mat,P:\Jim\NeuroData\20220524\Jim_FST_24May2022_MUA_3DMotionStim_SelIndex.mat,C:\Users\zzhu329\Documents\GitHub\EM-3DMotion\Microsac\population_results_inventory\010_Jim_FST_24May2022_MUA_3DMotionStim,Ready,Resolved without analysis because DryRun is true.,NaN,NaN,NaN,0
11,27-May-2022,Jim,FST,P:\Jim\NeuroData\20220527\,P:\Jim\NeuroData\20220527\Jim_FST_27May2022_MUA_3DMotionStim_TInfo.mat,P:\Jim\NeuroData\20220527\Jim_FST_27May2022_MUA_3DMotionStim_SelIndex.mat,C:\Users\zzhu329\Documents\GitHub\EM-3DMotion\Microsac\population_results_inventory\011_Jim_FST_27May2022_MUA_3DMotionStim,Ready,Resolved without analysis because DryRun is true.,NaN,NaN,NaN,0
12,28-May-2022,Jim,FST,P:\Jim\NeuroData\20220528\,P:\Jim\NeuroData\20220528\Jim_FST_28May2022_MUA_3DMotionStim_TInfo.mat,P:\Jim\NeuroData\20220528\Jim_FST_28May2022_MUA_3DMotionStim_SelIndex.mat,C:\Users\zzhu329\Documents\GitHub\EM-3DMotion\Microsac\population_results_inventory\012_Jim_FST_28May2022_MUA_3DMotionStim,Ready,Resolved without analysis because DryRun is true.,NaN,NaN,NaN,0
13,30-May-2022,Jim,FST,P:\Jim\NeuroData\20220530\,P:\Jim\NeuroData\20220530\Jim_FST_30May2022_MUA_3DMotionStim_TInfo.mat,P:\Jim\NeuroData\20220530\Jim_FST_30May2022_MUA_3DMotionStim_SelIndex.mat,C:\Users\zzhu329\Documents\GitHub\EM-3DMotion\Microsac\population_results_inventory\013_Jim_FST_30May2022_MUA_3DMotionStim,Ready,Resolved without analysis because DryRun is true.,NaN,NaN,NaN,0
14,31-May-2022,Jim,FST,P:\Jim\NeuroData\20220531\,P:\Jim\NeuroData\20220531\Jim_FST_31May2022_MUA_3DMotionStim_TInfo.mat,P:\Jim\NeuroData\20220531\Jim_FST_31May2022_MUA_3DMotionStim_SelIndex.mat,C:\Users\zzhu329\Documents\GitHub\EM-3DMotion\Microsac\population_results_inventory\014_Jim_FST_31May2022_MUA_3DMotionStim,Ready,Resolved without analysis because DryRun is true.,NaN,NaN,NaN,0
15,01-Jun-2022,Jim,MT,P:\Jim\NeuroData\20220601\,P:\Jim\NeuroData\20220601\Jim_FST_01June2022_MUA_3DMotionStim_TInfo.mat,P:\Jim\NeuroData\20220601\Jim_FST_01June2022_MUA_3DMotionStim_SelIndex.mat,C:\Users\zzhu329\Documents\GitHub\EM-3DMotion\Microsac\population_results_inventory\015_Jim_FST_01June2022_MUA_3DMotionStim,Ready,Resolved without analysis because DryRun is true.,NaN,NaN,NaN,0
16,13-Dec-2022,Jim,MT,P:\Jim\NeuroData\20221213\,P:\Jim\NeuroData\20221213\Jim_MT_13Dec2022_3DMotionStim_MUA_TInfo.mat,P:\Jim\NeuroData\20221213\Jim_MT_13Dec2022_3DMotionStim_MUA_SelIndex.mat,C:\Users\zzhu329\Documents\GitHub\EM-3DMotion\Microsac\population_results_inventory\016_Jim_MT_13Dec2022_3DMotionStim_MUA,Ready,Resolved without analysis because DryRun is true.,NaN,NaN,NaN,0
17,20-Dec-2022,Jim,FST,P:\Jim\NeuroData\20221220\,P:\Jim\NeuroData\20221220\Jim_FST_20Dec2022_3DMotionStim_MUA_TInfo.mat,P:\Jim\NeuroData\20221220\Jim_FST_20Dec2022_3DMotionStim_MUA_SelIndex.mat,C:\Users\zzhu329\Documents\GitHub\EM-3DMotion\Microsac\population_results_inventory\017_Jim_FST_20Dec2022_3DMotionStim_MUA,Ready,Resolved without analysis because DryRun is true.,NaN,NaN,NaN,0
18,22-Dec-2022,Jim,FST,P:\Jim\NeuroData\20221222\,P:\Jim\NeuroData\20221222\Jim_FST_22Dec2022_3DMotionStim_MUA_TInfo.mat,P:\Jim\NeuroData\20221222\Jim_FST_22Dec2022_3DMotionStim_MUA_SelIndex.mat,C:\Users\zzhu329\Documents\GitHub\EM-3DMotion\Microsac\population_results_inventory\018_Jim_FST_22Dec2022_3DMotionStim_MUA,Ready,Resolved without analysis because DryRun is true.,NaN,NaN,NaN,0
19,23-Dec-2022,Jim,MT,P:\Jim\NeuroData\20221223\,P:\Jim\NeuroData\20221223\Jim_MT_23Dec2022_3DMotionStim_MUA_TInfo.mat,P:\Jim\NeuroData\20221223\Jim_MT_23Dec2022_3DMotionStim_MUA_SelIndex.mat,C:\Users\zzhu329\Documents\GitHub\EM-3DMotion\Microsac\population_results_inventory\019_Jim_MT_23Dec2022_3DMotionStim_MUA,Ready,Resolved without analysis because DryRun is true.,NaN,NaN,NaN,0
20,28-Dec-2022,Jim,MT,P:\Jim\NeuroData\20221228\,P:\Jim\NeuroData\20221228\Jim_MT_28Dec2022_3DMotionStim_MUA_TInfo.mat,P:\Jim\NeuroData\20221228\Jim_MT_28Dec2022_3DMotionStim_MUA_SelIndex.mat,C:\Users\zzhu329\Documents\GitHub\EM-3DMotion\Microsac\population_results_inventory\020_Jim_MT_28Dec2022_3DMotionStim_MUA,Ready,Resolved without analysis because DryRun is true.,NaN,NaN,NaN,0
21,30-Dec-2022,Jim,FST,P:\Jim\NeuroData\20221230\,P:\Jim\NeuroData\20221230\Jim_FST_30Dec2022_3DMotionStim_MUA_TInfo.mat,P:\Jim\NeuroData\20221230\Jim_FST_30Dec2022_3DMotionStim_MUA_SelIndex.mat,C:\Users\zzhu329\Documents\GitHub\EM-3DMotion\Microsac\population_results_inventory\021_Jim_FST_30Dec2022_3DMotionStim_MUA,Ready,Resolved without analysis because DryRun is true.,NaN,NaN,NaN,0
22,10-Jan-2023,Jim,MT,P:\Jim\NeuroData\20230110\,P:\Jim\NeuroData\20230110\Jim_MT_10Jan2023_3DMotionStim_MUA_TInfo.mat,P:\Jim\NeuroData\20230110\Jim_MT_10Jan2023_3DMotionStim_MUA_SelIndex.mat,C:\Users\zzhu329\Documents\GitHub\EM-3DMotion\Microsac\population_results_inventory\022_Jim_MT_10Jan2023_3DMotionStim_MUA,Ready,Resolved without analysis because DryRun is true.,NaN,NaN,NaN,0
23,11-Jan-2023,Jim,MT,P:\Jim\NeuroData\20230111\,P:\Jim\NeuroData\20230111\Jim_FST_11Jan2023_3DMotionStim_MUA_TInfo.mat,P:\Jim\NeuroData\20230111\Jim_FST_11Jan2023_3DMotionStim_MUA_SelIndex.mat,C:\Users\zzhu329\Documents\GitHub\EM-3DMotion\Microsac\population_results_inventory\023_Jim_FST_11Jan2023_3DMotionStim_MUA,Ready,Resolved without analysis because DryRun is true.,NaN,NaN,NaN,0
24,12-Jan-2023,Jim,FST,P:\Jim\NeuroData\20230112\,P:\Jim\NeuroData\20230112\Jim_FST_12Jan2023_3DMotionStim_MUA_TInfo.mat,P:\Jim\NeuroData\20230112\Jim_FST_12Jan2023_3DMotionStim_MUA_SelIndex.mat,C:\Users\zzhu329\Documents\GitHub\EM-3DMotion\Microsac\population_results_inventory\024_Jim_FST_12Jan2023_3DMotionStim_MUA,Ready,Resolved without analysis because DryRun is true.,NaN,NaN,NaN,0
25,16-Jan-2023,Jim,FST,P:\Jim\NeuroData\20230116\,P:\Jim\NeuroData\20230116\Jim_FST_16Jan2023_3DMotionStim_MUA_TInfo.mat,P:\Jim\NeuroData\20230116\Jim_FST_16Jan2023_3DMotionStim_MUA_SelIndex.mat,C:\Users\zzhu329\Documents\GitHub\EM-3DMotion\Microsac\population_results_inventory\025_Jim_FST_16Jan2023_3DMotionStim_MUA,Ready,Resolved without analysis because DryRun is true.,NaN,NaN,NaN,0
26,17-Jan-2023,Jim,FST,P:\Jim\NeuroData\20230117\,P:\Jim\NeuroData\20230117\Jim_FST_17Jan2023_3DMotionStim_MUA_TInfo.mat,P:\Jim\NeuroData\20230117\Jim_FST_17Jan2023_3DMotionStim_MUA_SelIndex.mat,C:\Users\zzhu329\Documents\GitHub\EM-3DMotion\Microsac\population_results_inventory\026_Jim_FST_17Jan2023_3DMotionStim_MUA,Ready,Resolved without analysis because DryRun is true.,NaN,NaN,NaN,0
27,19-Jan-2023,Jim,MT,P:\Jim\NeuroData\20230119\,P:\Jim\NeuroData\20230119\Jim_FST_19Jan2023_3DMotionStim_MUA_TInfo.mat,P:\Jim\NeuroData\20230119\Jim_FST_19Jan2023_3DMotionStim_MUA_SelIndex.mat,C:\Users\zzhu329\Documents\GitHub\EM-3DMotion\Microsac\population_results_inventory\027_Jim_FST_19Jan2023_3DMotionStim_MUA,Ready,Resolved without analysis because DryRun is true.,NaN,NaN,NaN,0
28,26-Jan-2023,Jim,MT,P:\Jim\NeuroData\20230126\,P:\Jim\NeuroData\20230126\Jim_MT_26Jan2023_3DMotionStim_MUA_TInfo.mat,P:\Jim\NeuroData\20230126\Jim_MT_26Jan2023_3DMotionStim_MUA_SelIndex.mat,C:\Users\zzhu329\Documents\GitHub\EM-3DMotion\Microsac\population_results_inventory\028_Jim_MT_26Jan2023_3DMotionStim_MUA,Ready,Resolved without analysis because DryRun is true.,NaN,NaN,NaN,0
29,30-Jan-2023,Jim,MT,P:\Jim\NeuroData\20230130\,P:\Jim\NeuroData\20230130\Jim_MT_30Jan2023_3DMotionStim_MUA_TInfo.mat,P:\Jim\NeuroData\20230130\Jim_MT_30Jan2023_3DMotionStim_MUA_SelIndex.mat,C:\Users\zzhu329\Documents\GitHub\EM-3DMotion\Microsac\population_results_inventory\029_Jim_MT_30Jan2023_3DMotionStim_MUA,Ready,Resolved without analysis because DryRun is true.,NaN,NaN,NaN,0
30,31-Jan-2023,Jim,MT,P:\Jim\NeuroData\20230131\,P:\Jim\NeuroData\20230131\Jim_FST_31Jan2023_3DMotionStim_MUA_TInfo.mat,P:\Jim\NeuroData\20230131\Jim_FST_31Jan2023_3DMotionStim_MUA_SelIndex.mat,C:\Users\zzhu329\Documents\GitHub\EM-3DMotion\Microsac\population_results_inventory\030_Jim_FST_31Jan2023_3DMotionStim_MUA,Ready,Resolved without analysis because DryRun is true.,NaN,NaN,NaN,0
31,06-Feb-2023,Jim,MT,P:\Jim\NeuroData\20230206\,P:\Jim\NeuroData\20230206\Jim_MT_06Feb2023_3DMotionStim_MUA_TInfo.mat,P:\Jim\NeuroData\20230206\Jim_MT_06Feb2023_3DMotionStim_MUA_SelIndex.mat,C:\Users\zzhu329\Documents\GitHub\EM-3DMotion\Microsac\population_results_inventory\031_Jim_MT_06Feb2023_3DMotionStim_MUA,Ready,Resolved without analysis because DryRun is true.,NaN,NaN,NaN,0
32,14-Feb-2023,Jim,MT,P:\Jim\NeuroData\20230214\,P:\Jim\NeuroData\20230214\Jim_MT_14Feb2023_3DMotionStim_MUA_TInfo.mat,P:\Jim\NeuroData\20230214\Jim_MT_14Feb2023_3DMotionStim_MUA_SelIndex.mat,C:\Users\zzhu329\Documents\GitHub\EM-3DMotion\Microsac\population_results_inventory\032_Jim_MT_14Feb2023_3DMotionStim_MUA,Ready,Resolved without analysis because DryRun is true.,NaN,NaN,NaN,0
33,20-Feb-2023,Jim,MT,P:\Jim\NeuroData\20230220\,P:\Jim\NeuroData\20230220\Jim_MT_20Feb2023_3DMotionStim_MUA_TInfo.mat,P:\Jim\NeuroData\20230220\Jim_MT_20Feb2023_3DMotionStim_MUA_SelIndex.mat,C:\Users\zzhu329\Documents\GitHub\EM-3DMotion\Microsac\population_results_inventory\033_Jim_MT_20Feb2023_3DMotionStim_MUA,Ready,Resolved without analysis because DryRun is true.,NaN,NaN,NaN,0
34,21-Feb-2023,Jim,FST,P:\Jim\NeuroData\20230221\,P:\Jim\NeuroData\20230221\Jim_FST_21Feb2023_3DMotionStim_MUA_TInfo.mat,P:\Jim\NeuroData\20230221\Jim_FST_21Feb2023_3DMotionStim_MUA_SelIndex.mat,C:\Users\zzhu329\Documents\GitHub\EM-3DMotion\Microsac\population_results_inventory\034_Jim_FST_21Feb2023_3DMotionStim_MUA,Ready,Resolved without analysis because DryRun is true.,NaN,NaN,NaN,0
35,23-Feb-2023,Jim,MT,P:\Jim\NeuroData\20230223\,P:\Jim\NeuroData\20230223\Jim_MT_23Feb2023_3DMotionStim_MUA_TInfo.mat,P:\Jim\NeuroData\20230223\Jim_MT_23Feb2023_3DMotionStim_MUA_SelIndex.mat,C:\Users\zzhu329\Documents\GitHub\EM-3DMotion\Microsac\population_results_inventory\035_Jim_MT_23Feb2023_3DMotionStim_MUA,Ready,Resolved without analysis because DryRun is true.,NaN,NaN,NaN,0
36,27-Feb-2023,Jim,MT,P:\Jim\NeuroData\20230227\,P:\Jim\NeuroData\20230227\Jim_MT_27Feb2023_3DMotionStim_MUA_TInfo.mat,P:\Jim\NeuroData\20230227\Jim_MT_27Feb2023_3DMotionStim_MUA_SelIndex.mat,C:\Users\zzhu329\Documents\GitHub\EM-3DMotion\Microsac\population_results_inventory\036_Jim_MT_27Feb2023_3DMotionStim_MUA,Ready,Resolved without analysis because DryRun is true.,NaN,NaN,NaN,0
37,28-Feb-2023,Jim,MT,P:\Jim\NeuroData\20230228\,P:\Jim\NeuroData\20230228\Jim_MT_28Feb2023_3DMotionStim_MUA_TInfo.mat,P:\Jim\NeuroData\20230228\Jim_MT_28Feb2023_3DMotionStim_MUA_SelIndex.mat,C:\Users\zzhu329\Documents\GitHub\EM-3DMotion\Microsac\population_results_inventory\037_Jim_MT_28Feb2023_3DMotionStim_MUA,Ready,Resolved without analysis because DryRun is true.,NaN,NaN,NaN,0
38,07-Mar-2023,Jim,FST,P:\Jim\NeuroData\20230307\,P:\Jim\NeuroData\20230307\Jim_FST_07Mar2023_3DMotionStim_MUA_TInfo.mat,P:\Jim\NeuroData\20230307\Jim_FST_07Mar2023_3DMotionStim_MUA_SelIndex.mat,C:\Users\zzhu329\Documents\GitHub\EM-3DMotion\Microsac\population_results_inventory\038_Jim_FST_07Mar2023_3DMotionStim_MUA,Ready,Resolved without analysis because DryRun is true.,NaN,NaN,NaN,0
39,09-Mar-2023,Jim,MT,P:\Jim\NeuroData\20230309\,P:\Jim\NeuroData\20230309\Jim_MT_09Mar2023_3DMotionStim_MUA_TInfo.mat,P:\Jim\NeuroData\20230309\Jim_MT_09Mar2023_3DMotionStim_MUA_SelIndex.mat,C:\Users\zzhu329\Documents\GitHub\EM-3DMotion\Microsac\population_results_inventory\039_Jim_MT_09Mar2023_3DMotionStim_MUA,Ready,Resolved without analysis because DryRun is true.,NaN,NaN,NaN,0
40,13-Mar-2023,Jim,MT,P:\Jim\NeuroData\20230313\,P:\Jim\NeuroData\20230313\Jim_MT_13Mar2023_3DMotionStim_MUA_TInfo.mat,P:\Jim\NeuroData\20230313\Jim_MT_13Mar2023_3DMotionStim_MUA_SelIndex.mat,C:\Users\zzhu329\Documents\GitHub\EM-3DMotion\Microsac\population_results_inventory\040_Jim_MT_13Mar2023_3DMotionStim_MUA,Ready,Resolved without analysis because DryRun is true.,NaN,NaN,NaN,0
41,15-Mar-2023,Jim,FST,P:\Jim\NeuroData\20230315\,P:\Jim\NeuroData\20230315\Jim_FST_15Mar2023_3DMotionStim_MUA_TInfo.mat,P:\Jim\NeuroData\20230315\Jim_FST_15Mar2023_3DMotionStim_MUA_SelIndex.mat,C:\Users\zzhu329\Documents\GitHub\EM-3DMotion\Microsac\population_results_inventory\041_Jim_FST_15Mar2023_3DMotionStim_MUA,Ready,Resolved without analysis because DryRun is true.,NaN,NaN,NaN,0
42,16-Mar-2023,Jim,MT,P:\Jim\NeuroData\20230316\,P:\Jim\NeuroData\20230316\Jim_MT_16Mar2023_3DMotionStim_MUA_TInfo.mat,P:\Jim\NeuroData\20230316\Jim_MT_16Mar2023_3DMotionStim_MUA_SelIndex.mat,C:\Users\zzhu329\Documents\GitHub\EM-3DMotion\Microsac\population_results_inventory\042_Jim_MT_16Mar2023_3DMotionStim_MUA,Ready,Resolved without analysis because DryRun is true.,NaN,NaN,NaN,0
43,01-Apr-2023,Jim,MT,P:\Jim\NeuroData\20230401\,P:\Jim\NeuroData\20230401\Jim_MT_01Apr2023_3DMotionStim_MUA_TInfo.mat,P:\Jim\NeuroData\20230401\Jim_MT_01Apr2023_3DMotionStim_MUA_SelIndex.mat,C:\Users\zzhu329\Documents\GitHub\EM-3DMotion\Microsac\population_results_inventory\043_Jim_MT_01Apr2023_3DMotionStim_MUA,Ready,Resolved without analysis because DryRun is true.,NaN,NaN,NaN,0
44,05-Apr-2023,Jim,FST,P:\Jim\NeuroData\20230405\,P:\Jim\NeuroData\20230405\Jim_FST_05Apr2023_3DMotionStim_MUA_TInfo.mat,P:\Jim\NeuroData\20230405\Jim_FST_05Apr2023_3DMotionStim_MUA_SelIndex.mat,C:\Users\zzhu329\Documents\GitHub\EM-3DMotion\Microsac\population_results_inventory\044_Jim_FST_05Apr2023_3DMotionStim_MUA,Ready,Resolved without analysis because DryRun is true.,NaN,NaN,NaN,0
45,08-Apr-2023,Jim,MT,P:\Jim\NeuroData\20230408\,P:\Jim\NeuroData\20230408\Jim_MT_08Apr2023_3DMotionStim_MUA_TInfo.mat,P:\Jim\NeuroData\20230408\Jim_MT_08Apr2023_3DMotionStim_MUA_SelIndex.mat,C:\Users\zzhu329\Documents\GitHub\EM-3DMotion\Microsac\population_results_inventory\045_Jim_MT_08Apr2023_3DMotionStim_MUA,Ready,Resolved without analysis because DryRun is true.,NaN,NaN,NaN,0
46,12-Apr-2023,Jim,FST,P:\Jim\NeuroData\20230412\,P:\Jim\NeuroData\20230412\Jim_FST_12Apr2023_3DMotionStim_MUA_TInfo.mat,P:\Jim\NeuroData\20230412\Jim_FST_12Apr2023_3DMotionStim_MUA_SelIndex.mat,C:\Users\zzhu329\Documents\GitHub\EM-3DMotion\Microsac\population_results_inventory\046_Jim_FST_12Apr2023_3DMotionStim_MUA,Ready,Resolved without analysis because DryRun is true.,NaN,NaN,NaN,0
47,13-Apr-2023,Jim,MT,P:\Jim\NeuroData\20230413\,P:\Jim\NeuroData\20230413\Jim_MT_13Apr2023_3DMotionStim_MUA_TInfo.mat,P:\Jim\NeuroData\20230413\Jim_MT_13Apr2023_3DMotionStim_MUA_SelIndex.mat,C:\Users\zzhu329\Documents\GitHub\EM-3DMotion\Microsac\population_results_inventory\047_Jim_MT_13Apr2023_3DMotionStim_MUA,Ready,Resolved without analysis because DryRun is true.,NaN,NaN,NaN,0
48,20-Apr-2023,Jim,FST,P:\Jim\NeuroData\20230420\,P:\Jim\NeuroData\20230420\Jim_MT_20Apr2023_3DMotionStim_MUA_TInfo.mat,P:\Jim\NeuroData\20230420\Jim_MT_20Apr2023_3DMotionStim_MUA_SelIndex.mat,C:\Users\zzhu329\Documents\GitHub\EM-3DMotion\Microsac\population_results_inventory\048_Jim_MT_20Apr2023_3DMotionStim_MUA,Ready,Resolved without analysis because DryRun is true.,NaN,NaN,NaN,0
49,22-Apr-2023,Jim,MT,P:\Jim\NeuroData\20230422\,P:\Jim\NeuroData\20230422\Jim_MT_22Apr2023_3DMotionStim_MUA_TInfo.mat,P:\Jim\NeuroData\20230422\Jim_MT_22Apr2023_3DMotionStim_MUA_SelIndex.mat,C:\Users\zzhu329\Documents\GitHub\EM-3DMotion\Microsac\population_results_inventory\049_Jim_MT_22Apr2023_3DMotionStim_MUA,Ready,Resolved without analysis because DryRun is true.,NaN,NaN,NaN,0
50,06-May-2023,Jim,FST,P:\Jim\NeuroData\20230506\,P:\Jim\NeuroData\20230506\Jim_FST_06May2023_3DMotionStim_MUA_TInfo.mat,P:\Jim\NeuroData\20230506\Jim_FST_06May2023_3DMotionStim_MUA_SelIndex.mat,C:\Users\zzhu329\Documents\GitHub\EM-3DMotion\Microsac\population_results_inventory\050_Jim_FST_06May2023_3DMotionStim_MUA,Ready,Resolved without analysis because DryRun is true.,NaN,NaN,NaN,0
51,16-May-2023,Jim,FST,P:\Jim\NeuroData\20230516\,P:\Jim\NeuroData\20230516\Jim_FST_16May2023_3DMotionStim_MUA_TInfo.mat,P:\Jim\NeuroData\20230516\Jim_FST_16May2023_3DMotionStim_MUA_SelIndex.mat,C:\Users\zzhu329\Documents\GitHub\EM-3DMotion\Microsac\population_results_inventory\051_Jim_FST_16May2023_3DMotionStim_MUA,Ready,Resolved without analysis because DryRun is true.,NaN,NaN,NaN,0
52,03-Aug-2023,Jim,MT,P:\Jim\NeuroData\20230803\,P:\Jim\NeuroData\20230803\Jim_MT_03Aug2023_3DMotionStim_MUA_TInfo.mat,P:\Jim\NeuroData\20230803\Jim_MT_03Aug2023_3DMotionStim_MUA_SelIndex.mat,C:\Users\zzhu329\Documents\GitHub\EM-3DMotion\Microsac\population_results_inventory\052_Jim_MT_03Aug2023_3DMotionStim_MUA,Ready,Resolved without analysis because DryRun is true.,NaN,NaN,NaN,0
53,08-Aug-2023,Jim,FST,P:\Jim\NeuroData\20230808\,P:\Jim\NeuroData\20230808\Jim_FST_08Aug2023_3DMotionStim_MUA_TInfo.mat,P:\Jim\NeuroData\20230808\Jim_FST_08Aug2023_3DMotionStim_MUA_SelIndex.mat,C:\Users\zzhu329\Documents\GitHub\EM-3DMotion\Microsac\population_results_inventory\053_Jim_FST_08Aug2023_3DMotionStim_MUA,Ready,Resolved without analysis because DryRun is true.,NaN,NaN,NaN,0
54,09-Aug-2023,Jim,MT,P:\Jim\NeuroData\20230809\,P:\Jim\NeuroData\20230809\Jim_FST_09Aug2023_3DMotionStim_MUA_TInfo.mat,P:\Jim\NeuroData\20230809\Jim_FST_09Aug2023_3DMotionStim_MUA_SelIndex.mat,C:\Users\zzhu329\Documents\GitHub\EM-3DMotion\Microsac\population_results_inventory\054_Jim_FST_09Aug2023_3DMotionStim_MUA,Ready,Resolved without analysis because DryRun is true.,NaN,NaN,NaN,0
55,17-Aug-2023,Jim,MT,P:\Jim\NeuroData\20230817\,P:\Jim\NeuroData\20230817\Jim_MT_17Aug2023_3DMotionStim_MUA_TInfo.mat,P:\Jim\NeuroData\20230817\Jim_MT_17Aug2023_3DMotionStim_MUA_SelIndex.mat,C:\Users\zzhu329\Documents\GitHub\EM-3DMotion\Microsac\population_results_inventory\055_Jim_MT_17Aug2023_3DMotionStim_MUA,Ready,Resolved without analysis because DryRun is true.,NaN,NaN,NaN,0
56,25-Aug-2023,Jim,MT,P:\Jim\NeuroData\20230825\,P:\Jim\NeuroData\20230825\Jim_MT_17Aug2023_3DMotionStim_MUA_TInfo.mat,P:\Jim\NeuroData\20230825\Jim_MT_17Aug2023_3DMotionStim_MUA_SelIndex.mat,C:\Users\zzhu329\Documents\GitHub\EM-3DMotion\Microsac\population_results_inventory\056_Jim_MT_17Aug2023_3DMotionStim_MUA,Ready,Resolved without analysis because DryRun is true.,NaN,NaN,NaN,0
57,06-Sep-2023,Jim,FST,P:\Jim\NeuroData\20230906\,P:\Jim\NeuroData\20230906\Jim_FST_06Sep2023_3DMotionStim_MUA_TInfo.mat,P:\Jim\NeuroData\20230906\Jim_FST_06Sep2023_3DMotionStim_MUA_SelIndex.mat,C:\Users\zzhu329\Documents\GitHub\EM-3DMotion\Microsac\population_results_inventory\057_Jim_FST_06Sep2023_3DMotionStim_MUA,Ready,Resolved without analysis because DryRun is true.,NaN,NaN,NaN,0
58,08-Sep-2023,Jim,FST,P:\Jim\NeuroData\20230908\,P:\Jim\NeuroData\20230908\Jim_FST_08Sep2023_3DMotionStim_MUA_TInfo.mat,P:\Jim\NeuroData\20230908\Jim_FST_08Sep2023_3DMotionStim_MUA_SelIndex.mat,C:\Users\zzhu329\Documents\GitHub\EM-3DMotion\Microsac\population_results_inventory\058_Jim_FST_08Sep2023_3DMotionStim_MUA,Ready,Resolved without analysis because DryRun is true.,NaN,NaN,NaN,0
59,09-Sep-2023,Jim,MT,P:\Jim\NeuroData\20230909\,P:\Jim\NeuroData\20230909\Jim_MT_09Sep2023_3DMotionStim_MUA_TInfo.mat,P:\Jim\NeuroData\20230909\Jim_MT_09Sep2023_3DMotionStim_MUA_SelIndex.mat,C:\Users\zzhu329\Documents\GitHub\EM-3DMotion\Microsac\population_results_inventory\059_Jim_MT_09Sep2023_3DMotionStim_MUA,Ready,Resolved without analysis because DryRun is true.,NaN,NaN,NaN,0
60,20-Sep-2023,Jim,FST,P:\Jim\NeuroData\20230920\,P:\Jim\NeuroData\20230920\Jim_FST_20Sep2023_3DMotionStim_MUA_TInfo.mat,P:\Jim\NeuroData\20230920\Jim_FST_20Sep2023_3DMotionStim_MUA_SelIndex.mat,C:\Users\zzhu329\Documents\GitHub\EM-3DMotion\Microsac\population_results_inventory\060_Jim_FST_20Sep2023_3DMotionStim_MUA,Ready,Resolved without analysis because DryRun is true.,NaN,NaN,NaN,0
61,22-Sep-2023,Jim,MT,P:\Jim\NeuroData\20230922\,P:\Jim\NeuroData\20230922\Jim_MT_22Sep2023_3DMotionStim_MUA_TInfo.mat,P:\Jim\NeuroData\20230922\Jim_MT_22Sep2023_3DMotionStim_MUA_SelIndex.mat,C:\Users\zzhu329\Documents\GitHub\EM-3DMotion\Microsac\population_results_inventory\061_Jim_MT_22Sep2023_3DMotionStim_MUA,Ready,Resolved without analysis because DryRun is true.,NaN,NaN,NaN,0
62,28-Sep-2023,Jim,MT,P:\Jim\NeuroData\20230928\,P:\Jim\NeuroData\20230928\Jim_MT_28Sep2023_3DMotionStim_MUA_TInfo.mat,P:\Jim\NeuroData\20230928\Jim_MT_28Sep2023_3DMotionStim_MUA_SelIndex.mat,C:\Users\zzhu329\Documents\GitHub\EM-3DMotion\Microsac\population_results_inventory\062_Jim_MT_28Sep2023_3DMotionStim_MUA,Ready,Resolved without analysis because DryRun is true.,NaN,NaN,NaN,0
63,29-Sep-2023,Jim,FST,P:\Jim\NeuroData\20230929\,P:\Jim\NeuroData\20230929\Jim_FST_29Sep2023_3DMotionStim_MUA_TInfo.mat,P:\Jim\NeuroData\20230929\Jim_FST_29Sep2023_3DMotionStim_MUA_SelIndex.mat,C:\Users\zzhu329\Documents\GitHub\EM-3DMotion\Microsac\population_results_inventory\063_Jim_FST_29Sep2023_3DMotionStim_MUA,Ready,Resolved without analysis because DryRun is true.,NaN,NaN,NaN,0
64,23-Oct-2023,Jim,FST,P:\Jim\NeuroData\20231023\,P:\Jim\NeuroData\20231023\Jim_FST_23Oct2023_3DMotionStim_MUA_TInfo.mat,P:\Jim\NeuroData\20231023\Jim_FST_23Oct2023_3DMotionStim_MUA_SelIndex.mat,C:\Users\zzhu329\Documents\GitHub\EM-3DMotion\Microsac\population_results_inventory\064_Jim_FST_23Oct2023_3DMotionStim_MUA,Ready,Resolved without analysis because DryRun is true.,NaN,NaN,NaN,0
65,25-Oct-2023,Jim,FST,P:\Jim\NeuroData\20231025\,P:\Jim\NeuroData\20231025\Jim_FST_25Oct2023_3DMotionStim_MUA_TInfo.mat,P:\Jim\NeuroData\20231025\Jim_FST_25Oct2023_3DMotionStim_MUA_SelIndex.mat,C:\Users\zzhu329\Documents\GitHub\EM-3DMotion\Microsac\population_results_inventory\065_Jim_FST_25Oct2023_3DMotionStim_MUA,Ready,Resolved without analysis because DryRun is true.,NaN,NaN,NaN,0
66,27-Oct-2023,Jim,MT,P:\Jim\NeuroData\20231027\,P:\Jim\NeuroData\20231027\Jim_FST_27Oct2023_3DMotionStim_MUA_TInfo.mat,P:\Jim\NeuroData\20231027\Jim_FST_27Oct2023_3DMotionStim_MUA_SelIndex.mat,C:\Users\zzhu329\Documents\GitHub\EM-3DMotion\Microsac\population_results_inventory\066_Jim_FST_27Oct2023_3DMotionStim_MUA,Ready,Resolved without analysis because DryRun is true.,NaN,NaN,NaN,0
67,01-Nov-2023,Jim,MT,P:\Jim\NeuroData\20231101\,P:\Jim\NeuroData\20231101\Jim_MT_01Nov2023_3DMotionStim_MUA_TInfo.mat,P:\Jim\NeuroData\20231101\Jim_MT_01Nov2023_3DMotionStim_MUA_SelIndex.mat,C:\Users\zzhu329\Documents\GitHub\EM-3DMotion\Microsac\population_results_inventory\067_Jim_MT_01Nov2023_3DMotionStim_MUA,Ready,Resolved without analysis because DryRun is true.,NaN,NaN,NaN,0
68,06-Dec-2023,Jim,MT,P:\Jim\NeuroData\20231206\,P:\Jim\NeuroData\20231206\Jim_MT_06Dec2023_3DMotionStim_MUA_TInfo.mat,P:\Jim\NeuroData\20231206\Jim_MT_06Dec2023_3DMotionStim_MUA_SelIndex.mat,C:\Users\zzhu329\Documents\GitHub\EM-3DMotion\Microsac\population_results_inventory\068_Jim_MT_06Dec2023_3DMotionStim_MUA,Ready,Resolved without analysis because DryRun is true.,NaN,NaN,NaN,0
69,08-Dec-2023,Jim,FST,P:\Jim\NeuroData\20231208\,P:\Jim\NeuroData\20231208\Jim_FST_08Dec2023_3DMotionStim_MUA_TInfo.mat,P:\Jim\NeuroData\20231208\Jim_FST_08Dec2023_3DMotionStim_MUA_SelIndex.mat,C:\Users\zzhu329\Documents\GitHub\EM-3DMotion\Microsac\population_results_inventory\069_Jim_FST_08Dec2023_3DMotionStim_MUA,Ready,Resolved without analysis because DryRun is true.,NaN,NaN,NaN,0
70,20-Dec-2023,Jim,FST,P:\Jim\NeuroData\20231220\,P:\Jim\NeuroData\20231220\Jim_FST_20Dec2023_3DMotionStim_MUA_TInfo.mat,P:\Jim\NeuroData\20231220\Jim_FST_20Dec2023_3DMotionStim_MUA_SelIndex.mat,C:\Users\zzhu329\Documents\GitHub\EM-3DMotion\Microsac\population_results_inventory\070_Jim_FST_20Dec2023_3DMotionStim_MUA,Ready,Resolved without analysis because DryRun is true.,NaN,NaN,NaN,0
71,21-Dec-2023,Jim,MT,P:\Jim\NeuroData\20231221\,P:\Jim\NeuroData\20231221\Jim_MT_21Dec2023_3DMotionStim_MUA_TInfo.mat,P:\Jim\NeuroData\20231221\Jim_MT_21Dec2023_3DMotionStim_MUA_SelIndex.mat,C:\Users\zzhu329\Documents\GitHub\EM-3DMotion\Microsac\population_results_inventory\071_Jim_MT_21Dec2023_3DMotionStim_MUA,Ready,Resolved without analysis because DryRun is true.,NaN,NaN,NaN,0
72,02-Jan-2024,Jim,FST,P:\Jim\NeuroData\20240102\,P:\Jim\NeuroData\20240102\Jim_FST_02Jan2024_3DMotionStim_MUA_TInfo.mat,P:\Jim\NeuroData\20240102\Jim_FST_02Jan2024_3DMotionStim_MUA_SelIndex.mat,C:\Users\zzhu329\Documents\GitHub\EM-3DMotion\Microsac\population_results_inventory\072_Jim_FST_02Jan2024_3DMotionStim_MUA,Ready,Resolved without analysis because DryRun is true.,NaN,NaN,NaN,0
73,09-Jan-2024,Jim,MT,P:\Jim\NeuroData\20240109\,P:\Jim\NeuroData\20240109\Jim_FST_09Jan2024_3DMotionStim_MUA_TInfo.mat,P:\Jim\NeuroData\20240109\Jim_FST_09Jan2024_3DMotionStim_MUA_SelIndex.mat,C:\Users\zzhu329\Documents\GitHub\EM-3DMotion\Microsac\population_results_inventory\073_Jim_FST_09Jan2024_3DMotionStim_MUA,Ready,Resolved without analysis because DryRun is true.,NaN,NaN,NaN,0
74,11-Jan-2024,Jim,FST,P:\Jim\NeuroData\20240111\,P:\Jim\NeuroData\20240111\Jim_FST_11Jan2024_3DMotionStim_MUA_TInfo.mat,P:\Jim\NeuroData\20240111\Jim_FST_11Jan2024_3DMotionStim_MUA_SelIndex.mat,C:\Users\zzhu329\Documents\GitHub\EM-3DMotion\Microsac\population_results_inventory\074_Jim_FST_11Jan2024_3DMotionStim_MUA,Ready,Resolved without analysis because DryRun is true.,NaN,NaN,NaN,0
75,16-Jan-2024,Jim,MT,P:\Jim\NeuroData\20240116\,P:\Jim\NeuroData\20240116\Jim_MT_16Jan2024_3DMotionStim_MUA_TInfo.mat,P:\Jim\NeuroData\20240116\Jim_MT_16Jan2024_3DMotionStim_MUA_SelIndex.mat,C:\Users\zzhu329\Documents\GitHub\EM-3DMotion\Microsac\population_results_inventory\075_Jim_MT_16Jan2024_3DMotionStim_MUA,Ready,Resolved without analysis because DryRun is true.,NaN,NaN,NaN,0
76,18-Jan-2024,Jim,FST,P:\Jim\NeuroData\20240118\,P:\Jim\NeuroData\20240118\Jim_FST_18Jan2024_3DMotionStim_MUA_TInfo.mat,P:\Jim\NeuroData\20240118\Jim_FST_18Jan2024_3DMotionStim_MUA_SelIndex.mat,C:\Users\zzhu329\Documents\GitHub\EM-3DMotion\Microsac\population_results_inventory\076_Jim_FST_18Jan2024_3DMotionStim_MUA,Ready,Resolved without analysis because DryRun is true.,NaN,NaN,NaN,0
77,07-Feb-2024,Jim,MT,P:\Jim\NeuroData\20240207\,P:\Jim\NeuroData\20240207\Jim_MT_07Feb2024_3DMotionStim_MUA_TInfo.mat,P:\Jim\NeuroData\20240207\Jim_MT_07Feb2024_3DMotionStim_MUA_SelIndex.mat,C:\Users\zzhu329\Documents\GitHub\EM-3DMotion\Microsac\population_results_inventory\077_Jim_MT_07Feb2024_3DMotionStim_MUA,Ready,Resolved without analysis because DryRun is true.,NaN,NaN,NaN,0
78,08-Feb-2024,Jim,FST,P:\Jim\NeuroData\20240208\,P:\Jim\NeuroData\20240208\Jim_FST_08Feb2024_3DMotionStim_MUA_TInfo.mat,P:\Jim\NeuroData\20240208\Jim_FST_08Feb2024_3DMotionStim_MUA_SelIndex.mat,C:\Users\zzhu329\Documents\GitHub\EM-3DMotion\Microsac\population_results_inventory\078_Jim_FST_08Feb2024_3DMotionStim_MUA,Ready,Resolved without analysis because DryRun is true.,NaN,NaN,NaN,0
79,14-Feb-2024,Jim,MT,P:\Jim\NeuroData\20240214\,P:\Jim\NeuroData\20240214\Jim_MT_14Feb2024_3DMotionStim_MUA_TInfo.mat,P:\Jim\NeuroData\20240214\Jim_MT_14Feb2024_3DMotionStim_MUA_SelIndex.mat,C:\Users\zzhu329\Documents\GitHub\EM-3DMotion\Microsac\population_results_inventory\079_Jim_MT_14Feb2024_3DMotionStim_MUA,Ready,Resolved without analysis because DryRun is true.,NaN,NaN,NaN,0
80,16-Feb-2024,Jim,FST,P:\Jim\NeuroData\20240216\,P:\Jim\NeuroData\20240216\Jim_FST_16Feb2024_3DMotionStim_MUA_TInfo.mat,P:\Jim\NeuroData\20240216\Jim_FST_16Feb2024_3DMotionStim_MUA_SelIndex.mat,C:\Users\zzhu329\Documents\GitHub\EM-3DMotion\Microsac\population_results_inventory\080_Jim_FST_16Feb2024_3DMotionStim_MUA,Ready,Resolved without analysis because DryRun is true.,NaN,NaN,NaN,0
81,20-Feb-2024,Jim,FST,P:\Jim\NeuroData\20240220\,P:\Jim\NeuroData\20240220\Jim_FST_20Feb2024_3DMotionStim_MUA_TInfo.mat,P:\Jim\NeuroData\20240220\Jim_FST_20Feb2024_3DMotionStim_MUA_SelIndex.mat,C:\Users\zzhu329\Documents\GitHub\EM-3DMotion\Microsac\population_results_inventory\081_Jim_FST_20Feb2024_3DMotionStim_MUA,Ready,Resolved without analysis because DryRun is true.,NaN,NaN,NaN,0
82,21-Feb-2024,Jim,FST,P:\Jim\NeuroData\20240221\,P:\Jim\NeuroData\20240221\Jim_FST_21Feb2024_3DMotionStim_MUA_TInfo.mat,P:\Jim\NeuroData\20240221\Jim_FST_21Feb2024_3DMotionStim_MUA_SelIndex.mat,C:\Users\zzhu329\Documents\GitHub\EM-3DMotion\Microsac\population_results_inventory\082_Jim_FST_21Feb2024_3DMotionStim_MUA,Ready,Resolved without analysis because DryRun is true.,NaN,NaN,NaN,0
83,22-Feb-2024,Jim,MT,P:\Jim\NeuroData\20240222\,P:\Jim\NeuroData\20240222\Jim_MT_22Feb2024_3DMotionStim_MUA_TInfo.mat,P:\Jim\NeuroData\20240222\Jim_MT_22Feb2024_3DMotionStim_MUA_SelIndex.mat,C:\Users\zzhu329\Documents\GitHub\EM-3DMotion\Microsac\population_results_inventory\083_Jim_MT_22Feb2024_3DMotionStim_MUA,Ready,Resolved without analysis because DryRun is true.,NaN,NaN,NaN,0
84,01-Mar-2024,Jim,FST,P:\Jim\NeuroData\20240301\,P:\Jim\NeuroData\20240301\Jim_FST_01Mar2024_3DMotionStim_MUA_TInfo.mat,P:\Jim\NeuroData\20240301\Jim_FST_01Mar2024_3DMotionStim_MUA_SelIndex.mat,C:\Users\zzhu329\Documents\GitHub\EM-3DMotion\Microsac\population_results_inventory\084_Jim_FST_01Mar2024_3DMotionStim_MUA,Ready,Resolved without analysis because DryRun is true.,NaN,NaN,NaN,0
85,05-Mar-2024,Jim,FST,P:\Jim\NeuroData\20240305\,P:\Jim\NeuroData\20240305\Jim_FST_05Mar2024_3DMotionStim_MUA_TInfo.mat,P:\Jim\NeuroData\20240305\Jim_FST_05Mar2024_3DMotionStim_MUA_SelIndex.mat,C:\Users\zzhu329\Documents\GitHub\EM-3DMotion\Microsac\population_results_inventory\085_Jim_FST_05Mar2024_3DMotionStim_MUA,Ready,Resolved without analysis because DryRun is true.,NaN,NaN,NaN,0
86,06-Mar-2024,Jim,FST,P:\Jim\NeuroData\20240306\,P:\Jim\NeuroData\20240306\Jim_FST_06Mar2024_3DMotionStim_MUA_TInfo.mat,P:\Jim\NeuroData\20240306\Jim_FST_06Mar2024_3DMotionStim_MUA_SelIndex.mat,C:\Users\zzhu329\Documents\GitHub\EM-3DMotion\Microsac\population_results_inventory\086_Jim_FST_06Mar2024_3DMotionStim_MUA,Ready,Resolved without analysis because DryRun is true.,NaN,NaN,NaN,0
87,08-Mar-2024,Jim,MT,P:\Jim\NeuroData\20240308\,P:\Jim\NeuroData\20240308\Jim_MT_08Mar2024_3DMotionStim_MUA_TInfo.mat,P:\Jim\NeuroData\20240308\Jim_MT_08Mar2024_3DMotionStim_MUA_SelIndex.mat,C:\Users\zzhu329\Documents\GitHub\EM-3DMotion\Microsac\population_results_inventory\087_Jim_MT_08Mar2024_3DMotionStim_MUA,Ready,Resolved without analysis because DryRun is true.,NaN,NaN,NaN,0
88,12-Mar-2024,Jim,FST,P:\Jim\NeuroData\20240312\,P:\Jim\NeuroData\20240312\Jim_FST_12Mar2024_3DMotionStim_MUA_TInfo.mat,P:\Jim\NeuroData\20240312\Jim_FST_12Mar2024_3DMotionStim_MUA_SelIndex.mat,C:\Users\zzhu329\Documents\GitHub\EM-3DMotion\Microsac\population_results_inventory\088_Jim_FST_12Mar2024_3DMotionStim_MUA,Ready,Resolved without analysis because DryRun is true.,NaN,NaN,NaN,0
89,13-Mar-2024,Jim,MT,P:\Jim\NeuroData\20240313\,P:\Jim\NeuroData\20240313\Jim_MT_13Mar2024_3DMotionStim_MUA_TInfo.mat,P:\Jim\NeuroData\20240313\Jim_MT_13Mar2024_3DMotionStim_MUA_SelIndex.mat,C:\Users\zzhu329\Documents\GitHub\EM-3DMotion\Microsac\population_results_inventory\089_Jim_MT_13Mar2024_3DMotionStim_MUA,Ready,Resolved without analysis because DryRun is true.,NaN,NaN,NaN,0
90,14-Mar-2024,Jim,MT,P:\Jim\NeuroData\20240314\,P:\Jim\NeuroData\20240314\Jim_MT_14Mar2024_3DMotionStim_MUA_TInfo.mat,P:\Jim\NeuroData\20240314\Jim_MT_14Mar2024_3DMotionStim_MUA_SelIndex.mat,C:\Users\zzhu329\Documents\GitHub\EM-3DMotion\Microsac\population_results_inventory\090_Jim_MT_14Mar2024_3DMotionStim_MUA,Ready,Resolved without analysis because DryRun is true.,NaN,NaN,NaN,0
91,19-Mar-2024,Jim,MT,P:\Jim\NeuroData\20240319\,P:\Jim\NeuroData\20240319\Jim_FST_19Mar2024_3DMotionStim_MUA_TInfo.mat,P:\Jim\NeuroData\20240319\Jim_FST_19Mar2024_3DMotionStim_MUA_SelIndex.mat,C:\Users\zzhu329\Documents\GitHub\EM-3DMotion\Microsac\population_results_inventory\091_Jim_FST_19Mar2024_3DMotionStim_MUA,Ready,Resolved without analysis because DryRun is true.,NaN,NaN,NaN,0
92,20-Mar-2024,Jim,FST,P:\Jim\NeuroData\20240320\,P:\Jim\NeuroData\20240320\Jim_FST_20Mar2024_3DMotionStim_MUA_TInfo.mat,P:\Jim\NeuroData\20240320\Jim_FST_20Mar2024_3DMotionStim_MUA_SelIndex.mat,C:\Users\zzhu329\Documents\GitHub\EM-3DMotion\Microsac\population_results_inventory\092_Jim_FST_20Mar2024_3DMotionStim_MUA,Ready,Resolved without analysis because DryRun is true.,NaN,NaN,NaN,0
93,21-Mar-2024,Jim,MT,P:\Jim\NeuroData\20240321\,P:\Jim\NeuroData\20240321\Jim_MT_21Mar2024_3DMotionStim_MUA_TInfo.mat,P:\Jim\NeuroData\20240321\Jim_MT_21Mar2024_3DMotionStim_MUA_SelIndex.mat,C:\Users\zzhu329\Documents\GitHub\EM-3DMotion\Microsac\population_results_inventory\093_Jim_MT_21Mar2024_3DMotionStim_MUA,Ready,Resolved without analysis because DryRun is true.,NaN,NaN,NaN,0
94,26-Mar-2024,Jim,MT,P:\Jim\NeuroData\20240326\,P:\Jim\NeuroData\20240326\Jim_MT_26Mar2024_3DMotionStim_MUA_TInfo.mat,P:\Jim\NeuroData\20240326\Jim_MT_26Mar2024_3DMotionStim_MUA_SelIndex.mat,C:\Users\zzhu329\Documents\GitHub\EM-3DMotion\Microsac\population_results_inventory\094_Jim_MT_26Mar2024_3DMotionStim_MUA,Ready,Resolved without analysis because DryRun is true.,NaN,NaN,NaN,0
95,11-Apr-2024,Jim,FST,P:\Jim\NeuroData\20240411\,P:\Jim\NeuroData\20240411\Jim_FST_11Apr2024_3DMotionStim_MUA_TInfo.mat,P:\Jim\NeuroData\20240411\Jim_FST_11Apr2024_3DMotionStim_MUA_SelIndex.mat,C:\Users\zzhu329\Documents\GitHub\EM-3DMotion\Microsac\population_results_inventory\095_Jim_FST_11Apr2024_3DMotionStim_MUA,Ready,Resolved without analysis because DryRun is true.,NaN,NaN,NaN,0
96,16-Apr-2024,Jim,MT,P:\Jim\NeuroData\20240416\,P:\Jim\NeuroData\20240416\Jim_FST_16Apr2024_3DMotionStim_MUA_TInfo.mat,P:\Jim\NeuroData\20240416\Jim_FST_16Apr2024_3DMotionStim_MUA_SelIndex.mat,C:\Users\zzhu329\Documents\GitHub\EM-3DMotion\Microsac\population_results_inventory\096_Jim_FST_16Apr2024_3DMotionStim_MUA,Ready,Resolved without analysis because DryRun is true.,NaN,NaN,NaN,0
97,18-Apr-2024,Jim,FST,P:\Jim\NeuroData\20240418\,P:\Jim\NeuroData\20240418\Jim_FST_18Apr2024_3DMotionStim_MUA_TInfo.mat,P:\Jim\NeuroData\20240418\Jim_FST_18Apr2024_3DMotionStim_MUA_SelIndex.mat,C:\Users\zzhu329\Documents\GitHub\EM-3DMotion\Microsac\population_results_inventory\097_Jim_FST_18Apr2024_3DMotionStim_MUA,Ready,Resolved without analysis because DryRun is true.,NaN,NaN,NaN,0
98,23-Apr-2024,Jim,FST,P:\Jim\NeuroData\20240423\,P:\Jim\NeuroData\20240423\Jim_FST_23Mar2024_3DMotionStim_MUA_TInfo.mat,P:\Jim\NeuroData\20240423\Jim_FST_23Mar2024_3DMotionStim_MUA_SelIndex.mat,C:\Users\zzhu329\Documents\GitHub\EM-3DMotion\Microsac\population_results_inventory\098_Jim_FST_23Mar2024_3DMotionStim_MUA,Ready,Resolved without analysis because DryRun is true.,NaN,NaN,NaN,0
99,25-Apr-2024,Jim,MT,P:\Jim\NeuroData\20240425\,P:\Jim\NeuroData\20240425\Jim_MT_25Apr2024_3DMotionStim_MUA_TInfo.mat,P:\Jim\NeuroData\20240425\Jim_MT_25Apr2024_3DMotionStim_MUA_SelIndex.mat,C:\Users\zzhu329\Documents\GitHub\EM-3DMotion\Microsac\population_results_inventory\099_Jim_MT_25Apr2024_3DMotionStim_MUA,Ready,Resolved without analysis because DryRun is true.,NaN,NaN,NaN,0
100,26-Apr-2024,Jim,MT,P:\Jim\NeuroData\20240426\,P:\Jim\NeuroData\20240426\Jim_FST_26Apr2024_3DMotionStim_MUA_TInfo.mat,P:\Jim\NeuroData\20240426\Jim_FST_26Apr2024_3DMotionStim_MUA_SelIndex.mat,C:\Users\zzhu329\Documents\GitHub\EM-3DMotion\Microsac\population_results_inventory\100_Jim_FST_26Apr2024_3DMotionStim_MUA,Ready,Resolved without analysis because DryRun is true.,NaN,NaN,NaN,0
101,01-May-2024,Jim,FST,P:\Jim\NeuroData\20240501\,P:\Jim\NeuroData\20240501\Jim_FST_01May2024_3DMotionStim_MUA_TInfo.mat,P:\Jim\NeuroData\20240501\Jim_FST_01May2024_3DMotionStim_MUA_SelIndex.mat,C:\Users\zzhu329\Documents\GitHub\EM-3DMotion\Microsac\population_results_inventory\101_Jim_FST_01May2024_3DMotionStim_MUA,Ready,Resolved without analysis because DryRun is true.,NaN,NaN,NaN,0
102,08-May-2024,Jim,FST,P:\Jim\NeuroData\20240508\,P:\Jim\NeuroData\20240508\Jim_FST_08May2024_3DMotionStim_MUA_TInfo.mat,P:\Jim\NeuroData\20240508\Jim_FST_08May2024_3DMotionStim_MUA_SelIndex.mat,C:\Users\zzhu329\Documents\GitHub\EM-3DMotion\Microsac\population_results_inventory\102_Jim_FST_08May2024_3DMotionStim_MUA,Ready,Resolved without analysis because DryRun is true.,NaN,NaN,NaN,0
103,10-May-2024,Jim,FST,P:\Jim\NeuroData\20240510\,P:\Jim\NeuroData\20240510\Jim_FST_10May2024_3DMotionStim_MUA_TInfo.mat,P:\Jim\NeuroData\20240510\Jim_FST_10May2024_3DMotionStim_MUA_SelIndex.mat,C:\Users\zzhu329\Documents\GitHub\EM-3DMotion\Microsac\population_results_inventory\103_Jim_FST_10May2024_3DMotionStim_MUA,Ready,Resolved without analysis because DryRun is true.,NaN,NaN,NaN,0
104,24-May-2024,Jim,MT,P:\Jim\NeuroData\20240524\,P:\Jim\NeuroData\20240524\Jim_MT_24May2024_3DMotionStim_MUA_TInfo.mat,P:\Jim\NeuroData\20240524\Jim_MT_24May2024_3DMotionStim_MUA_SelIndex.mat,C:\Users\zzhu329\Documents\GitHub\EM-3DMotion\Microsac\population_results_inventory\104_Jim_MT_24May2024_3DMotionStim_MUA,Ready,Resolved without analysis because DryRun is true.,NaN,NaN,NaN,0
105,11-Jun-2024,Jim,FST,P:\Jim\NeuroData\20240611\,P:\Jim\NeuroData\20240611\Jim_FST_11Jun2024_3DMotionStim_MUA_TInfo.mat,P:\Jim\NeuroData\20240611\Jim_FST_11Jun2024_3DMotionStim_MUA_SelIndex.mat,C:\Users\zzhu329\Documents\GitHub\EM-3DMotion\Microsac\population_results_inventory\105_Jim_FST_11Jun2024_3DMotionStim_MUA,Ready,Resolved without analysis because DryRun is true.,NaN,NaN,NaN,0
106,12-Jun-2024,Jim,FST,P:\Jim\NeuroData\20240612\,P:\Jim\NeuroData\20240612\Jim_FST_12Jun2024_3DMotionStim_MUA_TInfo.mat,P:\Jim\NeuroData\20240612\Jim_FST_12Jun2024_3DMotionStim_MUA_SelIndex.mat,C:\Users\zzhu329\Documents\GitHub\EM-3DMotion\Microsac\population_results_inventory\106_Jim_FST_12Jun2024_3DMotionStim_MUA,Ready,Resolved without analysis because DryRun is true.,NaN,NaN,NaN,0
107,13-Jun-2024,Jim,MT,P:\Jim\NeuroData\20240613\,P:\Jim\NeuroData\20240613\Jim_MT_13Jun2024_3DMotionStim_MUA_TInfo.mat,P:\Jim\NeuroData\20240613\Jim_MT_13Jun2024_3DMotionStim_MUA_SelIndex.mat,C:\Users\zzhu329\Documents\GitHub\EM-3DMotion\Microsac\population_results_inventory\107_Jim_MT_13Jun2024_3DMotionStim_MUA,Ready,Resolved without analysis because DryRun is true.,NaN,NaN,NaN,0
108,14-Jun-2024,Jim,FST,P:\Jim\NeuroData\20240614\,P:\Jim\NeuroData\20240614\Jim_FST_14Jun2024_3DMotionStim_MUA_TInfo.mat,P:\Jim\NeuroData\20240614\Jim_FST_14Jun2024_3DMotionStim_MUA_SelIndex.mat,C:\Users\zzhu329\Documents\GitHub\EM-3DMotion\Microsac\population_results_inventory\108_Jim_FST_14Jun2024_3DMotionStim_MUA,Ready,Resolved without analysis because DryRun is true.,NaN,NaN,NaN,0
109,17-Jun-2024,Jim,FST,P:\Jim\NeuroData\20240617\,P:\Jim\NeuroData\20240617\Jim_FST_17Jun2024_3DMotionStim_MUA_TInfo.mat,P:\Jim\NeuroData\20240617\Jim_FST_17Jun2024_3DMotionStim_MUA_SelIndex.mat,C:\Users\zzhu329\Documents\GitHub\EM-3DMotion\Microsac\population_results_inventory\109_Jim_FST_17Jun2024_3DMotionStim_MUA,Ready,Resolved without analysis because DryRun is true.,NaN,NaN,NaN,0
110,18-Jun-2024,Jim,FST,P:\Jim\NeuroData\20240618\,P:\Jim\NeuroData\20240618\Jim_FST_18Jun2024_3DMotionStim_MUA_TInfo.mat,P:\Jim\NeuroData\20240618\Jim_FST_18Jun2024_3DMotionStim_MUA_SelIndex.mat,C:\Users\zzhu329\Documents\GitHub\EM-3DMotion\Microsac\population_results_inventory\110_Jim_FST_18Jun2024_3DMotionStim_MUA,Ready,Resolved without analysis because DryRun is true.,NaN,NaN,NaN,0
111,21-Jun-2024,Jim,FST,P:\Jim\NeuroData\20240621\,P:\Jim\NeuroData\20240621\Jim_FST_21Jun2024_3DMotionStim_MUA_TInfo.mat,P:\Jim\NeuroData\20240621\Jim_FST_21Jun2024_3DMotionStim_MUA_SelIndex.mat,C:\Users\zzhu329\Documents\GitHub\EM-3DMotion\Microsac\population_results_inventory\111_Jim_FST_21Jun2024_3DMotionStim_MUA,Ready,Resolved without analysis because DryRun is true.,NaN,NaN,NaN,0
112,25-Jun-2024,Jim,FST,P:\Jim\NeuroData\20240625\,P:\Jim\NeuroData\20240625\Jim_FST_25Jun2024_3DMotionStim_MUA_TInfo.mat,P:\Jim\NeuroData\20240625\Jim_FST_25Jun2024_3DMotionStim_MUA_SelIndex.mat,C:\Users\zzhu329\Documents\GitHub\EM-3DMotion\Microsac\population_results_inventory\112_Jim_FST_25Jun2024_3DMotionStim_MUA,Ready,Resolved without analysis because DryRun is true.,NaN,NaN,NaN,0
113,28-Jun-2024,Jim,FST,P:\Jim\NeuroData\20240628\,P:\Jim\NeuroData\20240628\Jim_FST_28Jun2024_3DMotionStim_MUA_TInfo.mat,P:\Jim\NeuroData\20240628\Jim_FST_28Jun2024_3DMotionStim_MUA_SelIndex.mat,C:\Users\zzhu329\Documents\GitHub\EM-3DMotion\Microsac\population_results_inventory\113_Jim_FST_28Jun2024_3DMotionStim_MUA,Ready,Resolved without analysis because DryRun is true.,NaN,NaN,NaN,0
114,03-Jul-2024,Jim,FST,P:\Jim\NeuroData\20240703\,P:\Jim\NeuroData\20240703\Jim_FST_03Jul2024_3DMotionStim_MUA_TInfo.mat,P:\Jim\NeuroData\20240703\Jim_FST_03Jul2024_3DMotionStim_MUA_SelIndex.mat,C:\Users\zzhu329\Documents\GitHub\EM-3DMotion\Microsac\population_results_inventory\114_Jim_FST_03Jul2024_3DMotionStim_MUA,Ready,Resolved without analysis because DryRun is true.,NaN,NaN,NaN,0
115,10-Jul-2024,Jim,FST,P:\Jim\NeuroData\20240710\,P:\Jim\NeuroData\20240710\Jim_FST_10Jul2024_3DMotionStim_MUA_TInfo.mat,P:\Jim\NeuroData\20240710\Jim_FST_10Jul2024_3DMotionStim_MUA_SelIndex.mat,C:\Users\zzhu329\Documents\GitHub\EM-3DMotion\Microsac\population_results_inventory\115_Jim_FST_10Jul2024_3DMotionStim_MUA,Ready,Resolved without analysis because DryRun is true.,NaN,NaN,NaN,0
116,17-Jul-2024,Jim,FST,P:\Jim\NeuroData\20240717\,P:\Jim\NeuroData\20240717\Jim_FST_17Jul2024_3DMotionStim_MUA_TInfo.mat,P:\Jim\NeuroData\20240717\Jim_FST_17Jul2024_3DMotionStim_MUA_SelIndex.mat,C:\Users\zzhu329\Documents\GitHub\EM-3DMotion\Microsac\population_results_inventory\116_Jim_FST_17Jul2024_3DMotionStim_MUA,Ready,Resolved without analysis because DryRun is true.,NaN,NaN,NaN,0
117,24-Jul-2024,Jim,FST,P:\Jim\NeuroData\20240724\,P:\Jim\NeuroData\20240724\Jim_FST_24Jul2024_3DMotionStim_MUA_TInfo.mat,P:\Jim\NeuroData\20240724\Jim_FST_24Jul2024_3DMotionStim_MUA_SelIndex.mat,C:\Users\zzhu329\Documents\GitHub\EM-3DMotion\Microsac\population_results_inventory\117_Jim_FST_24Jul2024_3DMotionStim_MUA,Ready,Resolved without analysis because DryRun is true.,NaN,NaN,NaN,0
118,26-Jul-2024,Jim,FST,P:\Jim\NeuroData\20240726\,P:\Jim\NeuroData\20240726\Jim_FST_26Jul2024_3DMotionStim_MUA_TInfo.mat,P:\Jim\NeuroData\20240726\Jim_FST_26Jul2024_3DMotionStim_MUA_SelIndex.mat,C:\Users\zzhu329\Documents\GitHub\EM-3DMotion\Microsac\population_results_inventory\118_Jim_FST_26Jul2024_3DMotionStim_MUA,Ready,Resolved without analysis because DryRun is true.,NaN,NaN,NaN,0
119,31-Jul-2024,Jim,FST,P:\Jim\NeuroData\20240731\,P:\Jim\NeuroData\20240731\Jim_FST_31Jul2024_3DMotionStim_MUA_TInfo.mat,P:\Jim\NeuroData\20240731\Jim_FST_31Jul2024_3DMotionStim_MUA_SelIndex.mat,C:\Users\zzhu329\Documents\GitHub\EM-3DMotion\Microsac\population_results_inventory\119_Jim_FST_31Jul2024_3DMotionStim_MUA,Ready,Resolved without analysis because DryRun is true.,NaN,NaN,NaN,0
120,02-Aug-2024,Jim,FST,P:\Jim\NeuroData\20240802\,P:\Jim\NeuroData\20240802\Jim_FST_02Aug2024_3DMotionStim_MUA_TInfo.mat,P:\Jim\NeuroData\20240802\Jim_FST_02Aug2024_3DMotionStim_MUA_SelIndex.mat,C:\Users\zzhu329\Documents\GitHub\EM-3DMotion\Microsac\population_results_inventory\120_Jim_FST_02Aug2024_3DMotionStim_MUA,Ready,Resolved without analysis because DryRun is true.,NaN,NaN,NaN,0
121,07-Aug-2024,Jim,MT,P:\Jim\NeuroData\20240807\,P:\Jim\NeuroData\20240807\Jim_MT_07Aug2024_3DMotionStim_MUA_TInfo.mat,P:\Jim\NeuroData\20240807\Jim_MT_07Aug2024_3DMotionStim_MUA_SelIndex.mat,C:\Users\zzhu329\Documents\GitHub\EM-3DMotion\Microsac\population_results_inventory\121_Jim_MT_07Aug2024_3DMotionStim_MUA,Ready,Resolved without analysis because DryRun is true.,NaN,NaN,NaN,0
122,09-Aug-2024,Jim,FST,P:\Jim\NeuroData\20240809\,P:\Jim\NeuroData\20240809\Jim_FST_09Aug2024_3DMotionStim_MUA_TInfo.mat,P:\Jim\NeuroData\20240809\Jim_FST_09Aug2024_3DMotionStim_MUA_SelIndex.mat,C:\Users\zzhu329\Documents\GitHub\EM-3DMotion\Microsac\population_results_inventory\122_Jim_FST_09Aug2024_3DMotionStim_MUA,Ready,Resolved without analysis because DryRun is true.,NaN,NaN,NaN,0
123,14-Aug-2024,Jim,FST,P:\Jim\NeuroData\20240814\,P:\Jim\NeuroData\20240814\Jim_FST_14Aug2024_3DMotionStim_MUA_TInfo.mat,P:\Jim\NeuroData\20240814\Jim_FST_14Aug2024_3DMotionStim_MUA_SelIndex.mat,C:\Users\zzhu329\Documents\GitHub\EM-3DMotion\Microsac\population_results_inventory\123_Jim_FST_14Aug2024_3DMotionStim_MUA,Ready,Resolved without analysis because DryRun is true.,NaN,NaN,NaN,0
124,16-Aug-2024,Jim,FST,P:\Jim\NeuroData\20240816\,P:\Jim\NeuroData\20240816\Jim_FST_16Aug2024_3DMotionStim_MUA_TInfo.mat,P:\Jim\NeuroData\20240816\Jim_FST_16Aug2024_3DMotionStim_MUA_SelIndex.mat,C:\Users\zzhu329\Documents\GitHub\EM-3DMotion\Microsac\population_results_inventory\124_Jim_FST_16Aug2024_3DMotionStim_MUA,Ready,Resolved without analysis because DryRun is true.,NaN,NaN,NaN,0
125,21-Aug-2024,Jim,FST,P:\Jim\NeuroData\20240821\,P:\Jim\NeuroData\20240821\Jim_FST_21Aug2024_3DMotionStim_MUA_TInfo.mat,P:\Jim\NeuroData\20240821\Jim_FST_21Aug2024_3DMotionStim_MUA_SelIndex.mat,C:\Users\zzhu329\Documents\GitHub\EM-3DMotion\Microsac\population_results_inventory\125_Jim_FST_21Aug2024_3DMotionStim_MUA,Ready,Resolved without analysis because DryRun is true.,NaN,NaN,NaN,0
126,26-Aug-2024,Jim,FST,P:\Jim\NeuroData\20240826\,P:\Jim\NeuroData\20240826\Jim_FST_26Aug2024_3DMotionStim_MUA_TInfo.mat,P:\Jim\NeuroData\20240826\Jim_FST_26Aug2024_3DMotionStim_MUA_SelIndex.mat,C:\Users\zzhu329\Documents\GitHub\EM-3DMotion\Microsac\population_results_inventory\126_Jim_FST_26Aug2024_3DMotionStim_MUA,Ready,Resolved without analysis because DryRun is true.,NaN,NaN,NaN,0
127,30-Aug-2024,Jim,FST,P:\Jim\NeuroData\20240830\,P:\Jim\NeuroData\20240830\Jim_FST_3-Aug2024_3DMotionStim_MUA_TInfo.mat,P:\Jim\NeuroData\20240830\Jim_FST_3-Aug2024_3DMotionStim_MUA_SelIndex.mat,C:\Users\zzhu329\Documents\GitHub\EM-3DMotion\Microsac\population_results_inventory\127_Jim_FST_3-Aug2024_3DMotionStim_MUA,Ready,Resolved without analysis because DryRun is true.,NaN,NaN,NaN,0
128,06-Nov-2024,Jim,FST,P:\Jim\NeuroData\20241106\,P:\Jim\NeuroData\20241106\Jim_FST_06Nov2024_3DMotionStim_MUA_TInfo.mat,P:\Jim\NeuroData\20241106\Jim_FST_06Nov2024_3DMotionStim_MUA_SelIndex.mat,C:\Users\zzhu329\Documents\GitHub\EM-3DMotion\Microsac\population_results_inventory\128_Jim_FST_06Nov2024_3DMotionStim_MUA,Ready,Resolved without analysis because DryRun is true.,NaN,NaN,NaN,0
129,08-Nov-2024,Jim,FST,P:\Jim\NeuroData\20241108\,P:\Jim\NeuroData\20241108\Jim_FST_08Nov2024_3DMotionStim_MUA_TInfo.mat,P:\Jim\NeuroData\20241108\Jim_FST_08Nov2024_3DMotionStim_MUA_SelIndex.mat,C:\Users\zzhu329\Documents\GitHub\EM-3DMotion\Microsac\population_results_inventory\129_Jim_FST_08Nov2024_3DMotionStim_MUA,Ready,Resolved without analysis because DryRun is true.,NaN,NaN,NaN,0
130,13-Nov-2024,Jim,FST,P:\Jim\NeuroData\20241113\,P:\Jim\NeuroData\20241113\Jim_FST_13Nov2024_3DMotionStim_MUA_TInfo.mat,P:\Jim\NeuroData\20241113\Jim_FST_13Nov2024_3DMotionStim_MUA_SelIndex.mat,C:\Users\zzhu329\Documents\GitHub\EM-3DMotion\Microsac\population_results_inventory\130_Jim_FST_13Nov2024_3DMotionStim_MUA,Ready,Resolved without analysis because DryRun is true.,NaN,NaN,NaN,0
131,19-Nov-2024,Jim,FST,P:\Jim\NeuroData\20241119\,P:\Jim\NeuroData\20241119\Jim_FST_19Nov2024_3DMotionStim_MUA_TInfo.mat,P:\Jim\NeuroData\20241119\Jim_FST_19Nov2024_3DMotionStim_MUA_SelIndex.mat,C:\Users\zzhu329\Documents\GitHub\EM-3DMotion\Microsac\population_results_inventory\131_Jim_FST_19Nov2024_3DMotionStim_MUA,Ready,Resolved without analysis because DryRun is true.,NaN,NaN,NaN,0
132,20-Nov-2024,Jim,FST,P:\Jim\NeuroData\20241120\,P:\Jim\NeuroData\20241120\Jim_FST_20Nov2024_3DMotionStim_MUA_TInfo.mat,P:\Jim\NeuroData\20241120\Jim_FST_20Nov2024_3DMotionStim_MUA_SelIndex.mat,C:\Users\zzhu329\Documents\GitHub\EM-3DMotion\Microsac\population_results_inventory\132_Jim_FST_20Nov2024_3DMotionStim_MUA,Ready,Resolved without analysis because DryRun is true.,NaN,NaN,NaN,0
133,22-Nov-2024,Jim,FST,P:\Jim\NeuroData\20241122\,P:\Jim\NeuroData\20241122\Jim_FST_22Nov2024_3DMotionStim_MUA_TInfo.mat,P:\Jim\NeuroData\20241122\Jim_FST_22Nov2024_3DMotionStim_MUA_SelIndex.mat,C:\Users\zzhu329\Documents\GitHub\EM-3DMotion\Microsac\population_results_inventory\133_Jim_FST_22Nov2024_3DMotionStim_MUA,Ready,Resolved without analysis because DryRun is true.,NaN,NaN,NaN,0
134,25-Nov-2024,Jim,FST,P:\Jim\NeuroData\20241125\,P:\Jim\NeuroData\20241125\Jim_FST_25Nov2024_3DMotionStim_MUA_TInfo.mat,P:\Jim\NeuroData\20241125\Jim_FST_25Nov2024_3DMotionStim_MUA_SelIndex.mat,C:\Users\zzhu329\Documents\GitHub\EM-3DMotion\Microsac\population_results_inventory\134_Jim_FST_25Nov2024_3DMotionStim_MUA,Ready,Resolved without analysis because DryRun is true.,NaN,NaN,NaN,0
135,27-Nov-2024,Jim,FST,P:\Jim\NeuroData\20241127\,P:\Jim\NeuroData\20241127\Jim_FST_27Nov2024_3DMotionStim_MUA_TInfo.mat,P:\Jim\NeuroData\20241127\Jim_FST_27Nov2024_3DMotionStim_MUA_SelIndex.mat,C:\Users\zzhu329\Documents\GitHub\EM-3DMotion\Microsac\population_results_inventory\135_Jim_FST_27Nov2024_3DMotionStim_MUA,Ready,Resolved without analysis because DryRun is true.,NaN,NaN,NaN,0
136,04-Dec-2024,Jim,FST,P:\Jim\NeuroData\20241204\,P:\Jim\NeuroData\20241204\Jim_FST_04Dec2024_3DMotionStim_MUA_TInfo.mat,P:\Jim\NeuroData\20241204\Jim_FST_04Dec2024_3DMotionStim_MUA_SelIndex.mat,C:\Users\zzhu329\Documents\GitHub\EM-3DMotion\Microsac\population_results_inventory\136_Jim_FST_04Dec2024_3DMotionStim_MUA,Ready,Resolved without analysis because DryRun is true.,NaN,NaN,NaN,0
137,06-Dec-2024,Jim,FST,P:\Jim\NeuroData\20241206\,P:\Jim\NeuroData\20241206\Jim_FST_06Dec2024_3DMotionStim_MUA_TInfo.mat,P:\Jim\NeuroData\20241206\Jim_FST_06Dec2024_3DMotionStim_MUA_SelIndex.mat,C:\Users\zzhu329\Documents\GitHub\EM-3DMotion\Microsac\population_results_inventory\137_Jim_FST_06Dec2024_3DMotionStim_MUA,Ready,Resolved without analysis because DryRun is true.,NaN,NaN,NaN,0
138,10-Dec-2024,Jim,FST,P:\Jim\NeuroData\20241210\,P:\Jim\NeuroData\20241210\Jim_FST_10Dec2024_3DMotionStim_MUA_TInfo.mat,P:\Jim\NeuroData\20241210\Jim_FST_10Dec2024_3DMotionStim_MUA_SelIndex.mat,C:\Users\zzhu329\Documents\GitHub\EM-3DMotion\Microsac\population_results_inventory\138_Jim_FST_10Dec2024_3DMotionStim_MUA,Ready,Resolved without analysis because DryRun is true.,NaN,NaN,NaN,0
139,27-Dec-2024,Jim,FST,P:\Jim\NeuroData\20241227\,P:\Jim\NeuroData\20241227\Jim_FST_27Dec2024_3DMotionStim_MUA_TInfo.mat,P:\Jim\NeuroData\20241227\Jim_FST_27Dec2024_3DMotionStim_MUA_SelIndex.mat,C:\Users\zzhu329\Documents\GitHub\EM-3DMotion\Microsac\population_results_inventory\139_Jim_FST_27Dec2024_3DMotionStim_MUA,Ready,Resolved without analysis because DryRun is true.,NaN,NaN,NaN,0
140,08-Jan-2025,Jim,FST,P:\Jim\NeuroData\20250108\,P:\Jim\NeuroData\20250108\Jim_FST_08Jan2025_3DMotionStim_MUA_TInfo.mat,P:\Jim\NeuroData\20250108\Jim_FST_08Jan2025_3DMotionStim_MUA_SelIndex.mat,C:\Users\zzhu329\Documents\GitHub\EM-3DMotion\Microsac\population_results_inventory\140_Jim_FST_08Jan2025_3DMotionStim_MUA,Ready,Resolved without analysis because DryRun is true.,NaN,NaN,NaN,0
141,17-Jan-2025,Jim,FST,P:\Jim\NeuroData\20250117\,P:\Jim\NeuroData\20250117\Jim_FST_17Jan2025_3DMotionStim_MUA_TInfo.mat,P:\Jim\NeuroData\20250117\Jim_FST_17Jan2025_3DMotionStim_MUA_SelIndex.mat,C:\Users\zzhu329\Documents\GitHub\EM-3DMotion\Microsac\population_results_inventory\141_Jim_FST_17Jan2025_3DMotionStim_MUA,Ready,Resolved without analysis because DryRun is true.,NaN,NaN,NaN,0
142,22-Jan-2025,Jim,FST,P:\Jim\NeuroData\20250122\,P:\Jim\NeuroData\20250122\Jim_FST_22Jan2025_3DMotionStim_MUA_TInfo.mat,P:\Jim\NeuroData\20250122\Jim_FST_22Jan2025_3DMotionStim_MUA_SelIndex.mat,C:\Users\zzhu329\Documents\GitHub\EM-3DMotion\Microsac\population_results_inventory\142_Jim_FST_22Jan2025_3DMotionStim_MUA,Ready,Resolved without analysis because DryRun is true.,NaN,NaN,NaN,0
143,24-Jan-2025,Jim,FST,P:\Jim\NeuroData\20250124\,P:\Jim\NeuroData\20250124\Jim_FST_24Jan2025_3DMotionStim_MUA_TInfo.mat,P:\Jim\NeuroData\20250124\Jim_FST_24Jan2025_3DMotionStim_MUA_SelIndex.mat,C:\Users\zzhu329\Documents\GitHub\EM-3DMotion\Microsac\population_results_inventory\143_Jim_FST_24Jan2025_3DMotionStim_MUA,Ready,Resolved without analysis because DryRun is true.,NaN,NaN,NaN,0
144,05-Feb-2025,Jim,FST,P:\Jim\NeuroData\20250205\,P:\Jim\NeuroData\20250205\Jim_FST_05Feb2025_3DMotionStim_MUA_TInfo.mat,P:\Jim\NeuroData\20250205\Jim_FST_05Feb2025_3DMotionStim_MUA_SelIndex.mat,C:\Users\zzhu329\Documents\GitHub\EM-3DMotion\Microsac\population_results_inventory\144_Jim_FST_05Feb2025_3DMotionStim_MUA,Ready,Resolved without analysis because DryRun is true.,NaN,NaN,NaN,0
145,07-Feb-2025,Jim,FST,P:\Jim\NeuroData\20250207\,P:\Jim\NeuroData\20250207\Jim_FST_07Feb2025_3DMotionStim_MUA_TInfo.mat,P:\Jim\NeuroData\20250207\Jim_FST_07Feb2025_3DMotionStim_MUA_SelIndex.mat,C:\Users\zzhu329\Documents\GitHub\EM-3DMotion\Microsac\population_results_inventory\145_Jim_FST_07Feb2025_3DMotionStim_MUA,Ready,Resolved without analysis because DryRun is true.,NaN,NaN,NaN,0
146,11-Feb-2025,Jim,FST,P:\Jim\NeuroData\20250211\,P:\Jim\NeuroData\20250211\Jim_FST_11Feb2025_3DMotionStim_MUA_TInfo.mat,P:\Jim\NeuroData\20250211\Jim_FST_11Feb2025_3DMotionStim_MUA_SelIndex.mat,C:\Users\zzhu329\Documents\GitHub\EM-3DMotion\Microsac\population_results_inventory\146_Jim_FST_11Feb2025_3DMotionStim_MUA,Ready,Resolved without analysis because DryRun is true.,NaN,NaN,NaN,0
147,13-Feb-2025,Jim,FST,P:\Jim\NeuroData\20250213\,P:\Jim\NeuroData\20250213\Jim_FST_13Feb2025_3DMotionStim_MUA_TInfo.mat,P:\Jim\NeuroData\20250213\Jim_FST_13Feb2025_3DMotionStim_MUA_SelIndex.mat,C:\Users\zzhu329\Documents\GitHub\EM-3DMotion\Microsac\population_results_inventory\147_Jim_FST_13Feb2025_3DMotionStim_MUA,Ready,Resolved without analysis because DryRun is true.,NaN,NaN,NaN,0
148,17-Feb-2025,Jim,FST,P:\Jim\NeuroData\20250217\,P:\Jim\NeuroData\20250217\Jim_FST_17Feb2025_3DMotionStim_MUA_TInfo.mat,P:\Jim\NeuroData\20250217\Jim_FST_17Feb2025_3DMotionStim_MUA_SelIndex.mat,C:\Users\zzhu329\Documents\GitHub\EM-3DMotion\Microsac\population_results_inventory\148_Jim_FST_17Feb2025_3DMotionStim_MUA,Ready,Resolved without analysis because DryRun is true.,NaN,NaN,NaN,0
149,18-Feb-2025,Jim,FST,P:\Jim\NeuroData\20250218\,P:\Jim\NeuroData\20250218\Jim_FST_18Feb2025_3DMotionStim_MUA_TInfo.mat,P:\Jim\NeuroData\20250218\Jim_FST_18Feb2025_3DMotionStim_MUA_SelIndex.mat,C:\Users\zzhu329\Documents\GitHub\EM-3DMotion\Microsac\population_results_inventory\149_Jim_FST_18Feb2025_3DMotionStim_MUA,Ready,Resolved without analysis because DryRun is true.,NaN,NaN,NaN,0
150,10-Mar-2025,Jim,FST,P:\Jim\NeuroData\20250310\,P:\Jim\NeuroData\20250310\Jim_FST_10Mar2025_3DMotionStim_MUA_TInfo.mat,P:\Jim\NeuroData\20250310\Jim_FST_10Mar2025_3DMotionStim_MUA_SelIndex.mat,C:\Users\zzhu329\Documents\GitHub\EM-3DMotion\Microsac\population_results_inventory\150_Jim_FST_10Mar2025_3DMotionStim_MUA,Ready,Resolved without analysis because DryRun is true.,NaN,NaN,NaN,0
151,20-Mar-2025,Jim,FST,P:\Jim\NeuroData\20250320\,P:\Jim\NeuroData\20250320\Jim_FST_20Mar2025_3DMotionStim_MUA_TInfo.mat,P:\Jim\NeuroData\20250320\Jim_FST_20Mar2025_3DMotionStim_MUA_SelIndex.mat,C:\Users\zzhu329\Documents\GitHub\EM-3DMotion\Microsac\population_results_inventory\151_Jim_FST_20Mar2025_3DMotionStim_MUA,Ready,Resolved without analysis because DryRun is true.,NaN,NaN,NaN,0
152,16-Jul-2024,Clay,FST,P:\Clay\NeuroData\20240716\,P:\Clay\NeuroData\20240716\Clay_FST_16Jul2024_3DMotionStim_MUA_TInfo.mat,P:\Clay\NeuroData\20240716\Clay_FST_16Jul2024_3DMotionStim_MUA_SelIndex.mat,C:\Users\zzhu329\Documents\GitHub\EM-3DMotion\Microsac\population_results_inventory\152_Clay_FST_16Jul2024_3DMotionStim_MUA,Ready,Resolved without analysis because DryRun is true.,NaN,NaN,NaN,0
153,23-Jul-2024,Clay,FST,P:\Clay\NeuroData\20240723\,P:\Clay\NeuroData\20240723\Clay_FST_23Jul2024_3DMotionStim_MUA_TInfo.mat,P:\Clay\NeuroData\20240723\Clay_FST_23Jul2024_3DMotionStim_MUA_SelIndex.mat,C:\Users\zzhu329\Documents\GitHub\EM-3DMotion\Microsac\population_results_inventory\153_Clay_FST_23Jul2024_3DMotionStim_MUA,Ready,Resolved without analysis because DryRun is true.,NaN,NaN,NaN,0
154,30-Jul-2024,Clay,FST,P:\Clay\NeuroData\20240730\,P:\Clay\NeuroData\20240730\Clay_FST_30Jul2024_3DMotionStim_MUA_TInfo.mat,P:\Clay\NeuroData\20240730\Clay_FST_30Jul2024_3DMotionStim_MUA_SelIndex.mat,C:\Users\zzhu329\Documents\GitHub\EM-3DMotion\Microsac\population_results_inventory\154_Clay_FST_30Jul2024_3DMotionStim_MUA,Ready,Resolved without analysis because DryRun is true.,NaN,NaN,NaN,0
155,01-Aug-2024,Clay,FST,P:\Clay\NeuroData\20240801\,P:\Clay\NeuroData\20240801\Clay_FST_01Aug2024_3DMotionStim_MUA_TInfo.mat,P:\Clay\NeuroData\20240801\Clay_FST_01Aug2024_3DMotionStim_MUA_SelIndex.mat,C:\Users\zzhu329\Documents\GitHub\EM-3DMotion\Microsac\population_results_inventory\155_Clay_FST_01Aug2024_3DMotionStim_MUA,Ready,Resolved without analysis because DryRun is true.,NaN,NaN,NaN,0
156,06-Aug-2024,Clay,MT,P:\Clay\NeuroData\20240806\,P:\Clay\NeuroData\20240806\Clay_MT_06Aug2024_3DMotionStim_MUA_TInfo.mat,P:\Clay\NeuroData\20240806\Clay_MT_06Aug2024_3DMotionStim_MUA_SelIndex.mat,C:\Users\zzhu329\Documents\GitHub\EM-3DMotion\Microsac\population_results_inventory\156_Clay_MT_06Aug2024_3DMotionStim_MUA,Ready,Resolved without analysis because DryRun is true.,NaN,NaN,NaN,0
157,08-Aug-2024,Clay,FST,P:\Clay\NeuroData\20240808\,P:\Clay\NeuroData\20240808\Clay_FST_08Aug2024_3DMotionStim_MUA_TInfo.mat,P:\Clay\NeuroData\20240808\Clay_FST_08Aug2024_3DMotionStim_MUA_SelIndex.mat,C:\Users\zzhu329\Documents\GitHub\EM-3DMotion\Microsac\population_results_inventory\157_Clay_FST_08Aug2024_3DMotionStim_MUA,Ready,Resolved without analysis because DryRun is true.,NaN,NaN,NaN,0
158,13-Aug-2024,Clay,MT,P:\Clay\NeuroData\20240813\,P:\Clay\NeuroData\20240813\Clay_MT_13Aug2024_3DMotionStim_MUA_TInfo.mat,P:\Clay\NeuroData\20240813\Clay_MT_13Aug2024_3DMotionStim_MUA_SelIndex.mat,C:\Users\zzhu329\Documents\GitHub\EM-3DMotion\Microsac\population_results_inventory\158_Clay_MT_13Aug2024_3DMotionStim_MUA,Ready,Resolved without analysis because DryRun is true.,NaN,NaN,NaN,0
159,15-Aug-2024,Clay,MT,P:\Clay\NeuroData\20240815\,P:\Clay\NeuroData\20240815\Clay_MT_15Aug2024_3DMotionStim_MUA_TInfo.mat,P:\Clay\NeuroData\20240815\Clay_MT_15Aug2024_3DMotionStim_MUA_SelIndex.mat,C:\Users\zzhu329\Documents\GitHub\EM-3DMotion\Microsac\population_results_inventory\159_Clay_MT_15Aug2024_3DMotionStim_MUA,Ready,Resolved without analysis because DryRun is true.,NaN,NaN,NaN,0
160,20-Aug-2024,Clay,FST,P:\Clay\NeuroData\20240820\,P:\Clay\NeuroData\20240820\Clay_FST_20Aug2024_3DMotionStim_MUA_TInfo.mat,P:\Clay\NeuroData\20240820\Clay_FST_20Aug2024_3DMotionStim_MUA_SelIndex.mat,C:\Users\zzhu329\Documents\GitHub\EM-3DMotion\Microsac\population_results_inventory\160_Clay_FST_20Aug2024_3DMotionStim_MUA,Ready,Resolved without analysis because DryRun is true.,NaN,NaN,NaN,0
161,22-Aug-2024,Clay,FST,P:\Clay\NeuroData\20240822\,P:\Clay\NeuroData\20240822\Clay_FST_22Aug2024_3DMotionStim_MUA_TInfo.mat,P:\Clay\NeuroData\20240822\Clay_FST_22Aug2024_3DMotionStim_MUA_SelIndex.mat,C:\Users\zzhu329\Documents\GitHub\EM-3DMotion\Microsac\population_results_inventory\161_Clay_FST_22Aug2024_3DMotionStim_MUA,Ready,Resolved without analysis because DryRun is true.,NaN,NaN,NaN,0
162,29-Aug-2024,Clay,FST,P:\Clay\NeuroData\20240829\,P:\Clay\NeuroData\20240829\Clay_FST_29Aug2024_3DMotionStim_MUA_TInfo.mat,P:\Clay\NeuroData\20240829\Clay_FST_29Aug2024_3DMotionStim_MUA_SelIndex.mat,C:\Users\zzhu329\Documents\GitHub\EM-3DMotion\Microsac\population_results_inventory\162_Clay_FST_29Aug2024_3DMotionStim_MUA,Ready,Resolved without analysis because DryRun is true.,NaN,NaN,NaN,0
163,03-Sep-2024,Clay,MT,P:\Clay\NeuroData\20240903\,P:\Clay\NeuroData\20240903\Clay_MT_03Sep2024_3DMotionStim_MUA_TInfo.mat,P:\Clay\NeuroData\20240903\Clay_MT_03Sep2024_3DMotionStim_MUA_SelIndex.mat,C:\Users\zzhu329\Documents\GitHub\EM-3DMotion\Microsac\population_results_inventory\163_Clay_MT_03Sep2024_3DMotionStim_MUA,Ready,Resolved without analysis because DryRun is true.,NaN,NaN,NaN,0
164,05-Sep-2024,Clay,MT,P:\Clay\NeuroData\20240905\,P:\Clay\NeuroData\20240905\Clay_MT_05Sep2024_3DMotionStim_MUA_TInfo.mat,P:\Clay\NeuroData\20240905\Clay_MT_05Sep2024_3DMotionStim_MUA_SelIndex.mat,C:\Users\zzhu329\Documents\GitHub\EM-3DMotion\Microsac\population_results_inventory\164_Clay_MT_05Sep2024_3DMotionStim_MUA,Ready,Resolved without analysis because DryRun is true.,NaN,NaN,NaN,0
165,19-Sep-2024,Clay,MT,P:\Clay\NeuroData\20240919\,P:\Clay\NeuroData\20240919\Clay_MT_19Sep2024_3DMotionStim_MUA_TInfo.mat,P:\Clay\NeuroData\20240919\Clay_MT_19Sep2024_3DMotionStim_MUA_SelIndex.mat,C:\Users\zzhu329\Documents\GitHub\EM-3DMotion\Microsac\population_results_inventory\165_Clay_MT_19Sep2024_3DMotionStim_MUA,Ready,Resolved without analysis because DryRun is true.,NaN,NaN,NaN,0
166,26-Sep-2024,Clay,FST,P:\Clay\NeuroData\20240926\,P:\Clay\NeuroData\20240926\Clay_FST_26Sep2024_3DMotionStim_MUA_TInfo.mat,P:\Clay\NeuroData\20240926\Clay_FST_26Sep2024_3DMotionStim_MUA_SelIndex.mat,C:\Users\zzhu329\Documents\GitHub\EM-3DMotion\Microsac\population_results_inventory\166_Clay_FST_26Sep2024_3DMotionStim_MUA,Ready,Resolved without analysis because DryRun is true.,NaN,NaN,NaN,0
167,22-Oct-2024,Clay,MT,P:\Clay\NeuroData\20241022\,P:\Clay\NeuroData\20241022\Clay_MT_22Oct2024_3DMotionStim_MUA_TInfo.mat,P:\Clay\NeuroData\20241022\Clay_MT_22Oct2024_3DMotionStim_MUA_SelIndex.mat,C:\Users\zzhu329\Documents\GitHub\EM-3DMotion\Microsac\population_results_inventory\167_Clay_MT_22Oct2024_3DMotionStim_MUA,Ready,Resolved without analysis because DryRun is true.,NaN,NaN,NaN,0
168,12-Nov-2024,Clay,FST,P:\Clay\NeuroData\20241112\,P:\Clay\NeuroData\20241112\Clay_FST_12Nov2024_3DMotionStim_MUA_TInfo.mat,P:\Clay\NeuroData\20241112\Clay_FST_12Nov2024_3DMotionStim_MUA_SelIndex.mat,C:\Users\zzhu329\Documents\GitHub\EM-3DMotion\Microsac\population_results_inventory\168_Clay_FST_12Nov2024_3DMotionStim_MUA,Ready,Resolved without analysis because DryRun is true.,NaN,NaN,NaN,0
169,14-Nov-2024,Clay,FST,P:\Clay\NeuroData\20241114\,P:\Clay\NeuroData\20241114\Clay_FST_14Nov2024_3DMotionStim_MUA_TInfo.mat,P:\Clay\NeuroData\20241114\Clay_FST_14Nov2024_3DMotionStim_MUA_SelIndex.mat,C:\Users\zzhu329\Documents\GitHub\EM-3DMotion\Microsac\population_results_inventory\169_Clay_FST_14Nov2024_3DMotionStim_MUA,Ready,Resolved without analysis because DryRun is true.,NaN,NaN,NaN,0
170,21-Nov-2024,Clay,MT,P:\Clay\NeuroData\20241121\,P:\Clay\NeuroData\20241121\Clay_MT_21Nov2024_3DMotionStim_MUA_TInfo.mat,P:\Clay\NeuroData\20241121\Clay_MT_21Nov2024_3DMotionStim_MUA_SelIndex.mat,C:\Users\zzhu329\Documents\GitHub\EM-3DMotion\Microsac\population_results_inventory\170_Clay_MT_21Nov2024_3DMotionStim_MUA,Ready,Resolved without analysis because DryRun is true.,NaN,NaN,NaN,0
171,26-Nov-2024,Clay,MT,P:\Clay\NeuroData\20241126\,P:\Clay\NeuroData\20241126\Clay_MT_26Nov2024_3DMotionStim_MUA_TInfo.mat,P:\Clay\NeuroData\20241126\Clay_MT_26Nov2024_3DMotionStim_MUA_SelIndex.mat,C:\Users\zzhu329\Documents\GitHub\EM-3DMotion\Microsac\population_results_inventory\171_Clay_MT_26Nov2024_3DMotionStim_MUA,Ready,Resolved without analysis because DryRun is true.,NaN,NaN,NaN,0
172,28-Nov-2024,Clay,MT,P:\Clay\NeuroData\20241128\,P:\Clay\NeuroData\20241128\Clay_MT_28Nov2024_3DMotionStim_MUA_TInfo.mat,P:\Clay\NeuroData\20241128\Clay_MT_28Nov2024_3DMotionStim_MUA_SelIndex.mat,C:\Users\zzhu329\Documents\GitHub\EM-3DMotion\Microsac\population_results_inventory\172_Clay_MT_28Nov2024_3DMotionStim_MUA,Ready,Resolved without analysis because DryRun is true.,NaN,NaN,NaN,0
173,24-Dec-2024,Clay,MT,P:\Clay\NeuroData\20241224\,P:\Clay\NeuroData\20241224\Clay_MT_24Dec2024_3DMotionStim_MUA_TInfo.mat,P:\Clay\NeuroData\20241224\Clay_MT_24Dec2024_3DMotionStim_MUA_SelIndex.mat,C:\Users\zzhu329\Documents\GitHub\EM-3DMotion\Microsac\population_results_inventory\173_Clay_MT_24Dec2024_3DMotionStim_MUA,Ready,Resolved without analysis because DryRun is true.,NaN,NaN,NaN,0
174,26-Dec-2024,Clay,MT,P:\Clay\NeuroData\20241226\,P:\Clay\NeuroData\20241226\Clay_MT_26Dec2024_3DMotionStim_MUA_TInfo.mat,P:\Clay\NeuroData\20241226\Clay_MT_26Dec2024_3DMotionStim_MUA_SelIndex.mat,C:\Users\zzhu329\Documents\GitHub\EM-3DMotion\Microsac\population_results_inventory\174_Clay_MT_26Dec2024_3DMotionStim_MUA,Ready,Resolved without analysis because DryRun is true.,NaN,NaN,NaN,0
175,07-Jan-2025,Clay,FST,P:\Clay\NeuroData\20250107\,P:\Clay\NeuroData\20250107\Clay_FST_07Jan2025_3DMotionStim_MUA_TInfo.mat,P:\Clay\NeuroData\20250107\Clay_FST_07Jan2025_3DMotionStim_MUA_SelIndex.mat,C:\Users\zzhu329\Documents\GitHub\EM-3DMotion\Microsac\population_results_inventory\175_Clay_FST_07Jan2025_3DMotionStim_MUA,Ready,Resolved without analysis because DryRun is true.,NaN,NaN,NaN,0
176,09-Jan-2025,Clay,FST,P:\Clay\NeuroData\20250109\,P:\Clay\NeuroData\20250109\Clay_FST_09Jan2025_3DMotionStim_MUA_TInfo.mat,P:\Clay\NeuroData\20250109\Clay_FST_09Jan2025_3DMotionStim_MUA_SelIndex.mat,C:\Users\zzhu329\Documents\GitHub\EM-3DMotion\Microsac\population_results_inventory\176_Clay_FST_09Jan2025_3DMotionStim_MUA,Ready,Resolved without analysis because DryRun is true.,NaN,NaN,NaN,0
177,14-Jan-2025,Clay,MT,P:\Clay\NeuroData\20250114\,P:\Clay\NeuroData\20250114\Clay_MT_14Jan2025_3DMotionStim_MUA_TInfo.mat,P:\Clay\NeuroData\20250114\Clay_MT_14Jan2025_3DMotionStim_MUA_SelIndex.mat,C:\Users\zzhu329\Documents\GitHub\EM-3DMotion\Microsac\population_results_inventory\177_Clay_MT_14Jan2025_3DMotionStim_MUA,Ready,Resolved without analysis because DryRun is true.,NaN,NaN,NaN,0
178,16-Jan-2025,Clay,MT,P:\Clay\NeuroData\20250116\,P:\Clay\NeuroData\20250116\Clay_MT_16Jan2025_3DMotionStim_MUA_TInfo.mat,P:\Clay\NeuroData\20250116\Clay_MT_16Jan2025_3DMotionStim_MUA_SelIndex.mat,C:\Users\zzhu329\Documents\GitHub\EM-3DMotion\Microsac\population_results_inventory\178_Clay_MT_16Jan2025_3DMotionStim_MUA,Ready,Resolved without analysis because DryRun is true.,NaN,NaN,NaN,0
179,21-Jan-2025,Clay,MT,P:\Clay\NeuroData\20250121\,P:\Clay\NeuroData\20250121\Clay_MT_21Jan2025_3DMotionStim_MUA_TInfo.mat,P:\Clay\NeuroData\20250121\Clay_MT_21Jan2025_3DMotionStim_MUA_SelIndex.mat,C:\Users\zzhu329\Documents\GitHub\EM-3DMotion\Microsac\population_results_inventory\179_Clay_MT_21Jan2025_3DMotionStim_MUA,Ready,Resolved without analysis because DryRun is true.,NaN,NaN,NaN,0
180,23-Jan-2025,Clay,FST,P:\Clay\NeuroData\20250123\,P:\Clay\NeuroData\20250123\Clay_FST_23Jan2025_3DMotionStim_MUA_TInfo.mat,P:\Clay\NeuroData\20250123\Clay_FST_23Jan2025_3DMotionStim_MUA_SelIndex.mat,C:\Users\zzhu329\Documents\GitHub\EM-3DMotion\Microsac\population_results_inventory\180_Clay_FST_23Jan2025_3DMotionStim_MUA,Ready,Resolved without analysis because DryRun is true.,NaN,NaN,NaN,0
181,04-Feb-2025,Clay,MT,P:\Clay\NeuroData\20250204\,P:\Clay\NeuroData\20250204\Clay_MT_04Feb2025_3DMotionStim_MUA_TInfo.mat,P:\Clay\NeuroData\20250204\Clay_MT_04Feb2025_3DMotionStim_MUA_SelIndex.mat,C:\Users\zzhu329\Documents\GitHub\EM-3DMotion\Microsac\population_results_inventory\181_Clay_MT_04Feb2025_3DMotionStim_MUA,Ready,Resolved without analysis because DryRun is true.,NaN,NaN,NaN,0
182,06-Feb-2025,Clay,FST,P:\Clay\NeuroData\20250206\,P:\Clay\NeuroData\20250206\Clay_FST_06Feb2025_3DMotionStim_MUA_TInfo.mat,P:\Clay\NeuroData\20250206\Clay_FST_06Feb2025_3DMotionStim_MUA_SelIndex.mat,C:\Users\zzhu329\Documents\GitHub\EM-3DMotion\Microsac\population_results_inventory\182_Clay_FST_06Feb2025_3DMotionStim_MUA,Ready,Resolved without analysis because DryRun is true.,NaN,NaN,NaN,0
183,12-Feb-2025,Clay,FST,P:\Clay\NeuroData\20250212\,P:\Clay\NeuroData\20250212\Clay_FST_12Feb2025_3DMotionStim_MUA_TInfo.mat,P:\Clay\NeuroData\20250212\Clay_FST_12Feb2025_3DMotionStim_MUA_SelIndex.mat,C:\Users\zzhu329\Documents\GitHub\EM-3DMotion\Microsac\population_results_inventory\183_Clay_FST_12Feb2025_3DMotionStim_MUA,Ready,Resolved without analysis because DryRun is true.,NaN,NaN,NaN,0
184,14-Feb-2025,Clay,FST,P:\Clay\NeuroData\20250214\,P:\Clay\NeuroData\20250214\Clay_FST_14Feb2025_3DMotionStim_MUA_TInfo.mat,P:\Clay\NeuroData\20250214\Clay_FST_14Feb2025_3DMotionStim_MUA_SelIndex.mat,C:\Users\zzhu329\Documents\GitHub\EM-3DMotion\Microsac\population_results_inventory\184_Clay_FST_14Feb2025_3DMotionStim_MUA,Ready,Resolved without analysis because DryRun is true.,NaN,NaN,NaN,0
185,19-Feb-2025,Clay,MT,P:\Clay\NeuroData\20250219\,P:\Clay\NeuroData\20250219\Clay_MT_19Feb2025_3DMotionStim_MUA_TInfo.mat,P:\Clay\NeuroData\20250219\Clay_MT_19Feb2025_3DMotionStim_MUA_SelIndex.mat,C:\Users\zzhu329\Documents\GitHub\EM-3DMotion\Microsac\population_results_inventory\185_Clay_MT_19Feb2025_3DMotionStim_MUA,Ready,Resolved without analysis because DryRun is true.,NaN,NaN,NaN,0
186,26-Feb-2025,Clay,MT,P:\Clay\NeuroData\20250226\,P:\Clay\NeuroData\20250226\Clay_MT_26Feb2025_3DMotionStim_MUA_TInfo.mat,P:\Clay\NeuroData\20250226\Clay_MT_26Feb2025_3DMotionStim_MUA_SelIndex.mat,C:\Users\zzhu329\Documents\GitHub\EM-3DMotion\Microsac\population_results_inventory\186_Clay_MT_26Feb2025_3DMotionStim_MUA,Ready,Resolved without analysis because DryRun is true.,NaN,NaN,NaN,0
187,12-Mar-2025,Clay,FST,P:\Clay\NeuroData\20250312\,P:\Clay\NeuroData\20250312\Clay_FST_27Mar2025_3DMotionStim_MUA_TInfo.mat,P:\Clay\NeuroData\20250312\Clay_FST_27Mar2025_3DMotionStim_MUA_SelIndex.mat,C:\Users\zzhu329\Documents\GitHub\EM-3DMotion\Microsac\population_results_inventory\187_Clay_FST_27Mar2025_3DMotionStim_MUA,Ready,Resolved without analysis because DryRun is true.,NaN,NaN,NaN,0
188,14-Mar-2025,Clay,FST,P:\Clay\NeuroData\20250314\,P:\Clay\NeuroData\20250314\Clay_FST_14Mar2025_3DMotionStim_MUA_TInfo.mat,P:\Clay\NeuroData\20250314\Clay_FST_14Mar2025_3DMotionStim_MUA_SelIndex.mat,C:\Users\zzhu329\Documents\GitHub\EM-3DMotion\Microsac\population_results_inventory\188_Clay_FST_14Mar2025_3DMotionStim_MUA,Ready,Resolved without analysis because DryRun is true.,NaN,NaN,NaN,0
189,21-Mar-2025,Clay,MT,P:\Clay\NeuroData\20250321\,P:\Clay\NeuroData\20250321\Clay_MT_21Mar2025_3DMotionStim_MUA_TInfo.mat,P:\Clay\NeuroData\20250321\Clay_MT_21Mar2025_3DMotionStim_MUA_SelIndex.mat,C:\Users\zzhu329\Documents\GitHub\EM-3DMotion\Microsac\population_results_inventory\189_Clay_MT_21Mar2025_3DMotionStim_MUA,Ready,Resolved without analysis because DryRun is true.,NaN,NaN,NaN,0
190,26-Mar-2025,Clay,FST,P:\Clay\NeuroData\20250326\,P:\Clay\NeuroData\20250326\Clay_FST_26Mar2025_3DMotionStim_MUA_TInfo.mat,P:\Clay\NeuroData\20250326\Clay_FST_26Mar2025_3DMotionStim_MUA_SelIndex.mat,C:\Users\zzhu329\Documents\GitHub\EM-3DMotion\Microsac\population_results_inventory\190_Clay_FST_26Mar2025_3DMotionStim_MUA,Ready,Resolved without analysis because DryRun is true.,NaN,NaN,NaN,0
191,27-Mar-2025,Clay,FST,P:\Clay\NeuroData\20250327\,P:\Clay\NeuroData\20250327\Clay_FST_27Mar2025_3DMotionStim_MUA_TInfo.mat,P:\Clay\NeuroData\20250327\Clay_FST_27Mar2025_3DMotionStim_MUA_SelIndex.mat,C:\Users\zzhu329\Documents\GitHub\EM-3DMotion\Microsac\population_results_inventory\191_Clay_FST_27Mar2025_3DMotionStim_MUA,Ready,Resolved without analysis because DryRun is true.,NaN,NaN,NaN,0
192,09-Apr-2025,Clay,FST,P:\Clay\NeuroData\20250409\,P:\Clay\NeuroData\20250409\Clay_FST_09Apr2025_3DMotionStim_MUA_TInfo.mat,P:\Clay\NeuroData\20250409\Clay_FST_09Apr2025_3DMotionStim_MUA_SelIndex.mat,C:\Users\zzhu329\Documents\GitHub\EM-3DMotion\Microsac\population_results_inventory\192_Clay_FST_09Apr2025_3DMotionStim_MUA,Ready,Resolved without analysis because DryRun is true.,NaN,NaN,NaN,0
193,10-Apr-2025,Clay,FST,P:\Clay\NeuroData\20250410\,P:\Clay\NeuroData\20250410\Clay_FST_10Apr2025_3DMotionStim_MUA_TInfo.mat,P:\Clay\NeuroData\20250410\Clay_FST_10Apr2025_3DMotionStim_MUA_SelIndex.mat,C:\Users\zzhu329\Documents\GitHub\EM-3DMotion\Microsac\population_results_inventory\193_Clay_FST_10Apr2025_3DMotionStim_MUA,Ready,Resolved without analysis because DryRun is true.,NaN,NaN,NaN,0
194,11-Apr-2025,Clay,MT,P:\Clay\NeuroData\20250411\,P:\Clay\NeuroData\20250411\Clay_MT_11Apr2025_3DMotionStim_MUA_TInfo.mat,P:\Clay\NeuroData\20250411\Clay_MT_11Apr2025_3DMotionStim_MUA_SelIndex.mat,C:\Users\zzhu329\Documents\GitHub\EM-3DMotion\Microsac\population_results_inventory\194_Clay_MT_11Apr2025_3DMotionStim_MUA,Ready,Resolved without analysis because DryRun is true.,NaN,NaN,NaN,0
195,16-Apr-2025,Clay,FST,P:\Clay\NeuroData\20250416\,P:\Clay\NeuroData\20250416\Clay_FST_16Apr2025_3DMotionStim_MUA_TInfo.mat,P:\Clay\NeuroData\20250416\Clay_FST_16Apr2025_3DMotionStim_MUA_SelIndex.mat,C:\Users\zzhu329\Documents\GitHub\EM-3DMotion\Microsac\population_results_inventory\195_Clay_FST_16Apr2025_3DMotionStim_MUA,Ready,Resolved without analysis because DryRun is true.,NaN,NaN,NaN,0
196,17-Apr-2025,Clay,FST,P:\Clay\NeuroData\20250417\,P:\Clay\NeuroData\20250417\Clay_FST_17Apr2025_3DMotionStim_MUA_TInfo.mat,P:\Clay\NeuroData\20250417\Clay_FST_17Apr2025_3DMotionStim_MUA_SelIndex.mat,C:\Users\zzhu329\Documents\GitHub\EM-3DMotion\Microsac\population_results_inventory\196_Clay_FST_17Apr2025_3DMotionStim_MUA,Ready,Resolved without analysis because DryRun is true.,NaN,NaN,NaN,0
197,18-Apr-2025,Clay,MT,P:\Clay\NeuroData\20250418\,P:\Clay\NeuroData\20250418\Clay_MT_18Apr2025_3DMotionStim_MUA_TInfo.mat,P:\Clay\NeuroData\20250418\Clay_MT_18Apr2025_3DMotionStim_MUA_SelIndex.mat,C:\Users\zzhu329\Documents\GitHub\EM-3DMotion\Microsac\population_results_inventory\197_Clay_MT_18Apr2025_3DMotionStim_MUA,Ready,Resolved without analysis because DryRun is true.,NaN,NaN,NaN,0
198,24-Apr-2025,Clay,MT,P:\Clay\NeuroData\20250424\,P:\Clay\NeuroData\20250424\Clay_MT_24Apr2025_3DMotionStim_MUA_TInfo.mat,P:\Clay\NeuroData\20250424\Clay_MT_24Apr2025_3DMotionStim_MUA_SelIndex.mat,C:\Users\zzhu329\Documents\GitHub\EM-3DMotion\Microsac\population_results_inventory\198_Clay_MT_24Apr2025_3DMotionStim_MUA,Ready,Resolved without analysis because DryRun is true.,NaN,NaN,NaN,0
199,25-Apr-2025,Clay,FST,P:\Clay\NeuroData\20250425\,P:\Clay\NeuroData\20250425\Clay_FST_25Apr2025_3DMotionStim_MUA_TInfo.mat,P:\Clay\NeuroData\20250425\Clay_FST_25Apr2025_3DMotionStim_MUA_SelIndex.mat,C:\Users\zzhu329\Documents\GitHub\EM-3DMotion\Microsac\population_results_inventory\199_Clay_FST_25Apr2025_3DMotionStim_MUA,Ready,Resolved without analysis because DryRun is true.,NaN,NaN,NaN,0
200,02-May-2025,Clay,FST,P:\Clay\NeuroData\20250502\,P:\Clay\NeuroData\20250502\Clay_FST_02May2025_3DMotionStim_MUA_TInfo.mat,P:\Clay\NeuroData\20250502\Clay_FST_02May2025_3DMotionStim_MUA_SelIndex.mat,C:\Users\zzhu329\Documents\GitHub\EM-3DMotion\Microsac\population_results_inventory\200_Clay_FST_02May2025_3DMotionStim_MUA,Ready,Resolved without analysis because DryRun is true.,NaN,NaN,NaN,0
201,07-May-2025,Clay,FST,P:\Clay\NeuroData\20250507\,P:\Clay\NeuroData\20250507\Clay_FST_07May2025_3DMotionStim_MUA_TInfo.mat,P:\Clay\NeuroData\20250507\Clay_FST_07May2025_3DMotionStim_MUA_SelIndex.mat,C:\Users\zzhu329\Documents\GitHub\EM-3DMotion\Microsac\population_results_inventory\201_Clay_FST_07May2025_3DMotionStim_MUA,Ready,Resolved without analysis because DryRun is true.,NaN,NaN,NaN,0
202,08-May-2025,Clay,MT,P:\Clay\NeuroData\20250508\,P:\Clay\NeuroData\20250508\Clay_MT_08May2025_3DMotionStim_MUA_TInfo.mat,P:\Clay\NeuroData\20250508\Clay_MT_08May2025_3DMotionStim_MUA_SelIndex.mat,C:\Users\zzhu329\Documents\GitHub\EM-3DMotion\Microsac\population_results_inventory\202_Clay_MT_08May2025_3DMotionStim_MUA,Ready,Resolved without analysis because DryRun is true.,NaN,NaN,NaN,0
203,09-May-2025,Clay,MT,P:\Clay\NeuroData\20250509\,P:\Clay\NeuroData\20250509\Clay_MT_09May2025_3DMotionStim_MUA_TInfo.mat,P:\Clay\NeuroData\20250509\Clay_MT_09May2025_3DMotionStim_MUA_SelIndex.mat,C:\Users\zzhu329\Documents\GitHub\EM-3DMotion\Microsac\population_results_inventory\203_Clay_MT_09May2025_3DMotionStim_MUA,Ready,Resolved without analysis because DryRun is true.,NaN,NaN,NaN,0
204,13-May-2025,Clay,FST,P:\Clay\NeuroData\20250513\,P:\Clay\NeuroData\20250513\Clay_FST_13May2025_3DMotionStim_MUA_TInfo.mat,P:\Clay\NeuroData\20250513\Clay_FST_13May2025_3DMotionStim_MUA_SelIndex.mat,C:\Users\zzhu329\Documents\GitHub\EM-3DMotion\Microsac\population_results_inventory\204_Clay_FST_13May2025_3DMotionStim_MUA,Ready,Resolved without analysis because DryRun is true.,NaN,NaN,NaN,0
205,14-May-2025,Clay,MT,P:\Clay\NeuroData\20250514\,P:\Clay\NeuroData\20250514\Clay_MT_14May2025_3DMotionStim_MUA_TInfo.mat,P:\Clay\NeuroData\20250514\Clay_MT_14May2025_3DMotionStim_MUA_SelIndex.mat,C:\Users\zzhu329\Documents\GitHub\EM-3DMotion\Microsac\population_results_inventory\205_Clay_MT_14May2025_3DMotionStim_MUA,Ready,Resolved without analysis because DryRun is true.,NaN,NaN,NaN,0
206,15-May-2025,Clay,FST,P:\Clay\NeuroData\20250515\,P:\Clay\NeuroData\20250515\Clay_FST_15May2025_3DMotionStim_MUA_TInfo.mat,P:\Clay\NeuroData\20250515\Clay_FST_15May2025_3DMotionStim_MUA_SelIndex.mat,C:\Users\zzhu329\Documents\GitHub\EM-3DMotion\Microsac\population_results_inventory\206_Clay_FST_15May2025_3DMotionStim_MUA,Ready,Resolved without analysis because DryRun is true.,NaN,NaN,NaN,0
207,16-May-2025,Clay,FST,P:\Clay\NeuroData\20250516\,P:\Clay\NeuroData\20250516\Clay_FST_16May2025_3DMotionStim_MUA_TInfo.mat,P:\Clay\NeuroData\20250516\Clay_FST_16May2025_3DMotionStim_MUA_SelIndex.mat,C:\Users\zzhu329\Documents\GitHub\EM-3DMotion\Microsac\population_results_inventory\207_Clay_FST_16May2025_3DMotionStim_MUA,Ready,Resolved without analysis because DryRun is true.,NaN,NaN,NaN,0
208,27-May-2025,Clay,FST,P:\Clay\NeuroData\20250527\,P:\Clay\NeuroData\20250527\Clay_FST_27May2025_3DMotionStim_MUA_TInfo.mat,P:\Clay\NeuroData\20250527\Clay_FST_27May2025_3DMotionStim_MUA_SelIndex.mat,C:\Users\zzhu329\Documents\GitHub\EM-3DMotion\Microsac\population_results_inventory\208_Clay_FST_27May2025_3DMotionStim_MUA,Ready,Resolved without analysis because DryRun is true.,NaN,NaN,NaN,0
209,28-May-2025,Clay,MT,P:\Clay\NeuroData\20250528\,P:\Clay\NeuroData\20250528\Clay_MT_28May2025_3DMotionStim_MUA_TInfo.mat,P:\Clay\NeuroData\20250528\Clay_MT_28May2025_3DMotionStim_MUA_SelIndex.mat,C:\Users\zzhu329\Documents\GitHub\EM-3DMotion\Microsac\population_results_inventory\209_Clay_MT_28May2025_3DMotionStim_MUA,Ready,Resolved without analysis because DryRun is true.,NaN,NaN,NaN,0
210,29-May-2025,Clay,FST,P:\Clay\NeuroData\20250529\,P:\Clay\NeuroData\20250529\Clay_FST_29May2025_3DMotionStim_MUA_TInfo.mat,P:\Clay\NeuroData\20250529\Clay_FST_29May2025_3DMotionStim_MUA_SelIndex.mat,C:\Users\zzhu329\Documents\GitHub\EM-3DMotion\Microsac\population_results_inventory\210_Clay_FST_29May2025_3DMotionStim_MUA,Ready,Resolved without analysis because DryRun is true.,NaN,NaN,NaN,0
211,24-Jun-2025,Clay,FST,P:\Clay\NeuroData\20250624\,P:\Clay\NeuroData\20250624\Clay_FST_24Jun2025_3DMotionStim_MUA_TInfo.mat,P:\Clay\NeuroData\20250624\Clay_FST_24Jun2025_3DMotionStim_MUA_SelIndex.mat,C:\Users\zzhu329\Documents\GitHub\EM-3DMotion\Microsac\population_results_inventory\211_Clay_FST_24Jun2025_3DMotionStim_MUA,Ready,Resolved without analysis because DryRun is true.,NaN,NaN,NaN,0
212,25-Jun-2025,Clay,MT,P:\Clay\NeuroData\20250625\,P:\Clay\NeuroData\20250625\Clay_MT_25Jun2025_3DMotionStim_MUA_TInfo.mat,P:\Clay\NeuroData\20250625\Clay_MT_25Jun2025_3DMotionStim_MUA_SelIndex.mat,C:\Users\zzhu329\Documents\GitHub\EM-3DMotion\Microsac\population_results_inventory\212_Clay_MT_25Jun2025_3DMotionStim_MUA,Ready,Resolved without analysis because DryRun is true.,NaN,NaN,NaN,0
213,17-Jul-2025,Clay,MT,P:\Clay\NeuroData\20250717\,P:\Clay\NeuroData\20250717\Clay_MT_17Jul2025_3DMotionStim_MUA_TInfo.mat,P:\Clay\NeuroData\20250717\Clay_MT_17Jul2025_3DMotionStim_MUA_SelIndex.mat,C:\Users\zzhu329\Documents\GitHub\EM-3DMotion\Microsac\population_results_inventory\213_Clay_MT_17Jul2025_3DMotionStim_MUA,Ready,Resolved without analysis because DryRun is true.,NaN,NaN,NaN,0
214,30-Jul-2025,Clay,MT,P:\Clay\NeuroData\20250730\,P:\Clay\NeuroData\20250730\Clay_MT_30Jul2025_3DMotionStim_MUA_TInfo.mat,P:\Clay\NeuroData\20250730\Clay_MT_30Jul2025_3DMotionStim_MUA_SelIndex.mat,C:\Users\zzhu329\Documents\GitHub\EM-3DMotion\Microsac\population_results_inventory\214_Clay_MT_30Jul2025_3DMotionStim_MUA,Ready,Resolved without analysis because DryRun is true.,NaN,NaN,NaN,0
215,05-Aug-2025,Clay,FST,P:\Clay\NeuroData\20250805\,P:\Clay\NeuroData\20250805\Clay_FST_05Aug2025_3DMotionStim_MUA_TInfo.mat,P:\Clay\NeuroData\20250805\Clay_FST_05Aug2025_3DMotionStim_MUA_SelIndex.mat,C:\Users\zzhu329\Documents\GitHub\EM-3DMotion\Microsac\population_results_inventory\215_Clay_FST_05Aug2025_3DMotionStim_MUA,Ready,Resolved without analysis because DryRun is true.,NaN,NaN,NaN,0
216,07-Aug-2025,Clay,MT,P:\Clay\NeuroData\20250807\,P:\Clay\NeuroData\20250807\Clay_MT_07Aug2025_3DMotionStim_MUA_TInfo.mat,P:\Clay\NeuroData\20250807\Clay_MT_07Aug2025_3DMotionStim_MUA_SelIndex.mat,C:\Users\zzhu329\Documents\GitHub\EM-3DMotion\Microsac\population_results_inventory\216_Clay_MT_07Aug2025_3DMotionStim_MUA,Ready,Resolved without analysis because DryRun is true.,NaN,NaN,NaN,0
217,08-Aug-2025,Clay,FST,P:\Clay\NeuroData\20250808\,P:\Clay\NeuroData\20250808\Clay_FST_08Aug2025_3DMotionStim_MUA_TInfo.mat,P:\Clay\NeuroData\20250808\Clay_FST_08Aug2025_3DMotionStim_MUA_SelIndex.mat,C:\Users\zzhu329\Documents\GitHub\EM-3DMotion\Microsac\population_results_inventory\217_Clay_FST_08Aug2025_3DMotionStim_MUA,Ready,Resolved without analysis because DryRun is true.,NaN,NaN,NaN,0
218,12-Aug-2025,Clay,MT,P:\Clay\NeuroData\20250812\,P:\Clay\NeuroData\20250812\Clay_MT_12Aug2025_3DMotionStim_MUA_TInfo.mat,P:\Clay\NeuroData\20250812\Clay_MT_12Aug2025_3DMotionStim_MUA_SelIndex.mat,C:\Users\zzhu329\Documents\GitHub\EM-3DMotion\Microsac\population_results_inventory\218_Clay_MT_12Aug2025_3DMotionStim_MUA,Ready,Resolved without analysis because DryRun is true.,NaN,NaN,NaN,0
219,14-Aug-2025,Clay,FST,P:\Clay\NeuroData\20250814\,P:\Clay\NeuroData\20250814\Clay_FST_14Aug2025_3DMotionStim_MUA_TInfo.mat,P:\Clay\NeuroData\20250814\Clay_FST_14Aug2025_3DMotionStim_MUA_SelIndex.mat,C:\Users\zzhu329\Documents\GitHub\EM-3DMotion\Microsac\population_results_inventory\219_Clay_FST_14Aug2025_3DMotionStim_MUA,Ready,Resolved without analysis because DryRun is true.,NaN,NaN,NaN,0
220,21-Aug-2025,Clay,FST,P:\Clay\NeuroData\20250821\,P:\Clay\NeuroData\20250821\Clay_FST_21Aug2025_3DMotionStim_MUA_TInfo.mat,P:\Clay\NeuroData\20250821\Clay_FST_21Aug2025_3DMotionStim_MUA_SelIndex.mat,C:\Users\zzhu329\Documents\GitHub\EM-3DMotion\Microsac\population_results_inventory\220_Clay_FST_21Aug2025_3DMotionStim_MUA,Ready,Resolved without analysis because DryRun is true.,NaN,NaN,NaN,0
221,02-Sep-2025,Clay,FST,P:\Clay\NeuroData\20250902\,P:\Clay\NeuroData\20250902\Clay_FST_02Sep2025_3DMotionStim_MUA_TInfo.mat,P:\Clay\NeuroData\20250902\Clay_FST_02Sep2025_3DMotionStim_MUA_SelIndex.mat,C:\Users\zzhu329\Documents\GitHub\EM-3DMotion\Microsac\population_results_inventory\221_Clay_FST_02Sep2025_3DMotionStim_MUA,Ready,Resolved without analysis because DryRun is true.,NaN,NaN,NaN,0
222,04-Sep-2025,Clay,MT,P:\Clay\NeuroData\20250904\,P:\Clay\NeuroData\20250904\Clay_MT_04Sep2025_3DMotionStim_MUA_TInfo.mat,P:\Clay\NeuroData\20250904\Clay_MT_04Sep2025_3DMotionStim_MUA_SelIndex.mat,C:\Users\zzhu329\Documents\GitHub\EM-3DMotion\Microsac\population_results_inventory\222_Clay_MT_04Sep2025_3DMotionStim_MUA,Ready,Resolved without analysis because DryRun is true.,NaN,NaN,NaN,0
223,09-Sep-2025,Clay,MT,P:\Clay\NeuroData\20250909\,P:\Clay\NeuroData\20250909\Clay_MT_09Sep2025_3DMotionStim_MUA_TInfo.mat,P:\Clay\NeuroData\20250909\Clay_MT_09Sep2025_3DMotionStim_MUA_SelIndex.mat,C:\Users\zzhu329\Documents\GitHub\EM-3DMotion\Microsac\population_results_inventory\223_Clay_MT_09Sep2025_3DMotionStim_MUA,Ready,Resolved without analysis because DryRun is true.,NaN,NaN,NaN,0
224,11-Sep-2025,Clay,FST,P:\Clay\NeuroData\20250911\,P:\Clay\NeuroData\20250911\Clay_FST_11Sep2025_3DMotionStim_MUA_TInfo.mat,P:\Clay\NeuroData\20250911\Clay_FST_11Sep2025_3DMotionStim_MUA_SelIndex.mat,C:\Users\zzhu329\Documents\GitHub\EM-3DMotion\Microsac\population_results_inventory\224_Clay_FST_11Sep2025_3DMotionStim_MUA,Ready,Resolved without analysis because DryRun is true.,NaN,NaN,NaN,0
225,12-Sep-2025,Clay,MT,P:\Clay\NeuroData\20250912\,P:\Clay\NeuroData\20250912\Clay_MT_12Sep2025_3DMotionStim_MUA_TInfo.mat,P:\Clay\NeuroData\20250912\Clay_MT_12Sep2025_3DMotionStim_MUA_SelIndex.mat,C:\Users\zzhu329\Documents\GitHub\EM-3DMotion\Microsac\population_results_inventory\225_Clay_MT_12Sep2025_3DMotionStim_MUA,Ready,Resolved without analysis because DryRun is true.,NaN,NaN,NaN,0
226,19-Sep-2025,Clay,FST,P:\Clay\NeuroData\20250919\,P:\Clay\NeuroData\20250919\Clay_FST_19Sep2025_3DMotionStim_MUA_TInfo.mat,P:\Clay\NeuroData\20250919\Clay_FST_19Sep2025_3DMotionStim_MUA_SelIndex.mat,C:\Users\zzhu329\Documents\GitHub\EM-3DMotion\Microsac\population_results_inventory\226_Clay_FST_19Sep2025_3DMotionStim_MUA,Ready,Resolved without analysis because DryRun is true.,NaN,NaN,NaN,0
227,30-Sep-2025,Clay,FST,P:\Clay\NeuroData\20250930\,P:\Clay\NeuroData\20250930\Clay_FST_30Sep2025_3DMotionStim_MUA_TInfo.mat,P:\Clay\NeuroData\20250930\Clay_FST_30Sep2025_3DMotionStim_MUA_SelIndex.mat,C:\Users\zzhu329\Documents\GitHub\EM-3DMotion\Microsac\population_results_inventory\227_Clay_FST_30Sep2025_3DMotionStim_MUA,Ready,Resolved without analysis because DryRun is true.,NaN,NaN,NaN,0
228,01-Oct-2025,Clay,FST,P:\Clay\NeuroData\20251001\,P:\Clay\NeuroData\20251001\Clay_FST_01Oct2025_3DMotionStim_MUA_TInfo.mat,P:\Clay\NeuroData\20251001\Clay_FST_01Oct2025_3DMotionStim_MUA_SelIndex.mat,C:\Users\zzhu329\Documents\GitHub\EM-3DMotion\Microsac\population_results_inventory\228_Clay_FST_01Oct2025_3DMotionStim_MUA,Ready,Resolved without analysis because DryRun is true.,NaN,NaN,NaN,0
229,03-Oct-2025,Clay,FST,P:\Clay\NeuroData\20251003\,P:\Clay\NeuroData\20251003\Clay_FST_03Oct2025_3DMotionStim_MUA_TInfo.mat,P:\Clay\NeuroData\20251003\Clay_FST_03Oct2025_3DMotionStim_MUA_SelIndex.mat,C:\Users\zzhu329\Documents\GitHub\EM-3DMotion\Microsac\population_results_inventory\229_Clay_FST_03Oct2025_3DMotionStim_MUA,Ready,Resolved without analysis because DryRun is true.,NaN,NaN,NaN,0
230,08-Oct-2025,Clay,MT,P:\Clay\NeuroData\20251008\,P:\Clay\NeuroData\20251008\Clay_MT_08Oct2025_3DMotionStim_MUA_TInfo.mat,P:\Clay\NeuroData\20251008\Clay_MT_08Oct2025_3DMotionStim_MUA_SelIndex.mat,C:\Users\zzhu329\Documents\GitHub\EM-3DMotion\Microsac\population_results_inventory\230_Clay_MT_08Oct2025_3DMotionStim_MUA,Ready,Resolved without analysis because DryRun is true.,NaN,NaN,NaN,0
231,10-Oct-2025,Clay,FST,P:\Clay\NeuroData\20251010\,P:\Clay\NeuroData\20251010\Clay_FST_10Oct2025_3DMotionStim_MUA_TInfo.mat,P:\Clay\NeuroData\20251010\Clay_FST_10Oct2025_3DMotionStim_MUA_SelIndex.mat,C:\Users\zzhu329\Documents\GitHub\EM-3DMotion\Microsac\population_results_inventory\231_Clay_FST_10Oct2025_3DMotionStim_MUA,Ready,Resolved without analysis because DryRun is true.,NaN,NaN,NaN,0
232,14-Oct-2025,Clay,FST,P:\Clay\NeuroData\20251014\,P:\Clay\NeuroData\20251014\Clay_FST_114Oct2025_3DMotionStim_MUA_TInfo.mat,P:\Clay\NeuroData\20251014\Clay_FST_114Oct2025_3DMotionStim_MUA_SelIndex.mat,C:\Users\zzhu329\Documents\GitHub\EM-3DMotion\Microsac\population_results_inventory\232_Clay_FST_114Oct2025_3DMotionStim_MUA,Ready,Resolved without analysis because DryRun is true.,NaN,NaN,NaN,0
233,22-Oct-2025,Clay,FST,P:\Clay\NeuroData\20251022\,P:\Clay\NeuroData\20251022\Clay_FST_22Oct2025_3DMotionStim_MUA_TInfo.mat,P:\Clay\NeuroData\20251022\Clay_FST_22Oct2025_3DMotionStim_MUA_SelIndex.mat,C:\Users\zzhu329\Documents\GitHub\EM-3DMotion\Microsac\population_results_inventory\233_Clay_FST_22Oct2025_3DMotionStim_MUA,Ready,Resolved without analysis because DryRun is true.,NaN,NaN,NaN,0
234,24-Oct-2025,Clay,FST,P:\Clay\NeuroData\20251024\,P:\Clay\NeuroData\20251024\Clay_FST_24Oct2025_3DMotionStim_MUA_TInfo.mat,P:\Clay\NeuroData\20251024\Clay_FST_24Oct2025_3DMotionStim_MUA_SelIndex.mat,C:\Users\zzhu329\Documents\GitHub\EM-3DMotion\Microsac\population_results_inventory\234_Clay_FST_24Oct2025_3DMotionStim_MUA,Ready,Resolved without analysis because DryRun is true.,NaN,NaN,NaN,0
235,29-Oct-2025,Clay,FST,P:\Clay\NeuroData\20251029\,P:\Clay\NeuroData\20251029\Clay_FST_29Oct2025_3DMotionStim_MUA_TInfo.mat,P:\Clay\NeuroData\20251029\Clay_FST_29Oct2025_3DMotionStim_MUA_SelIndex.mat,C:\Users\zzhu329\Documents\GitHub\EM-3DMotion\Microsac\population_results_inventory\235_Clay_FST_29Oct2025_3DMotionStim_MUA,Ready,Resolved without analysis because DryRun is true.,NaN,NaN,NaN,0
236,31-Oct-2025,Clay,FST,P:\Clay\NeuroData\20251031\,P:\Clay\NeuroData\20251031\Clay_FST_31Oct2025_3DMotionStim_MUA_TInfo.mat,P:\Clay\NeuroData\20251031\Clay_FST_31Oct2025_3DMotionStim_MUA_SelIndex.mat,C:\Users\zzhu329\Documents\GitHub\EM-3DMotion\Microsac\population_results_inventory\236_Clay_FST_31Oct2025_3DMotionStim_MUA,Ready,Resolved without analysis because DryRun is true.,NaN,NaN,NaN,0
237,12-Nov-2025,Clay,FST,P:\Clay\NeuroData\20251112\,P:\Clay\NeuroData\20251112\Clay_FST_12Nov2025_3DMotionStim_MUA_TInfo.mat,P:\Clay\NeuroData\20251112\Clay_FST_12Nov2025_3DMotionStim_MUA_SelIndex.mat,C:\Users\zzhu329\Documents\GitHub\EM-3DMotion\Microsac\population_results_inventory\237_Clay_FST_12Nov2025_3DMotionStim_MUA,Ready,Resolved without analysis because DryRun is true.,NaN,NaN,NaN,0
238,03-Dec-2025,Clay,FST,P:\Clay\NeuroData\20251203\,P:\Clay\NeuroData\20251203\Clay_FST_03Dec2025_3DMotionStim_MUA_TInfo.mat,P:\Clay\NeuroData\20251203\Clay_FST_03Dec2025_3DMotionStim_MUA_SelIndex.mat,C:\Users\zzhu329\Documents\GitHub\EM-3DMotion\Microsac\population_results_inventory\238_Clay_FST_03Dec2025_3DMotionStim_MUA,Ready,Resolved without analysis because DryRun is true.,NaN,NaN,NaN,0
239,05-Dec-2025,Clay,FST,P:\Clay\NeuroData\20251205\,P:\Clay\NeuroData\20251205\Clay_FST_05Dec2025_3DMotionStim_MUA_TInfo.mat,P:\Clay\NeuroData\20251205\Clay_FST_05Dec2025_3DMotionStim_MUA_SelIndex.mat,C:\Users\zzhu329\Documents\GitHub\EM-3DMotion\Microsac\population_results_inventory\239_Clay_FST_05Dec2025_3DMotionStim_MUA,Ready,Resolved without analysis because DryRun is true.,NaN,NaN,NaN,0
240,10-Dec-2025,Clay,MT,P:\Clay\NeuroData\20251210\,P:\Clay\NeuroData\20251210\Clay_MT_10Dec2025_3DMotionStim_MUA_TInfo.mat,P:\Clay\NeuroData\20251210\Clay_MT_10Dec2025_3DMotionStim_MUA_SelIndex.mat,C:\Users\zzhu329\Documents\GitHub\EM-3DMotion\Microsac\population_results_inventory\240_Clay_MT_10Dec2025_3DMotionStim_MUA,Ready,Resolved without analysis because DryRun is true.,NaN,NaN,NaN,0
241,12-Dec-2025,Clay,FST,P:\Clay\NeuroData\20251212\,P:\Clay\NeuroData\20251212\Clay_FST_12Dec2025_3DMotionStim_MUA_TInfo.mat,P:\Clay\NeuroData\20251212\Clay_FST_12Dec2025_3DMotionStim_MUA_SelIndex.mat,C:\Users\zzhu329\Documents\GitHub\EM-3DMotion\Microsac\population_results_inventory\241_Clay_FST_12Dec2025_3DMotionStim_MUA,Ready,Resolved without analysis because DryRun is true.,NaN,NaN,NaN,0
242,17-Dec-2025,Clay,FST,P:\Clay\NeuroData\20251217\,P:\Clay\NeuroData\20251217\Clay_FST_17Dec2025_3DMotionStim_MUA_TInfo.mat,P:\Clay\NeuroData\20251217\Clay_FST_17Dec2025_3DMotionStim_MUA_SelIndex.mat,C:\Users\zzhu329\Documents\GitHub\EM-3DMotion\Microsac\population_results_inventory\242_Clay_FST_17Dec2025_3DMotionStim_MUA,Ready,Resolved without analysis because DryRun is true.,NaN,NaN,NaN,0
243,19-Dec-2025,Clay,FST,P:\Clay\NeuroData\20251219\,P:\Clay\NeuroData\20251219\Clay_FST_19Dec2025_3DMotionStim_MUA_TInfo.mat,P:\Clay\NeuroData\20251219\Clay_FST_19Dec2025_3DMotionStim_MUA_SelIndex.mat,C:\Users\zzhu329\Documents\GitHub\EM-3DMotion\Microsac\population_results_inventory\243_Clay_FST_19Dec2025_3DMotionStim_MUA,Ready,Resolved without analysis because DryRun is true.,NaN,NaN,NaN,0
244,06-Jan-2026,Clay,FST,P:\Clay\NeuroData\20260106\,P:\Clay\NeuroData\20260106\Clay_FST_06Jan2026_3DMotionStim_MUA_TInfo.mat,P:\Clay\NeuroData\20260106\Clay_FST_06Jan2026_3DMotionStim_MUA_SelIndex.mat,C:\Users\zzhu329\Documents\GitHub\EM-3DMotion\Microsac\population_results_inventory\244_Clay_FST_06Jan2026_3DMotionStim_MUA,Ready,Resolved without analysis because DryRun is true.,NaN,NaN,NaN,0
245,08-Jan-2026,Clay,FST,P:\Clay\NeuroData\20260108\,P:\Clay\NeuroData\20260108\Clay_FST_08Jan2026_3DMotionStim_MUA_TInfo.mat,P:\Clay\NeuroData\20260108\Clay_FST_08Jan2026_3DMotionStim_MUA_SelIndex.mat,C:\Users\zzhu329\Documents\GitHub\EM-3DMotion\Microsac\population_results_inventory\245_Clay_FST_08Jan2026_3DMotionStim_MUA,Ready,Resolved without analysis because DryRun is true.,NaN,NaN,NaN,0
246,13-Jan-2026,Clay,FST,P:\Clay\NeuroData\20260113\,P:\Clay\NeuroData\20260113\Clay_FST_13Jan2026_3DMotionStim_MUA_TInfo.mat,P:\Clay\NeuroData\20260113\Clay_FST_13Jan2026_3DMotionStim_MUA_SelIndex.mat,C:\Users\zzhu329\Documents\GitHub\EM-3DMotion\Microsac\population_results_inventory\246_Clay_FST_13Jan2026_3DMotionStim_MUA,Ready,Resolved without analysis because DryRun is true.,NaN,NaN,NaN,0
247,15-Jan-2026,Clay,MT,P:\Clay\NeuroData\20260115\,P:\Clay\NeuroData\20260115\Clay_MT_15Jan2026_3DMotionStim_MUA_TInfo.mat,P:\Clay\NeuroData\20260115\Clay_MT_15Jan2026_3DMotionStim_MUA_SelIndex.mat,C:\Users\zzhu329\Documents\GitHub\EM-3DMotion\Microsac\population_results_inventory\247_Clay_MT_15Jan2026_3DMotionStim_MUA,Ready,Resolved without analysis because DryRun is true.,NaN,NaN,NaN,0
248,21-Jan-2026,Clay,FST,P:\Clay\NeuroData\20260121\,P:\Clay\NeuroData\20260121\Clay_FST_21Jan2026_3DMotionStim_MUA_TInfo.mat,P:\Clay\NeuroData\20260121\Clay_FST_21Jan2026_3DMotionStim_MUA_SelIndex.mat,C:\Users\zzhu329\Documents\GitHub\EM-3DMotion\Microsac\population_results_inventory\248_Clay_FST_21Jan2026_3DMotionStim_MUA,Ready,Resolved without analysis because DryRun is true.,NaN,NaN,NaN,0
249,23-Jan-2026,Clay,FST,P:\Clay\NeuroData\20260123\,P:\Clay\NeuroData\20260123\Clay_FST_23Jan2026_3DMotionStim_MUA_TInfo.mat,P:\Clay\NeuroData\20260123\Clay_FST_23Jan2026_3DMotionStim_MUA_SelIndex.mat,C:\Users\zzhu329\Documents\GitHub\EM-3DMotion\Microsac\population_results_inventory\249_Clay_FST_23Jan2026_3DMotionStim_MUA,Ready,Resolved without analysis because DryRun is true.,NaN,NaN,NaN,0
250,27-Jan-2026,Clay,MT,P:\Clay\NeuroData\20260127\,P:\Clay\NeuroData\20260127\Clay_MT_27Jan2026_3DMotionStim_MUA_TInfo.mat,P:\Clay\NeuroData\20260127\Clay_MT_27Jan2026_3DMotionStim_MUA_SelIndex.mat,C:\Users\zzhu329\Documents\GitHub\EM-3DMotion\Microsac\population_results_inventory\250_Clay_MT_27Jan2026_3DMotionStim_MUA,Ready,Resolved without analysis because DryRun is true.,NaN,NaN,NaN,0
251,29-Jan-2026,Clay,FST,P:\Clay\NeuroData\20260129\,P:\Clay\NeuroData\20260129\Clay_FST_29Jan2026_3DMotionStim_MUA_TInfo.mat,P:\Clay\NeuroData\20260129\Clay_FST_29Jan2026_3DMotionStim_MUA_SelIndex.mat,C:\Users\zzhu329\Documents\GitHub\EM-3DMotion\Microsac\population_results_inventory\251_Clay_FST_29Jan2026_3DMotionStim_MUA,Ready,Resolved without analysis because DryRun is true.,NaN,NaN,NaN,0
252,03-Feb-2026,Clay,FST,P:\Clay\NeuroData\20260203\,P:\Clay\NeuroData\20260203\Clay_FST_03Feb2026_3DMotionStim_MUA_TInfo.mat,P:\Clay\NeuroData\20260203\Clay_FST_03Feb2026_3DMotionStim_MUA_SelIndex.mat,C:\Users\zzhu329\Documents\GitHub\EM-3DMotion\Microsac\population_results_inventory\252_Clay_FST_03Feb2026_3DMotionStim_MUA,Ready,Resolved without analysis because DryRun is true.,NaN,NaN,NaN,0
253,10-Feb-2026,Clay,FST,P:\Clay\NeuroData\20260210\,P:\Clay\NeuroData\20260210\Clay_FST_10Feb2026_3DMotionStim_MUA_TInfo.mat,P:\Clay\NeuroData\20260210\Clay_FST_10Feb2026_3DMotionStim_MUA_SelIndex.mat,C:\Users\zzhu329\Documents\GitHub\EM-3DMotion\Microsac\population_results_inventory\253_Clay_FST_10Feb2026_3DMotionStim_MUA,Ready,Resolved without analysis because DryRun is true.,NaN,NaN,NaN,0
254,12-Feb-2026,Clay,FST,P:\Clay\NeuroData\20260212\,P:\Clay\NeuroData\20260212\Clay_FST_12Feb2026_3DMotionStim_MUA_TInfo.mat,P:\Clay\NeuroData\20260212\Clay_FST_12Feb2026_3DMotionStim_MUA_SelIndex.mat,C:\Users\zzhu329\Documents\GitHub\EM-3DMotion\Microsac\population_results_inventory\254_Clay_FST_12Feb2026_3DMotionStim_MUA,Ready,Resolved without analysis because DryRun is true.,NaN,NaN,NaN,0
